purchase_id,review_date,product_option,review_text,rating,quantity
remi***,2025-11-30T02:35:36.215+00:00,상품선택: 러닝벨트 / 색상: 블랙 / 사이즈: M,매우 만족합니다. 핸드폰 무게 느껴지지 않을 정도로 편하네요..,5,1
7803***,2025-11-01T11:21:51.584+00:00,상품선택: 러닝벨트 / 색상: 블랙 / 사이즈: S,잘 쓰고 다니는데요. 달리다가 핸드폰이 한 번 탈출한 적이 있어요. 잘 넣은 거 같은데 왜 떨어졌는지 모르겠네요. 그래서 달리는 중간중간 잘 들어 있는지 체크하는 습관이 생겼습니다. 그래도 달리는 데 거슬리지 않고 자유롭게 움직일 수 있어서 참 좋아요. 잘 쓰겠습니다,4,1
hyek***,2025-11-28T08:56:54.076+00:00,상품선택: 러닝벨트 / 색상: 블랙 / 사이즈: S,짱짱하니 좋아요 굿,5,1
bdw8*****,2025-11-23T16:08:58.890+00:00,상품선택: 러닝벨트 / 색상: 블랙 / 사이즈: M,178에 64키로 m사이즈는 아주 쪼금 헐렁하지만 맞긴한데 s가 좋을듯합니다,5,1
jjsl****,2025-11-22T09:41:17.006+00:00,상품선택: 러닝벨트 / 색상: 블랙 / 사이즈: S,아주주주 만족만족 잘쓰고있음,5,1
lts1***,2025-11-05T06:14:59.508+00:00,상품선택: 러닝벨트 / 색상: 블랙 / 사이즈: M,"라지쓰다가 살이 빠졌는지 늘어났는지
조금 헐거워서 엠사이즈 다시 구매했어요",5,1
me****,2025-10-30T09:36:05.244+00:00,상품선택: 러닝벨트 / 색상: 블랙 / 사이즈: S,가볍게 쓰기 좋습니다! 사이즈는 잘 가져가야할 것 같네요,5,1
qweb****,2025-11-06T10:54:08.694+00:00,상품선택: 러닝벨트 / 색상: 블루 / 사이즈: S,엄청 짱짱하고 간단하게 착용하기 좋아요,5,1
jeon*****,2025-11-24T12:50:15.572+00:00,상품선택: 러닝벨트 / 색상: 블랙 / 사이즈: M,오 괜찮아요! 잘 쓰게 되용 ㅋㅋㅋ 편합니다,5,1
jh****,2025-11-08T14:28:43.691+00:00,상품선택: 러닝벨트 / 색상: 형광 / 사이즈: S,사용하기 편리하고 좋아요,5,1
cb****,2025-11-10T02:56:46.962+00:00,상품선택: 러닝벨트 / 색상: 블랙 / 사이즈: L,편하고 핸드폰 수납이 잘되요.,5,1
2924****,2025-10-18T00:54:05.817+00:00,상품선택: 러닝벨트 / 색상: 블랙 / 사이즈: S,"부담없이 이것저것 넣기에 좋아여!!
근데 차키 넣었을때는 뛰다가 빠지지 않을까..하는 걱정이 살짝 되긴 하더라구요^^
그래도 러닝 벨트중 가성비 최고!!",5,1
okho******,2025-11-21T23:26:19.770+00:00,상품선택: 러닝벨트 / 색상: 형광 / 사이즈: S,"가성비 최고
달리는 주변인에게 선물 계속하는중",5,3
okho******,2025-11-21T23:26:13.567+00:00,상품선택: 러닝벨트 / 색상: 형광 / 사이즈: S,"가성비 최고
달리는 주변인에게 선물 계속하는중",5,1
okho******,2025-11-21T23:26:05.687+00:00,상품선택: 러닝벨트 / 색상: 블랙 / 사이즈: M,"가성비 최고
달리는 주변인에게 선물 계속하는중",5,1
ohch***,2025-11-14T10:33:01.467+00:00,상품선택: 러닝벨트 / 색상: 블랙 / 사이즈: M,두번째  구매해서 계속 사용하고 있습니다. 밖으로 들어나지 않고 착용 시 핏이 좋습니다.,5,1
vivi****,2025-11-02T12:22:07.037+00:00,상품선택: 러닝벨트 / 색상: 블랙 / 사이즈: M,가성비굿굿편해요 사이즈는커요,5,1
over********,2025-11-24T02:58:57.255+00:00,상품선택: 러닝벨트 / 색상: 블랙 / 사이즈: M,편하고 착용감이 뛰어 납니다,5,1
park****,2025-10-31T02:41:25.929+00:00,상품선택: 러닝벨트 / 색상: 블랙 / 사이즈: S,쫀쫀하고 가볍고 맘에 들어요,5,1
pu****,2025-11-16T05:48:20.365+00:00,상품선택: 러닝벨트 / 색상: 블랙 / 사이즈: L,"음 잘 모르겠어요
벨트를 입는식이라 불편해요",3,1
wooj******,2025-11-09T13:18:42.195+00:00,상품선택: 러닝벨트 / 색상: 블랙 / 사이즈: S,너무 편하고 좋아요. 다만 제 폰이 작은데도 불구하고 막혀있는 곳 면적이.너무 적어요.,5,1
mair****,2025-10-27T12:20:39.423+00:00,상품선택: 러닝벨트 / 색상: 블랙 / 사이즈: S,"가격 대비 너무좋아요
러닝 아주 잘하고 잇습니다",5,1
tajo****,2025-11-14T10:15:58.036+00:00,상품선택: 러닝벨트 / 색상: 블랙 / 사이즈: S,"빠른배송과 쫀쫀하게 잡아줍니다.
재구매할 예정입니다",5,1
keke*****,2025-10-31T10:54:38.553+00:00,상품선택: 러닝벨트 / 색상: 블랙 / 사이즈: M,허리 32인데 m사이즈 좋네요,5,1
2457****,2025-10-28T06:49:50.259+00:00,상품선택: 러닝벨트 / 색상: 블랙 / 사이즈: L,편한데 조금 헐렁 배가 나와서 가방이 접혀요,5,1
99ea***,2025-10-26T01:05:46.904+00:00,상품선택: 러닝벨트 / 색상: 블루 / 사이즈: S,넘 쪼이네요 더 큰 사이즈를 샀어야..ㅜㅠ,1,1
harl****,2025-11-10T08:31:48.997+00:00,상품선택: 러닝벨트 / 색상: 블랙 / 사이즈: L,짱 편하고 좋아요!  구매하길 잘했어요ㅎ,5,1
kamu****,2025-10-16T06:14:15.025+00:00,상품선택: 러닝벨트 / 색상: 블랙 / 사이즈: M,유용하게 잘 쓰고있습니다 착용상태에서 앞쪽은 괜찮은데 뒤쪽에 핸드폰 넣을때는 조금 불편한데 그만큼 빠질 염려는 없네요,4,1
unan****,2025-10-24T11:23:51.985+00:00,상품선택: 러닝벨트 / 색상: 블랙 / 사이즈: M,좋습니다. 사용이 편해요.,5,1
bdw8*****,2025-10-21T13:55:00.626+00:00,상품선택: 러닝벨트 / 색상: 블랙 / 사이즈: M,가성비 좋네요 강추합니다,5,1
dpch***,2025-10-22T02:13:59.953+00:00,상품선택: 러닝벨트 / 색상: 블랙 / 사이즈: M,마음에 들어요 좋아요,5,1
omae***,2025-11-07T06:48:57.585+00:00,상품선택: 러닝벨트 / 색상: 블랙 / 사이즈: M,편리해요 좋아요 저렴합니다.,5,1
jjsl****,2025-10-17T10:43:56.782+00:00,상품선택: 러닝벨트 / 색상: 블랙 / 사이즈: S,오 좋은데용 평상시에도 잘하고다닐듯 추천함니다,5,1
love****,2025-10-29T02:18:21.658+00:00,상품선택: 러닝벨트 / 색상: 블랙 / 사이즈: M,"얇을줄 알았는데 두께감이 좀 있네요.
러닝시 흔들리지 않고 잘 잡아줘서 좋은것 같아요.",5,1
cand********,2025-11-08T12:07:27.069+00:00,상품선택: 러닝벨트 / 색상: 블랙 / 사이즈: S,배송이 빠르고 가벼워서,3,1
2924****,2025-10-18T00:51:45.841+00:00,상품선택: 러닝벨트 / 색상: 블랙 / 사이즈: L,써보고 이거 만한게 없어서 선물했어요!!,5,1
cast*****,2025-11-09T09:38:26.624+00:00,상품선택: 러닝벨트 / 색상: 블루 / 사이즈: S,아주좋요 서둘러서 사세요,5,1
wave***,2025-10-17T12:21:56.090+00:00,상품선택: 러닝벨트 / 색상: 블랙 / 사이즈: M,착용감좋고 만족합니다,5,1
al****,2025-10-20T05:03:23.183+00:00,상품선택: 러닝벨트 / 색상: 블랙 / 사이즈: M,핏플립벨트 죠와요잉,5,1
ysj0*****,2025-10-17T07:22:22.219+00:00,상품선택: 러닝벨트 / 색상: 형광 / 사이즈: L,가성비 정말 좋아요,5,1
kamu****,2025-09-15T06:03:55.195+00:00,상품선택: 러닝벨트 / 색상: 블랙 / 사이즈: M,옷속에 착용하고 핸드폰  티안나게 넣고 가볍게 운동하려 했는데 그건 무리인거같습니다 러닝벨트도 영 손이 안가서 사봤는데 앞쪽으로는 티나고 뒤로하면 나을지도 모르겠네요 제품이 나쁘다는건 아닙니다 제품은 짱짱하고 나쁘지않습니다,5,1
yoon*****,2025-09-27T03:05:10.124+00:00,상품선택: 러닝벨트 / 색상: 블랙 / 사이즈: S,너무 좋아요! 운동할때 핸드폰 주머니에 넣으면 자꾸 쳐졌는데 이거하고 가뿐하게 달릴수있어서 좋아요,5,1
ok****,2025-11-03T09:04:12.259+00:00,상품선택: 러닝벨트 / 색상: 블루 / 사이즈: L,착용감 좋고 디자인도 좋아요.,5,1
jiyo****,2025-11-03T06:00:05.484+00:00,상품선택: 러닝벨트 / 색상: 블랙 / 사이즈: M,러닝할때 최고인 벨트입니다.,5,1
tkdg******,2025-10-16T10:58:59.999+00:00,상품선택: 러닝벨트 / 색상: 블랙 / 사이즈: L,초보가 런닝하기에 좋은벨트 같아요!! 다만 물통은 넣고뛰니 흔들림이크고 빠지네요. 폰이랑 무선이어폰정도만 넣고 뛰기 좋아요!,5,1
kant*****,2025-10-13T17:10:45.259+00:00,상품선택: 러닝벨트 / 색상: 블루 / 사이즈: S,땀도 잘 흡수하고 좋아요,5,1
kjw6***,2025-11-09T10:18:47.743+00:00,상품선택: 러닝벨트 / 색상: 블랙 / 사이즈: M,m구매했는데 살짝 큽니다ㅜㅡ,4,1
djrk*****,2025-11-06T04:52:24.008+00:00,상품선택: 러닝벨트 / 색상: 블랙 / 사이즈: S,런닝할때 쓸만해여 ~,5,1
mair****,2025-09-26T10:47:35.734+00:00,상품선택: 러닝벨트 / 색상: 블랙 / 사이즈: S,가격 대비 너무 좋네요 집에있는 힙색하다 구매했는대 너무편해요 러닝 필수탬입니다 즐겁게 달릴께요,5,1
ssuk*******,2025-09-24T12:28:22.653+00:00,상품선택: 러닝벨트 / 색상: 블루 / 사이즈: S,싸이즈 재입고 되면 좋겠어요 한치수 작게 사서 타이트합니다. 사용은 편리하고 좋아요.,5,1
jwk8***,2025-10-28T23:27:11.793+00:00,상품선택: 러닝벨트 / 색상: 블랙 / 사이즈: M,핏하게 착 달라 붙어서 착용감 좋아요,5,1
kong****,2025-09-15T03:02:08.056+00:00,상품선택: 러닝벨트 / 색상: 블랙 / 사이즈: S,찍찍이 벨트쓰다 옷감 다 상해서ㅜㅜ이거 구매해봤는데 덜렁거리지않고 딱 좋습니다 세탁하기도 편하고 배도  답답하지 않네요 강추입니다,5,1
aqua*****,2025-10-20T06:38:29.378+00:00,상품선택: 러닝벨트 / 색상: 블랙 / 사이즈: M,러닝할때 유용하게 쓰고있어요 폰 손에 안들어도 되니 운동할때 매우 편해졌어요~,5,1
beti***,2025-10-11T01:27:52.268+00:00,상품선택: 러닝벨트 / 색상: 블랙 / 사이즈: M,러닝시 핸드폰 휴대 편하네요.,5,1
jwk8***,2025-10-28T23:30:24.098+00:00,상품선택: 러닝벨트 / 색상: 블랙 / 사이즈: S,착용감 좋어요옹 유튜브 보고 샀어요,5,1
inny***,2025-10-24T07:24:40.349+00:00,상품선택: 러닝벨트 / 색상: 블랙 / 사이즈: S,편하고 사이즈도 딱맞아요,5,1
kmuv******,2025-10-04T03:21:44.945+00:00,상품선택: 러닝벨트 / 색상: 블랙 / 사이즈: M,빠른 배송에 감사합니다,5,2
msoo****,2025-10-24T11:30:55.675+00:00,상품선택: 러닝벨트 / 색상: 블랙 / 사이즈: M,런닝할때 차고 하면 편하거 좋아요,5,1
cand********,2025-10-05T07:09:11.845+00:00,상품선택: 러닝벨트 / 색상: 블랙 / 사이즈: S,굿 배송이 빨라여.,3,1
jiwo*****,2025-10-02T09:18:47.255+00:00,상품선택: 러닝벨트 / 색상: 형광 / 사이즈: S,"배송 빠르게
잘 받았습니다",3,1
aqua*****,2025-09-04T01:33:23.067+00:00,상품선택: 러닝벨트 / 색상: 블랙 / 사이즈: M,"몇년동안 쓰던걸 분실한줄 알고 급히 구매했는데 알고보니 있었네요. 신기한게 수년전에 사서 쓰던게 이 제품이었어요. 크기 사이즈 디지인 모두 같아서 놀랐습니다 ^^ 이거는 그래서 가족 주기로 했어요 러닝때 폰, 이어폰케이스 잘 넣고 다녀서 좋아요!!",5,1
wooj******,2025-10-15T02:17:57.713+00:00,상품선택: 러닝벨트 / 색상: 블랙 / 사이즈: S,좋습니다! 러닝 뛸 때 좋은거 같아요,5,1
beti***,2025-09-20T09:00:13.637+00:00,상품선택: 러닝벨트 / 색상: 형광 / 사이즈: S,빨래해도 상하지않네요. 러닝에 큰 도움이 되어부러네요,5,1
ssom***,2025-10-15T12:27:35.758+00:00,상품선택: 러닝벨트 / 색상: 블랙 / 사이즈: M,운동할때 너무 편리해요 ㅎㅎ 가뿐하니 좋으네요,5,1
cupd******,2025-10-16T04:02:58.866+00:00,상품선택: 러닝벨트 / 색상: 블랙 / 사이즈: S,암 밴드 쓰다가 이거 쓰니깐 정말 좋네요,5,1
wave***,2025-09-12T06:47:21.920+00:00,상품선택: 러닝벨트 / 색상: 블랙 / 사이즈: M,쫀쫀하고 휴대폰 넣기좋네요 지퍼가 없어서 다른물건수납하기에는 다소애매하나 나름 만족합니다,5,1
cast*****,2025-10-17T02:49:59.367+00:00,상품선택: 러닝벨트 / 색상: 블랙 / 사이즈: M,벌써 3번째 구매합니다 너무 좋아요,5,1
eu****,2025-10-17T06:01:15.581+00:00,상품선택: 러닝벨트 / 색상: 블랙 / 사이즈: M,항상 잘 쓰고 잇어요 좋아요!,5,1
libe*******,2025-09-05T11:57:13.971+00:00,상품선택: 러닝벨트 / 색상: 블랙 / 사이즈: M,"바지 33~34 정도 입는데
미디엄 사이즈 잘 맞네요. 
라지했으면 덜렁거렸겠어요.
맨살에 장착해도 편합니다. 방수재질은 옷 위로 장착 필수이나 요건 맨살 가능. 티셔츠 안으로 사용가능.",5,1
qweb****,2025-08-28T09:56:59.926+00:00,상품선택: 러닝벨트 / 색상: 블루 / 사이즈: S,"블랙 사고 싶었는데 품절이라 블루로 구매했어요
진한 색이라 눈에 띄지만 나름 포인트 되고 예뻐요
핸드폰이랑 에어팟 넣고 달렸는데 흔들림도 없고
에어팟은 좀 똥똥해서 그런가 한번 떨어졌는데
자리 잘 잡아 넣으니 안 떨어지고 좋아요!",5,1
opjj****,2025-09-20T07:42:37.034+00:00,상품선택: 러닝벨트 / 색상: 블랙 / 사이즈: S,"쟈크가 있는줄 알았는데 아니네요.
그래도 쓸만해요",3,1
nyan****,2025-09-24T00:38:52.367+00:00,상품선택: 러닝벨트 / 색상: 블랙 / 사이즈: M,블랙 M사이즈 재입고 되었길래 기존에 s사이즈가 조금 작은거같아서 구매했는데 그게 맞는거였어요ㅜ 차이가 많이 나네요ㅋㅋㅋ 골반에 걸쳐지는거같았는데 뛰니까 너무 흔들려요... L사이즈나 66이상이셔도 s가세요!,5,1
deer********,2025-09-18T03:43:11.827+00:00,상품선택: 러닝벨트 / 색상: 블랙 / 사이즈: M,"비싼 벨트 다 필요 없어요
이게 최곱니다",5,1
wmsd****,2025-10-15T00:44:21.570+00:00,상품선택: 러닝벨트 / 색상: 블랙 / 사이즈: S,좋은 가격에 잘쓰고있어요,5,1
hun2***,2025-09-19T05:11:15.610+00:00,상품선택: 러닝벨트 / 색상: 블랙 / 사이즈: M,"이틀째 플립밸트 착용하고 런닝을 하였는데 다른 제품과 달리 부드럽고 편안하게 착용(재질)
가격대비 가성비 짱~~~
허리사이즈가 29라서 제품사이즈(M)랑 약간
여유가 있었지만 필요한 물품을 넣고 착용하면
정사이즈일듯~~~",4,1
jeon*****,2025-10-06T06:52:00.967+00:00,상품선택: 러닝벨트 / 색상: 블랙 / 사이즈: M,감사합니다! 잘 쓸게요!!,5,1
c2****,2025-09-13T14:36:45.205+00:00,상품선택: 러닝벨트 / 색상: 블랙 / 사이즈: M,"빠르게 잘 도착했네요
잘 쓰겠습니다",4,1
may2***,2025-09-20T13:51:56.113+00:00,상품선택: 러닝벨트 / 색상: 블루 / 사이즈: S,배송이 매우 빠릅니다,5,1
sl****,2025-10-09T15:27:40.521+00:00,상품선택: 러닝벨트 / 색상: 블랙 / 사이즈: L,맘에듭니다 마니파세요,5,2
opjj****,2025-10-28T09:57:29.429+00:00,상품선택: 러닝벨트 / 색상: 블랙 / 사이즈: S,좋아요. 좋아요. 좋아요,3,1
ysse*****,2025-10-11T15:08:33.283+00:00,상품선택: 러닝벨트 / 색상: 블랙 / 사이즈: M,흔들림이 없어 좋습니다,5,1
sonm******,2025-09-15T02:46:39.580+00:00,상품선택: 러닝벨트 / 색상: 블루 / 사이즈: S,가성비 좋고 마음에 들었어요,5,1
flyu*****,2025-09-24T14:11:28.900+00:00,상품선택: 러닝벨트 / 색상: 블랙 / 사이즈: M,지속적으로 구매하고 있어요. 덜렁거리지 않고 클립 타입보다 훨씬 좋네요.,5,4
flyu*****,2025-09-24T14:11:23.965+00:00,상품선택: 러닝벨트 / 색상: 블랙 / 사이즈: S,지속적으로 구매하고 있어요. 덜렁거리지 않고 클립 타입보다 훨씬 좋네요.,5,1
flyu*****,2025-09-24T14:11:19.299+00:00,상품선택: 러닝벨트 / 색상: 블랙 / 사이즈: L,지속적으로 구매하고 있어요. 덜렁거리지 않고 클립 타입보다 훨씬 좋네요.,5,1
flyu*****,2025-09-24T14:11:12.802+00:00,상품선택: 러닝벨트 / 색상: 블랙 / 사이즈: M,지속적으로 구매하고 있어요. 덜렁거리지 않고 클립 타입보다 훨씬 좋네요.,5,1
ysse*****,2025-09-12T05:23:08.976+00:00,상품선택: 러닝벨트 / 색상: 블랙 / 사이즈: M,벨트가 짱짱해서 달려도 흔들리지 않을것 같네요.,5,1
kant*****,2025-09-15T05:04:09.646+00:00,상품선택: 러닝벨트 / 색상: 블루 / 사이즈: S,잘 조이고 편안해요,5,1
beti***,2025-09-04T16:26:06.825+00:00,상품선택: 러닝벨트 / 색상: 블랙 / 사이즈: M,좋은제품 잘받았습니다. 형광 샀다가 블랙 재구매했어요,5,1
99ea***,2025-08-23T01:48:19.539+00:00,상품선택: 러닝벨트 / 색상: 블루 / 사이즈: S,"블랙 사고팠는데 품절이라 하늘색샀어요 
아직 사용전인데 s가 조금 작은 느낌이네요 내 배를 생각했어야...",3,1
inny***,2025-09-23T14:41:14.480+00:00,상품선택: 러닝벨트 / 색상: 블랙 / 사이즈: S,구멍이 간격 넓게 두개정도만 있는게 더 안정감 있을것같아요.,5,1
yyyo******,2025-09-17T09:18:11.797+00:00,상품선택: 러닝벨트 / 색상: 블랙 / 사이즈: S,"넘 허접해요
반품비가 더나와서 그냥 다른거 다시사야할듯",1,1
june****,2025-09-15T21:03:10.564+00:00,상품선택: 러닝벨트 / 색상: 블랙 / 사이즈: L,"배송빠르네요
신축성밴드타입에
폰정도 넣을수있어요
허리둘레잘보구 주문하세요",5,1
kils****,2025-09-04T11:49:28.685+00:00,상품선택: 러닝벨트 / 색상: 블랙 / 사이즈: S,탄탄해서 흘러내리지않고 좋네요,5,1
sl****,2025-09-03T12:43:32.322+00:00,상품선택: 러닝벨트 / 색상: 블랙 / 사이즈: L,맘에듭니다 마니파세요,5,1
djrk*****,2025-10-01T00:49:48.907+00:00,상품선택: 러닝벨트 / 색상: 블랙 / 사이즈: S,그럭저럭입니다....,3,1
ysj0*****,2025-08-28T03:59:30.743+00:00,상품선택: 러닝벨트 / 색상: 형광 / 사이즈: L,짱짱하고 조아요 잘쓸게요,5,1
dami*****,2025-08-09T06:11:54.747+00:00,상품선택: 러닝벨트 / 색상: 블루 / 사이즈: S,상품 자체는 마음에 들어요 다만 블랙이 입고 안되서 블루로 샀는데 생각보다 밝은 블루에요  그래서 티 밑에 입어요 색은 예뻐요,5,1
omae***,2025-09-18T13:03:59.546+00:00,상품선택: 러닝벨트 / 색상: 블랙 / 사이즈: M,좋아요 배송이빨라요,5,1
libe*******,2025-09-12T04:36:34.976+00:00,상품선택: 러닝벨트 / 색상: 블랙 / 사이즈: S,"바지 32~34 입는데, M은 러닝 시 좀 흔들거려서 S로 재구매했음. 쫀쫀하게 흔들리지 않고 폰이 붙어있음.",5,1
beti***,2025-08-07T11:52:42.923+00:00,상품선택: 러닝벨트 / 색상: 형광 / 사이즈: S,"허리 32인치다
M품절이라 고민하다 S구매다
골반에 걸치니 꽉 끼는데, 러닝이 불편할정도의 느킴은 아니고 나중에 조금 늘어나면 딱 맞을듯하다
노트20울트라 딱들어가고 뛰어도 핸드폰 빠질일은 없다
생각보다 제품이 두터워서 방수가 잘될런지..
결론 잘샀다 추가 헤어밴드도 잘샀다",5,1
cupd******,2025-09-18T12:02:05.244+00:00,상품선택: 러닝벨트 / 색상: 블랙 / 사이즈: S,핸드폰 암밴드 쓰다가 바꿨는데 훨씬 좋네요,5,1
ssuk****,2025-08-21T08:33:17.406+00:00,상품선택: 러닝벨트 / 색상: 블루 / 사이즈: S,좋아요 재질이 부드럽고 탄탄합니다,5,1
swoh****,2025-09-16T07:54:48.415+00:00,상품선택: 러닝벨트 / 색상: 블랙 / 사이즈: M,편해요 편해서 좋아요,5,1
jwk8***,2025-09-15T01:41:17.160+00:00,상품선택: 러닝벨트 / 색상: 블랙 / 사이즈: S,배송 문제가 있었지만 잘 쓰고있어요,5,1
jiwo*****,2025-08-27T09:21:42.167+00:00,상품선택: 러닝벨트 / 색상: 형광 / 사이즈: S,배송 빠르게 받았습니다,5,1
se****,2025-08-22T00:46:56.818+00:00,상품선택: 러닝벨트 / 색상: 형광 / 사이즈: S,친구 선물 줬는데 달리기할 때 잘 사용하고 있대요.,5,1
yoow****,2025-09-19T02:05:23.136+00:00,상품선택: 러닝벨트 / 색상: 블랙 / 사이즈: M,매우 별로임 잘못산듯,1,1
msoo****,2025-09-13T02:20:13.704+00:00,상품선택: 러닝벨트 / 색상: 블랙 / 사이즈: M,지난번에 L사이즈 밖에 없어서 구입하고 이번엔 M으로 구입했어요,4,1
sung********,2025-09-09T03:25:42.305+00:00,상품선택: 러닝벨트 / 색상: 블랙 / 사이즈: M,"가성비대비 적당합니다
데일리 조깅용으로 아주좋아요",4,1
hope******,2025-08-11T01:09:46.879+00:00,상품선택: 러닝벨트 / 색상: 블루 / 사이즈: L,"빠른배송 저렴한 가격으로 잘 받았고
사이즈 넉넉해서 불편감 없이 잘 쓰겠습니다",5,1
jh****,2025-08-23T11:56:28.373+00:00,상품선택: 러닝벨트 / 색상: 형광 / 사이즈: S,안정감 있고 편하고 좋아요,5,1
okho******,2025-09-01T02:14:44.084+00:00,상품선택: 러닝벨트 / 색상: 형광 / 사이즈: S,"사용해보고 좋아서 선물두개째
가성비 최고입니다
쫀쫀하고 매일 빨아서 쓰는데 전혀 변형도없고~",5,1
jwk8***,2025-09-15T03:04:27.079+00:00,상품선택: 러닝벨트 / 색상: 블랙 / 사이즈: M,휴대폰 넣기 좋아용,5,1
wmsd****,2025-09-12T12:53:30.441+00:00,상품선택: 러닝벨트 / 색상: 블랙 / 사이즈: S,좋으네요 가성비~^^,4,1
ssuk*******,2025-08-21T01:37:35.358+00:00,상품선택: 러닝벨트 / 색상: 형광 / 사이즈: S,기능이나 가격면에서 아주 좋습니다. 품절이 되서 싸이즈 줄여서 사서 조금 불편한 감이 있으나 제품자체로는 만족합니다.,5,1
se****,2025-08-21T01:59:58.564+00:00,상품선택: 러닝벨트 / 색상: 블루 / 사이즈: S,핸드폰 넣고 달리기 좋아요.,5,1
sonm******,2025-08-13T06:27:17.355+00:00,상품선택: 러닝벨트 / 색상: 블루 / 사이즈: S,허리는 M일거 같았는데 s사이즈 너무 꽉안끼고 흘러내림 없이 좋네요,5,1
ssuk*******,2025-08-21T01:30:23.181+00:00,상품선택: 러닝벨트 / 색상: 블루 / 사이즈: S,상품은 만족스럽습니다. 다만 품절로 인해 싸이즈를 작은거 시켜서 약간 쪼이긴 하는데 쓰다보면 늘어나겠지 싶어 그냥 사용합니다.,4,1
ssuk****,2025-08-21T08:32:48.522+00:00,상품선택: 러닝벨트 / 색상: 형광 / 사이즈: S,쫀쫀한게 흔들림이 적네요,5,1
unan****,2025-08-21T23:13:44.332+00:00,상품선택: 러닝벨트 / 색상: 블루 / 사이즈: S,스몰이라 좀 낑겨요.,4,1
viva***,2025-09-09T04:02:11.632+00:00,상품선택: 러닝벨트 / 색상: 블랙 / 사이즈: L,편하게 잘쓰고 있습니다~,5,1
cast*****,2025-08-23T03:53:29.365+00:00,상품선택: 러닝벨트 / 색상: 블루 / 사이즈: S,"벌써 4개째 쓰고 있어요
다른 러닝벨트보다 저령하고 수납성도 너무 좋아요
심플 더 베스트 최고~~~!!!",5,1
kang****,2025-09-03T03:37:08.539+00:00,상품선택: 러닝벨트 / 색상: 블루 / 사이즈: L,런닝할때 유용하게 잘 사용중입니다,4,1
ssom***,2025-08-23T01:29:50.407+00:00,상품선택: 러닝벨트 / 색상: 형광 / 사이즈: L,"운동할때 핸드폰만 쏙 넣고 다니니 편리하고 좋네요 
엠 사이즈 추가 입고만 되엇으면 좋겟어요 ㅠㅠ",5,1
citi****,2025-09-04T00:47:48.959+00:00,상품선택: 러닝벨트 / 색상: 블랙 / 사이즈: M,짱짱하게 잘 잡아줘서 좋네요,5,1
okho******,2025-09-01T02:18:02.658+00:00,상품선택: 러닝벨트 / 색상: 형광 / 사이즈: S,"선물함
가성비 쵝오 벨트
강추",5,1
uns0***,2025-07-30T06:10:32.528+00:00,상품선택: 러닝벨트 / 색상: 형광 / 사이즈: L,미듐이 계속 품절이라 라지 샀는데 크긴하네요.. 미듐 사이즈 나오면 다시 사야겠어요,3,1
kkkn****,2025-08-26T05:41:45.948+00:00,상품선택: 러닝벨트 / 색상: 블루 / 사이즈: S,러닝하거나 산책할 때 유용하게 사용하고 있습니다,4,1
yeca****,2025-09-01T03:04:14.593+00:00,상품선택: 러닝벨트 / 색상: 블루 / 사이즈: L,가성비 매우 나이스!!!,5,1
moon******,2025-08-05T03:59:11.074+00:00,상품선택: 러닝벨트 / 색상: 블루 / 사이즈: S,잘쓰고 있습니다 운동할때 좋음,5,1
alst********,2025-07-30T00:47:47.653+00:00,상품선택: 러닝벨트 / 색상: 형광 / 사이즈: S,여친이랑 같이 구매했는데 커플로 쓰기 좋아요,5,1
alst********,2025-07-30T00:45:26.354+00:00,상품선택: 러닝벨트 / 색상: 형광 / 사이즈: L,형광색이라 눈에 잘띄어서 좋아요,5,1
whau*****,2025-08-01T00:52:22.279+00:00,상품선택: 러닝벨트 / 색상: 블루 / 사이즈: S,아주잘쓰고있고 좋아요,5,1
thun******,2025-08-18T11:53:44.161+00:00,상품선택: 러닝벨트 / 색상: 블루 / 사이즈: S,아들이 활동할때 짱짱하면서 편하다고 하네요,5,1
thun******,2025-08-18T11:54:14.635+00:00,상품선택: 러닝벨트 / 색상: 형광 / 사이즈: S,하하 안빨고 착용했더니 색이 묻어나네요;,4,1
dkss*******,2025-08-13T01:35:09.311+00:00,상품선택: 러닝벨트 / 색상: 블루 / 사이즈: S,늘어나지 않고 세탁기에 막 돌리는데 변형없이 잘 쓰고 있습니다,5,1
thun******,2025-08-08T11:36:10.413+00:00,상품선택: 러닝벨트 / 색상: 블루 / 사이즈: S,제가 찾던 물건을 찾아서 좋은데 배송도 빠르고 감사합니다 ^^,5,1
yjun****,2025-06-24T08:46:01.801+00:00,상품선택: 러닝벨트 / 색상: 블루 / 사이즈: L,"착용해보았을땐 착용감은 좋으나 뛸때 폰 무게가 있어서 흔들림이 있을것 같아요.
갤25울트라 쓰는데 넣고 빼기가 불편하네요",3,1
kyw6***,2025-08-04T06:22:34.432+00:00,상품선택: 러닝벨트 / 색상: 형광 / 사이즈: L,착용하고 운동해봤는데 폰집어넣기가 익숙하지 않네요 하다보면 익숙해질듯해요,5,1
kang****,2025-08-04T08:28:00.364+00:00,상품선택: 러닝벨트 / 색상: 블루 / 사이즈: L,전에도 하나 구입했는데 와이프도 같이 조깅한다해서 추가 구입했어요,4,1
moon******,2025-07-01T11:55:18.493+00:00,상품선택: 러닝벨트 / 색상: 블루 / 사이즈: S,배송 잘 받았습니다 잘쓸게요 블랙색상 입고 좀 해주세요,5,1
tndu*******,2025-07-05T03:53:26.520+00:00,상품선택: 러닝벨트 / 색상: 형광 / 사이즈: S,잘 조여주고 좋은데 글씨가 바로 떨어짐,5,1
se****,2025-06-14T09:07:34.014+00:00,상품선택: 러닝벨트 / 색상: 블루 / 사이즈: S,달리기 할 때 핸드폰 넣으려고 구매했어요. 핸드폰 넣기 편하고 달릴 때 좋아요!,5,1
pmh2***,2025-07-09T10:35:32.757+00:00,상품선택: 러닝벨트 / 색상: 블루 / 사이즈: L,제가먼저 구매했는데 괜찮아서 남 편것도 구매햇네요,5,1
whau*****,2025-06-19T02:27:36.703+00:00,상품선택: 러닝벨트 / 색상: 블루 / 사이즈: S,배손도빠르고 넘좋아요,5,1
lee_*****,2025-06-01T23:26:21.901+00:00,상품선택: 러닝벨트 / 색상: 형광 / 사이즈: S,"지퍼가 따로 없고 중앙에 뚫린 곳을 통해 핸드폰이나 열쇠 손수건등을 담을 수가 있어요. 지퍼없으면 안되지 않나 했는데, 안에 넣어둔 물건이 빠지지도 않고, 오히려 러닝하면서 꺼내기도 편한터라 왜 이렇게 생겼는지 사고나서 더 이해가 되는 벨트예요. 작은 사이즈로 샀더니 입었다 벗을때 약간 불편한 거 빼고 아주 좋습니다~ 컬러가 참 예뻐요!",5,1
gy****,2025-06-14T02:14:09.599+00:00,상품선택: 러닝벨트 / 색상: 블랙 / 사이즈: M,흘러내리지도 않고 생각보다 편합니다.,5,1
le****,2025-06-03T10:23:31.950+00:00,상품선택: 러닝벨트 / 색상: 형광 / 사이즈: S,"빠른걸음할때 가볍게 런닝하려고 구매했어요
딱맞게 편하게 하고 다닐수있어 편할것같아요",5,1
eu****,2025-07-01T10:54:00.562+00:00,상품선택: 러닝벨트 / 색상: 블루 / 사이즈: L,사이즈도 딱이고 잘 사용할게요,5,1
chlt******,2025-06-28T02:28:19.834+00:00,상품선택: 러닝벨트 / 색상: 블루 / 사이즈: L,러닝 하는 아는 동생한테 추천 받아서 잘 쓰고 있습니다!,5,1
isbl***,2025-06-20T02:51:15.745+00:00,상품선택: 러닝벨트 / 색상: 형광 / 사이즈: S,버클형과는 다른 느낌인데 좋습니다. 세탁은 대신 자주 해줘야겠어요.,5,1
sksm********,2025-05-15T04:21:30.821+00:00,상품선택: 러닝벨트 / 색상: 블랙 / 사이즈: S,배를 딱 잡아줘서 좋고 이제 편안하게 달리기 할 수 있을 것 같아요. 동생도 편해보인다고 해서 하나 사주려구요^^ 좋은 가격에 좋은 제품 갑사합니다~,5,1
se****,2025-06-14T09:12:53.905+00:00,상품선택: 러닝벨트 / 색상: 형광 / 사이즈: S,달리기 할 때 필요해서 구입했어요. 핸드폰 넣을 수 있고 좋아요!,5,1
look****,2025-06-03T05:21:42.335+00:00,상품선택: 러닝벨트 / 색상: 블루 / 사이즈: L,빠른배송감사합니다 ㅎㅎ,5,2
look****,2025-06-03T05:21:20.723+00:00,상품선택: 러닝벨트 / 색상: 블랙 / 사이즈: L,빠른배송감사합니다 ㅎㅎ,5,1
sksm********,2025-05-15T05:04:07.327+00:00,상품선택: 러닝벨트 / 색상: 블랙 / 사이즈: M,"언니에게 선물했어요. 핸드폰 손에 들지 않고 편하게 운동할 수 있고, 빨래도 편할 것 같아요. 감사합니다.",5,1
yyeo****,2025-06-03T03:40:59.387+00:00,상품선택: 러닝벨트 / 색상: 형광 / 사이즈: S,가볍고 러닝시 넘 편해요 다만 여름에차긴 땀찰것같아요 메쉬소재도 나왔으면 좋겠어요~~ 가격대비 만족도가높아 재구매합니다,4,1
hjh8***,2025-05-23T14:34:37.018+00:00,상품선택: 러닝벨트 / 색상: 형광 / 사이즈: S,"몇개를 사고 다른 제품을 쓰다가 다시 돌아옴
장단점이 다있지만 여름이나 옷이 얇아질때 주로 사용하게 되는듯. 이거 하나만 쓰지는 않지만 여러개중 이건 꼭 사용주.",5,1
sksm********,2025-05-19T01:12:30.052+00:00,상품선택: 러닝벨트 / 색상: 블랙 / 사이즈: S,저랑 언니 동생까지 같이 만족스럽게 쓰고 있습니다. 운동할 때 너무 편해요. 이제 균형 무너질 일 없이 마음 놓고 운동할 수 있어서 좋습니다. 짱!,5,1
ssom***,2025-06-08T06:33:36.955+00:00,상품선택: 러닝벨트 / 색상: 형광 / 사이즈: L,"너무 간편하고 좋어요
사이즈 더 입고 되엇으면 좋겟네요",4,1
yyeo****,2025-05-31T14:16:19.672+00:00,상품선택: 러닝벨트 / 색상: 블랙 / 사이즈: L,넘편하고 좋아요 블랙재입고 기다려집니다,5,1
slam****,2025-06-12T03:05:20.648+00:00,상품선택: 러닝벨트 / 색상: 형광 / 사이즈: L,만족스럽습니다. 12345,5,1
re****,2025-06-04T10:15:42.068+00:00,상품선택: 러닝벨트 / 색상: 형광 / 사이즈: S,벌써 3개째 구매. 잘 쓰고 있어요.,5,1
dadu********,2025-05-21T06:27:05.869+00:00,상품선택: 러닝벨트 / 색상: 블랙 / 사이즈: M,만족합니다~~~~~,5,1
kwak***,2025-05-28T02:15:10.435+00:00,상품선택: 러닝벨트 / 색상: 형광 / 사이즈: L,폰 넣고 등쪽으로 돌려서 뛰니 불편함이 거의 없네요ㅎㅎ,5,1
wldb*****,2025-04-28T12:37:49.486+00:00,상품선택: 러닝벨트 / 색상: 블루 / 사이즈: S,가격 저렴한데 제품 질도 좋아서 만족합니다 직관적이고 단순해서 더욱 좋아요,5,1
eo****,2025-05-10T05:54:06.294+00:00,상품선택: 러닝벨트 / 색상: 블루 / 사이즈: S,쫀쫀해서 달리기할때 정말 편합니다,5,1
high*******,2025-05-17T06:07:43.352+00:00,상품선택: 러닝벨트 / 색상: 블루 / 사이즈: S,"만족해서 추가매수했습니다.
빨래아무리돌려도 안늘어나고 안찢어짐ㅋ",5,1
kkoo***,2025-04-12T07:45:24.880+00:00,상품선택: 러닝벨트 / 색상: 형광 / 사이즈: S,허리 30인데 사이즈 없어서 S 샀어요. 입고 벗기 좀 작지만 러닝할 때는 별로 갑갑한 거 못 느꼈어요. 폰을 널고 빼는 게 편해서 다른 지퍼 있는 러닝벨트보다 나은 거 같아요. 가격도 좋아요 추천!,5,1
stal****,2025-05-04T04:22:24.329+00:00,상품선택: 러닝벨트 / 색상: 블루 / 사이즈: S,마음에 들어요 편안합니다,5,1
whom***,2025-05-16T18:38:32.859+00:00,상품선택: 러닝벨트 / 색상: 블루 / 사이즈: S,텐션이 짱짱하고 흘러내리지 않아 좋습니다.   허리 32 기준으로 small 사이즈 구입하면 살짝 타이트하게 맞습니다.,5,1
stal****,2025-05-04T04:23:12.251+00:00,상품선택: 러닝벨트 / 색상: 블루 / 사이즈: S,세개나 구매했어요 좋아요,5,1
pott******,2025-05-18T02:37:43.834+00:00,상품선택: 러닝벨트 / 색상: 블랙 / 사이즈: L,착용감도 좋고 수납도 마음에 드네요,5,1
stal****,2025-05-04T04:22:45.454+00:00,상품선택: 러닝벨트 / 색상: 형광 / 사이즈: S,마음에 들어요 편해요,5,1
yeji*****,2025-04-29T23:56:22.210+00:00,상품선택: 러닝벨트 / 색상: 블랙 / 사이즈: S,러닝의 질이 좋아졌어요!!,5,1
mino****,2025-05-15T07:10:16.446+00:00,상품선택: 러닝벨트 / 색상: 블루 / 사이즈: S,감사합니다 잘쓰고 있습니다.,4,1
pmh2***,2025-05-08T04:48:11.795+00:00,상품선택: 러닝벨트 / 색상: 블랙 / 사이즈: S,운동때 폰들고 다니기 불편햇는데 넣고 다녀 만족합니다,5,1
cham*************,2025-03-30T09:03:18.307+00:00,상품선택: 러닝벨트 / 색상: 형광 / 사이즈: S,"형광연두 컬러 예뻐요.
스몰사이즈, 55사이즈인 저한테는
허리보다는 골반에 맞구요.
갤럭시 25울트라
핸펀은 커서
꺼냈다 넣었다는
좀 불편해요.",4,1
lhn8***,2025-04-12T03:26:54.167+00:00,상품선택: 러닝벨트 / 색상: 형광 / 사이즈: S,잘 잡아줘서 아주 편하네요 색도 예뻐요,5,1
yuki******,2025-04-09T08:01:59.046+00:00,상품선택: 러닝벨트 / 색상: 형광 / 사이즈: S,"아이폰13 케이스가 있어서 그런가 타이트하게 들어가긴 하는데, 흘러내리지 않아 운동하기에 좋네요",5,1
msoo****,2025-04-28T03:04:33.968+00:00,상품선택: 러닝벨트 / 색상: 블랙 / 사이즈: L,m사이즈가 품절이라 l로 샀는데 좀 큰감은 있는데 그래도 잘잡아주고 14프로 넣고 달려도 안정적이네요,5,1
cons*****,2025-04-08T09:07:26.991+00:00,상품선택: 러닝벨트 / 색상: 블랙 / 사이즈: L,편하고 좋아요 살빠지면 M으로 사야겠어요ㅋㅋ,5,1
lgjs*****,2025-04-26T19:50:41.662+00:00,상품선택: 러닝벨트 / 색상: 블루 / 사이즈: L,"건강을 위해서 조깅을 시작했는데
좋은 아이템 입니다",4,1
jc****,2025-04-02T11:12:39.091+00:00,상품선택: 러닝벨트 / 색상: 형광 / 사이즈: S,흘러내리지않고 폰도 안정적으로 수납되네요,4,1
whom***,2025-04-17T14:37:14.970+00:00,상품선택: 러닝벨트 / 색상: 블루 / 사이즈: S,텐션 짱짱하고 러닝시에 소지품 잘 간수할 수 있어 좋습니다.,5,1
mkki*****,2025-04-16T02:02:05.092+00:00,상품선택: 러닝벨트 / 색상: 블랙 / 사이즈: S,아이가 너무 좋아하네요 감사합니다.,5,1
hair********,2025-04-16T08:59:56.725+00:00,상품선택: 러닝벨트 / 색상: 블랙 / 사이즈: S,달려도 흔들리지 않아 좋아요,5,1
lisa***,2025-03-09T10:21:07.540+00:00,상품선택: 러닝벨트 / 색상: 블랙 / 사이즈: S,아이폰 15프로맥스 사용하고있는데 충분히 들어가긴해요! 하지만 넣을 때 조금 낑낑거려야 햐요!! 운동할때 안 거슬려서 좋어요!,5,1
wjdd*****,2025-04-06T11:18:37.331+00:00,상품선택: 러닝벨트 / 색상: 블랙 / 사이즈: S,런닝할때쓰려고샀어요 아주맘에들어요,5,1
bril********,2025-03-15T12:31:17.126+00:00,상품선택: 러닝벨트 / 색상: 블랙 / 사이즈: S,핸드폰 에어팟케이스 카드 다 넣고뛰어도 불편함이 하나도없어요,5,1
s868****,2025-04-04T01:58:25.679+00:00,상품선택: 러닝벨트 / 색상: 블랙 / 사이즈: S,아이와 같이 러닝할때 쓰려고 구매했습니다 저는 이미 같은걸로 쓰고있구요,5,1
boxm****,2025-03-31T03:31:02.112+00:00,상품선택: 러닝벨트 / 색상: 형광 / 사이즈: S,바지 31~32인치 입는데 m사이즈 품절이라 s로 주문. 좀 쨍이긴한데 늘어나겠죠 ㅋ,5,1
seli**********,2025-04-02T23:42:10.264+00:00,상품선택: 러닝벨트 / 색상: 블랙 / 사이즈: S,착용하기 편리하고 흔들리지 않아서 좋아요,5,1
twin*******,2025-04-01T11:44:30.260+00:00,상품선택: 러닝벨트 / 색상: 블랙 / 사이즈: S,굿 러닝할 때 잘 쓰겟습니다. 제가 열심히 러닝 하면 좋겟네요.,5,1
ww****,2025-02-24T14:15:19.590+00:00,상품선택: 러닝벨트 / 색상: 블랙 / 사이즈: S,"배송 빨라서 좋았고 사이즈 고민했는데
안내대로 했더니 딱 맞네요
운동할때 거슬리는거 없이 딱 좋습니다",5,1
ejrh***,2025-04-01T01:30:37.117+00:00,상품선택: 러닝벨트 / 색상: 블랙 / 사이즈: L,잘받았습니다 잘쓸께요,4,1
kang****,2025-03-27T02:52:22.626+00:00,상품선택: 러닝벨트 / 색상: 블랙 / 사이즈: L,"마라톤때 폰하고 이어폰 넣을곳이 없어 구입, 잘 사용할께요",5,1
ww****,2025-02-24T14:37:53.973+00:00,상품선택: 러닝벨트 / 색상: 블랙 / 사이즈: L,"와이프랑 같이 운동하려고 샀습니다.
제가 먼저 써보고 사준거라 만족스러워하는거같고 잘쓰겠습니다",5,1
3740******,2025-03-23T01:03:43.295+00:00,상품선택: 러닝벨트 / 색상: 블랙 / 사이즈: S,러닝을 시작해서 구매했습니다 아직 착용안했는데 괜찮을거 같아요,5,1
ksh2****,2025-03-22T06:09:09.829+00:00,상품선택: 러닝벨트 / 색상: 블랙 / 사이즈: S,빠른배송감사합니다 감사합니다,5,1
y100****,2025-03-29T10:36:25.901+00:00,상품선택: 러닝벨트 / 색상: 블랙 / 사이즈: L,달리기 할 때 편합니다.,5,1
1975***,2025-03-22T11:07:16.283+00:00,상품선택: 러닝벨트 / 색상: 블랙 / 사이즈: L,"러닝할때 사용하려고 샀는데, 만족합니다.",5,1
one0***,2025-02-27T10:23:04.349+00:00,상품선택: 러닝벨트 / 색상: 블랙 / 사이즈: S,빠르게 잘 받았습니다. 감사합니다.,5,1
cjdf*****,2025-03-18T08:47:24.040+00:00,상품선택: 러닝벨트 / 색상: 블랙 / 사이즈: L,"기대한만큼, 괜찮음. 가볍고 신축성 있고",5,1
acmi****,2025-03-22T05:38:48.374+00:00,상품선택: 러닝벨트 / 색상: 블랙 / 사이즈: L,가성비최고입니다..추천합니다,5,1
alic**********,2025-03-22T04:14:21.629+00:00,상품선택: 러닝벨트 / 색상: 블랙 / 사이즈: L,굿굿!! 잘 사용할게요,5,1
tact****,2025-03-13T13:44:08.810+00:00,상품선택: 러닝벨트 / 색상: 블랙 / 사이즈: S,7년차 러닝하는데 버클식이아니라 입는식의 이 벨트가 에너지젤 무게분산으로 레이스하기 딱입니다,5,1
ange*****,2025-03-07T03:16:13.220+00:00,상품선택: 러닝벨트 / 색상: 블랙 / 사이즈: S,생각보다 튼튼하고 뛰어도 흘러내리지 않아 좋아요,5,1
wjdg*******,2025-02-23T06:23:16.267+00:00,상품선택: 러닝벨트 / 색상: 블랙 / 사이즈: S,등산할 ㄸ ㅐ쓰는데도 좋네요~ 러닝할ㄹ떄도 쓸 예정 굳,5,1
cand********,2025-03-07T05:48:27.986+00:00,상품선택: 러닝벨트 / 색상: 블랙 / 사이즈: S,"가뱌워요.
아직 날씨가 추어서 간편하게 착용 하고 달리랴보진 못함",3,1
beau*******,2025-03-11T12:18:56.656+00:00,상품선택: 러닝벨트 / 색상: 블랙 / 사이즈: S,사이즈~ 착용감 좋습니다ㅎ,5,1
wutl****,2025-02-14T04:58:04.719+00:00,상품선택: 러닝벨트 / 색상: 블루 / 사이즈: L,배송 빠르고 좋아요,3,7
2924****,2025-02-04T12:08:14.153+00:00,상품선택: 러닝벨트 / 색상: 블랙 / 사이즈: S,"추천 받아 샀는데 역시나네요!!????
두 손 가볍게 잘 뛰다 왔습니다~~^^",5,1
3579******,2025-02-10T02:59:12.919+00:00,상품선택: 러닝벨트 / 색상: 블랙 / 사이즈: S,저렴하고 빠른 배송 좋아요,5,1
ivid***,2025-03-11T07:34:22.993+00:00,상품선택: 러닝벨트 / 색상: 블랙 / 사이즈: S,완벽완벽완벽완벽완벽완벽완벽완벽완벽완벽완벽완벽완벽완벽완벽완벽완벽완벽완벽완벽완벽완벽,5,1
hyun********,2025-01-01T10:09:18.319+00:00,상품선택: 러닝벨트 / 색상: 블랙 / 사이즈: S,가격대비 성능 좋은 것 같아요! 세탁에도 처음 그대로고 가벼운 용도로 딱 좋은 것 같아요ㅎㅎ,5,1
tjdd******,2025-02-04T14:21:44.458+00:00,상품선택: 러닝벨트 / 색상: 블랙 / 사이즈: S,잘 입고 운동 하고 있습니다.,5,1
beco******,2025-01-16T08:08:48.737+00:00,상품선택: 러닝벨트 / 색상: 블랙 / 사이즈: S,러닝 입문자입니다. 가격대비 넘 좋아요. 기능과 편리성 둘 다 만족하는 제품이에요.,5,1
umhy***,2024-12-19T04:19:49.015+00:00,상품선택: 러닝벨트 / 색상: 블랙 / 사이즈: M,"바지 34사이즈 입는데,
벨트는 M사이즈 주문했구요
맨살에 그대로 벨트 착용하고 런닝해도
괜찮아요ㅎ 아주 편하게 잘 쓰고 있습니다.
 벨크로 벨트보다 더 편하게 느껴집니다.
다만 벨트 구멍 찾는게 어색하네요ㅎㅎ",5,1
qza1***,2025-01-05T13:43:06.023+00:00,상품선택: 러닝벨트 / 색상: 블랙 / 사이즈: M,핸드폰도 잘들어가고 흔들림없이 잘잡아주네요,5,1
swlo****,2024-12-17T06:02:34.881+00:00,상품선택: 러닝벨트 / 색상: 블랙 / 사이즈: L,흘러내리지 않고 괜찮아요 늘어나지만 않으면 될듯,5,1
some******,2025-02-12T02:48:21.007+00:00,상품선택: 러닝벨트 / 색상: 블루 / 사이즈: S,잘받았습니다 잘받았습니다,5,1
95****,2025-01-19T23:50:19.728+00:00,상품선택: 러닝벨트 / 색상: 형광 / 사이즈: M,편하고 좋습니다 굿,5,1
chmr***,2025-01-14T13:05:58.663+00:00,상품선택: 러닝벨트 / 색상: 블랙 / 사이즈: S,빠른배송 고맙습니다,4,1
sjun****,2024-12-28T14:07:09.447+00:00,상품선택: 러닝벨트 / 색상: 블랙 / 사이즈: S,"골반에 착용하길 권장한다고 되어있어, 러닝 시 레깅스 위 골반에 착용했으나 말려 올라갑니다. 조금 조이는 감은 있더라도 그냥 허리에 착용하는 편이고, 쫀쫀해서 말려드는 거 말고는 휴대폰이 떨어질 일은 없어요",5,1
mjle*****,2024-12-09T01:28:31.632+00:00,상품선택: 러닝벨트 / 색상: 블랙 / 사이즈: S,"예전에 플립벨트를 구입해서 오래 사용했더니, 조금 늘어나서 저렴한 이 제품으로 구입했는데, 조금 뻣뻣하긴 하지만 가성비는 좋네요.",5,1
yang*******,2024-12-24T01:50:57.536+00:00,상품선택: 러닝벨트 / 색상: 블랙 / 사이즈: S,런닝할때 편하고 좋아요~ 내 체형이 문제일수도 있는데... 뛰다 보면 내려가요... 조금씩.. 그래도 아주 편하고 좋아요,4,1
chjh***,2025-01-06T05:56:20.779+00:00,상품선택: 러닝벨트 / 색상: 블랙 / 사이즈: S,쫀쫀하니 달릴때 스마트폰 넣고 달려도 안정적이고 좋습니다.,5,1
wo****,2024-12-20T02:20:50.141+00:00,상품선택: 러닝벨트 / 색상: 블랙 / 사이즈: S,"러닝할 때 핸드폰을 주머니에 넣거나 손에 들면 균형이 안 맞아 불편할 때가 있지요. 요건 아주 물건입니다! 짱짱한 것이 허리도 잡아주면서 핸드폰 넣기 딱 이니, 운동 필수품이라고 할 수 밖에!!",5,1
no_r******,2025-01-09T07:09:08.195+00:00,상품선택: 러닝벨트 / 색상: 블랙 / 사이즈: S,ㅠㅜ안써봤지만 운동핡때좋을뜻,5,1
hwan***,2024-12-10T09:18:26.585+00:00,상품선택: 러닝벨트 / 색상: 형광 / 사이즈: M,폰을 쏙 넣고 장거리 러닝할때 흔들림 없이 잘 사용하고 있어요,5,1
em****,2024-12-11T13:05:31.389+00:00,상품선택: 러닝벨트 / 색상: 블루 / 사이즈: L,보기에는 조금 이상하던데 사용하니 편안하네요,5,1
nssi***,2024-12-26T13:27:40.486+00:00,상품선택: 러닝벨트 / 색상: 블랙 / 사이즈: M,큰 휴대폰도 넣을 수 있어서 러닝할 때 손을 자유롭게 사용할 수 있어요,4,1
kimj****,2024-12-12T05:32:28.138+00:00,상품선택: 러닝벨트 / 색상: 블랙 / 사이즈: S,러닝할때 잘 쓰고 있어요. 굿,5,1
aqua****,2024-12-15T02:37:16.244+00:00,상품선택: 러닝벨트 / 색상: 블랙 / 사이즈: S,달리기한 때 편하게 쓰네요.,5,1
tori***,2024-12-13T07:03:58.484+00:00,상품선택: 러닝벨트 / 색상: 형광 / 사이즈: S,아직 안뜯어봤지만 좋겠지요,5,1
ss****,2024-12-01T03:08:45.098+00:00,상품선택: 러닝벨트 / 색상: 블랙 / 사이즈: M,여름 가을 러닝할때 잘썻어요 이제 비수기 흑흑,5,1
crea*****,2024-12-09T10:15:35.415+00:00,상품선택: 러닝벨트 / 색상: 블랙 / 사이즈: S,런닝하면서 구매했는데 편안합니다,5,1
hyun********,2024-11-09T03:15:12.491+00:00,상품선택: 러닝벨트 / 색상: 블랙 / 사이즈: S,사이즈 생각했던 대로 딱 맞아서 좋았고 운동할때 확실히 벨트하고 안에 물건 넣고 하니까 좋더라고요 러닝 목적으로 산건데 이 가격에 이런 안정감이면 아주 만족입니다 저렴이로 쓰기 딱 좋아요,5,1
wonn********,2024-12-19T07:13:36.960+00:00,상품선택: 러닝벨트 / 색상: 형광 / 사이즈: S,"팔에 착용하는 것보다 편리하고 흘러내리지 않아서 좋아요
2번째 구매해서 사용하는 중입니다",5,1
tkfk****,2024-12-01T04:22:29.483+00:00,상품선택: 러닝벨트 / 색상: 블랙 / 사이즈: S,러닝하면서 열심히 쓰고있는데 뛰다보면 살짝 올라가는 느낌이있긴한데 넘 편하네요,5,1
gaga****,2024-11-28T07:53:48.568+00:00,상품선택: 러닝벨트 / 색상: 블랙 / 사이즈: S,마라톤 대비로 샀는데 너무 유용하게 잘썼어요!! 손이 가벼우니까 더 잘뛰어져요,5,1
ding***,2024-11-28T04:33:41.523+00:00,상품선택: 러닝벨트 / 색상: 블랙 / 사이즈: L,핸드폰 절때 안빠집니다! 헌닝할 때 너무 좋아요,5,1
wonn********,2024-12-19T07:15:09.993+00:00,상품선택: 러닝벨트 / 색상: 블랙 / 사이즈: S,사용해보고 만족도가 높아 아이들이랑 친구에게도 사줬습니다,5,1
mrch****,2024-10-16T12:33:26.660+00:00,상품선택: 러닝벨트 / 색상: 형광 / 사이즈: M,"173cm/76kg 체지방 보통(상),근육량 보통(상),허리치수34인치 남성입니다. 12km/h속도로 30분간 뛰는데,크게 신경쓰이진 않지만 갤럭시S21폰이 반바지주머니서 덜렁거리는걸 개선하고자 벨트를 샀습니다. L사려다 M을 샀는데 딱 맞네요. 벨트입는것도 전혀 힘들지않고,뛸때도 전혀 덜렁거리지 않아요. 크게 조이지도 않고요.
웬지 러닝자세도 좀 개선된 느낌입니다. 이틀간 착용한 결과는 대만족입니다.",5,1
je****,2024-12-13T00:53:59.666+00:00,상품선택: 러닝벨트 / 색상: 블랙 / 사이즈: L,"러닝할때 최고입니다~!
두손이 너무 가벼워서 좋아요",5,1
kdje***,2024-12-06T07:18:49.912+00:00,상품선택: 러닝벨트 / 색상: 블랙 / 사이즈: S,너무 유용하고 좋습니다 강추,5,1
im_d*******,2024-11-15T03:26:36.365+00:00,상품선택: 러닝벨트 / 색상: 블랙 / 사이즈: S,"배송도 빠르고 
허리에도 잘 맞아요~ 핸드폰이 어떻게 들어가나했는데 쏙  들어가고
밑으로 내려가지 않고 안정감있게 있어요^^",5,1
this*****,2024-12-11T04:44:50.503+00:00,상품선택: 러닝벨트 / 색상: 블랙 / 사이즈: M,내려가지 않고 탄탄해서 좋아요 러닝외에 등산때도 사용하고 있어요,5,1
mrch****,2024-11-22T10:21:07.620+00:00,상품선택: 러닝벨트 / 색상: 형광 / 사이즈: M,"매일 달리기 할 때 씁니다.
휴대폰이 덜렁거리지 않아서 좋습니다 한 번 빨았는데 늘어나거나 하지는 않는 것 같습니다",5,1
hyel****,2024-11-06T14:05:51.552+00:00,상품선택: 러닝벨트 / 색상: 블랙 / 사이즈: S,"스판형태여서 더 좋은거 같아요 
런닝할때 휴대폰 에어팟등이 걸리적거렸는데
이거 하나로 해결! 같이 산 헤어밴드도 너무 이뻐요
잘쓸게요",4,1
seej***,2025-01-20T06:51:36.367+00:00,상품선택: 러닝벨트 / 색상: 블랙 / 사이즈: L,좋습니다..........,5,1
wonn********,2024-12-19T07:14:08.762+00:00,상품선택: 러닝벨트 / 색상: 블랙 / 사이즈: M,편리하고 짱짱해서 좋아요,5,1
sada***,2024-12-17T07:47:54.506+00:00,상품선택: 러닝벨트 / 색상: 블랙 / 사이즈: M,배송빠르고 좋아요~,5,1
mode******,2024-11-25T08:41:37.086+00:00,상품선택: 러닝벨트 / 색상: 블랙 / 사이즈: L,가장 간편하게 사용할수있어요,5,1
masa******,2024-11-06T00:13:40.860+00:00,상품선택: 러닝벨트 / 색상: 블랙 / 사이즈: S,"마침 필요했는데 리뷰들이 가성비 갑이라고 해서 구입했습니다~아직 사용전이지만 편하고 좋을것 같아요~
저렴하게 잘 산듯합니다~^^
감사합니다~",5,1
peac*****,2024-11-26T01:43:50.472+00:00,상품선택: 러닝벨트 / 색상: 블랙 / 사이즈: M,운동할때 유용하게 쓰고 있습니다,5,1
qhdk******,2024-12-07T00:01:42.556+00:00,상품선택: 러닝벨트 / 색상: 블랙 / 사이즈: M,조금 말리는데 ㄱ가성비제품으러 사용하기 좋은거같아요,5,1
feel*****,2024-11-28T04:28:25.709+00:00,상품선택: 러닝벨트 / 색상: 블랙 / 사이즈: S,"짱짱합니다ㅋ등산할때, 러닝할때 다 좋습니다
방수는 안되서 땀이 스민다는 단점이 있지만
세탁하고 건조 잘 해서 쓰면 되니깐 큰 문제는 아니에요~ 잘 쓰겠습니당",5,1
dydt******,2024-12-18T01:10:52.798+00:00,상품선택: 러닝벨트 / 색상: 블랙 / 사이즈: M,이상하고 불편합니다.,3,1
lady******,2024-11-12T13:07:25.815+00:00,상품선택: 러닝벨트 / 색상: 블루 / 사이즈: S,좋아요. 만족해요. 잘쓰고 있어요. 착용하고 마라톤 참여 ㅎ,4,1
oo****,2024-11-14T22:40:58.597+00:00,상품선택: 러닝벨트 / 색상: 블랙 / 사이즈: M,처음 착용은 조금 더 번거롭지만 벨트형보다 흔들림이 적어서 뛸때 좋아요.,5,1
mam8*****,2024-11-22T04:25:56.722+00:00,상품선택: 러닝벨트 / 색상: 블랙 / 사이즈: M,사용 잘 하고 있습니다~필요하면 다시 구매 할께요~^^,3,1
fine****,2024-11-05T00:19:41.743+00:00,상품선택: 러닝벨트 / 색상: 블랙 / 사이즈: S,러닝할때ㅜ너무 좋네요 흘러내리지도 않아서 잘쓰고 있습니다. 핸드폰이랑 이어폰 넣기 딱 좋아요,5,1
song*****,2024-11-05T02:07:11.650+00:00,상품선택: 러닝벨트 / 색상: 블랙 / 사이즈: S,리뷰가 망ㅎ더니 좋데용 벨트가 흔들거리능게 덜하고 좋아여!! 대회때두 착용하구 나갓는데 핸드폰 에어팟 케이스 둘다 문제 없이 수납햇숩니당,5,1
paol****,2024-11-23T06:02:31.996+00:00,상품선택: 러닝벨트 / 색상: 블랙 / 사이즈: S,포켓이 유용해서 잘쓰게되요,5,1
ks****,2024-11-07T04:00:53.647+00:00,상품선택: 러닝벨트 / 색상: 블랙 / 사이즈: S,"버클식 사용하다가 이걸로 넘어왔는데

밀착력, 안정성, 촉감 모두 더 뛰어납니다

두께가 있어서 내구성도 좋습니다",5,1
ribe*****,2024-12-10T06:36:42.616+00:00,상품선택: 러닝벨트 / 색상: 블랙 / 사이즈: M,손이 자유스러워져서 운동할때 정말 편해요,5,1
cher********,2024-11-07T02:45:16.727+00:00,상품선택: 러닝벨트 / 색상: 블랙 / 사이즈: S,164/55 허리 28정도입늗데 후기 보고 고민하다가 s 샀어요 s가 맞는거같아요 m샀으면 좀 컸을뻔,5,1
give***,2024-12-07T12:43:56.898+00:00,상품선택: 러닝벨트 / 색상: 블랙 / 사이즈: L,만족합니다  잘쓸게요,5,1
sjun****,2024-11-14T00:12:28.635+00:00,상품선택: 러닝벨트 / 색상: 블랙 / 사이즈: S,"다들 후기가 좋고, 짱짱하고 흘러내리지 않는다고 해서 믿고 샀습니다. 말 그대로 짱짱하고 흘러내리지 않더라고요. 다만 골반에 착용을 권장한다고 하셨는데, 제가 s사이즈여서 그런지 몰라도 골반에 착용하고 휴대폰을 넣어두고 뛰어보니 안정감있게 골반에서 버티지 못하고 허리로 말려올라가더라고요 ........ 슬프네요",4,1
bala*****,2024-12-11T01:49:35.381+00:00,상품선택: 러닝벨트 / 색상: 블랙 / 사이즈: M,쪼이는거없이 편합니다,5,1
hika******,2024-11-10T13:39:26.274+00:00,상품선택: 러닝벨트 / 색상: 블랙 / 사이즈: L,"러닝을 할때 착용후 핸드폰,이어폰케이스,손수건을 넣어도 빠지지 않고 좋아요^^",5,1
cp_s****,2024-12-04T10:24:58.842+00:00,상품선택: 러닝벨트 / 색상: 블랙 / 사이즈: M,배송 정말 빠르고 쓸만하고 좋습니다.,5,1
njoo*****,2024-12-02T11:36:28.502+00:00,상품선택: 러닝벨트 / 색상: 블랙 / 사이즈: L,좀 빈약한 느낌 입니다. 사용하기에는 좀 부족한 느낌,3,1
to****,2024-12-03T12:45:55.031+00:00,상품선택: 러닝벨트 / 색상: 블랙 / 사이즈: L,아주 편리하고 디자인도 예쁘네요,4,1
zaiz*****,2024-11-24T03:35:52.144+00:00,상품선택: 러닝벨트 / 색상: 블랙 / 사이즈: M,러닝에 최적인 제품입니다. 매우 만족하며 사용하고 있습니다.,5,1
aire*******,2024-11-12T13:34:50.109+00:00,상품선택: 러닝벨트 / 색상: 블랙 / 사이즈: L,빠른 배송 감사합니다,5,11
seo1****,2024-11-25T04:54:41.727+00:00,상품선택: 러닝벨트 / 색상: 블랙 / 사이즈: S,"저렴한 가격에 너무 잘샀어요.
두 개 살걸 그랬어요",5,1
lady******,2024-11-05T08:56:59.667+00:00,상품선택: 러닝벨트 / 색상: 형광 / 사이즈: S,짱짱하니 편하네요. 쨍한 색깔도 맘에 들어요,5,1
cute******,2024-11-08T08:48:43.298+00:00,상품선택: 러닝벨트 / 색상: 블랙 / 사이즈: M,배송도 빠르고 달릴때 좋아요,5,1
kimd****,2024-11-19T03:08:33.935+00:00,상품선택: 러닝벨트 / 색상: 블랙 / 사이즈: L,핸드폰 넣고 뛰기 좋더라구요. 그런데 핸드폰이랑 차키 같이 넣어두니 폰이 커서 그런지 입구가 좀 벌어지나봐요,4,1
ilii********,2024-11-10T12:09:10.200+00:00,상품선택: 러닝벨트 / 색상: 블랙 / 사이즈: M,"땀이 잘 마르고 안흘러내려서 좋습니다.
단점은 이거 편해서 
정신못차리고 맨날 러닝하다가
다쳐서 일주일째 병원 다니고 있습니다 ㅠㅠ
비싼돈주고 다른거 사지마시고
이거 사세요!",5,1
ecar****,2024-11-18T11:25:34.618+00:00,상품선택: 러닝벨트 / 색상: 블랙 / 사이즈: S,배송 빨랐습니다. 잘 산거 맞겠죠..? 엉뚱한 곳에 딸려 가서 아직 써보기 전입니다,5,1
q858****,2024-12-01T21:27:39.647+00:00,상품선택: 러닝벨트 / 색상: 블랙 / 사이즈: S,살짝 늘어나긴해도 짱짱하네요,5,1
chag******,2024-11-14T01:55:43.708+00:00,상품선택: 러닝벨트 / 색상: 형광 / 사이즈: S,"색깔도 이쁘고 다 좋았는데 
야심차게 사용하고 후기 올리고 싶었지만
개인 사정으로 마라톤을 못참여 하게되서,
그래도 요긴하게 잘 쓸거 같습니다
날씬하신분들은 몸에 착붙할거 같아요",5,1
whgd*****,2024-11-02T15:20:02.534+00:00,상품선택: 러닝벨트 / 색상: 블랙 / 사이즈: S,근래 구매한것중 가장 만족 이걸 왜 이제 알았을까 싶은 필수템,5,1
4all****,2024-10-24T09:32:45.375+00:00,상품선택: 러닝벨트 / 색상: 블랙 / 사이즈: M,"살이 많이 쪄서 M으로 샀는데 여유 있게 맞아요
러닝으로 살 빼서 S 사야겠어요
손이 편하니 달리기에 집중돼서 좋은데 땀난거 그대로 핸드폰에 묻는건 불편해요",4,1
hana***,2024-10-15T12:43:29.932+00:00,상품선택: 러닝벨트 / 색상: 블랙 / 사이즈: S,런닝할때 핸드폰을 주머니에 넣으면 무겁고 손에 들고 뛰기도 힘든데 이게 좋아요흘러내리면 어쩌나하고 구입했는데 짱짱하고 너무 좋아요 진작살걸 왜 이제 구입하는지 살짝 후회하네요 ㅎㅎ,5,1
uji0****,2024-12-03T11:21:36.401+00:00,상품선택: 러닝벨트 / 색상: 블랙 / 사이즈: L,좋은데 컨 걸 샀어요,5,1
chag******,2024-11-14T01:54:32.371+00:00,상품선택: 러닝벨트 / 색상: 블랙 / 사이즈: L,"마라톤할때 사용했는데 사길 잘했다는 생각을 했습니다
사이즈가 없어 큰사이즈를 주문한게 조금 아쉬웠지만
나름 역할을 잘해줘서 도움이 되었습니다",5,1
oc****,2024-11-06T07:11:39.908+00:00,상품선택: 러닝벨트 / 색상: 블랙 / 사이즈: S,너무 좋아요~ 이것민 쓰네요,5,1
yjh9****,2024-11-28T10:59:23.050+00:00,상품선택: 러닝벨트 / 색상: 블랙 / 사이즈: L,잘받았습니다간사합니다,5,1
hspi******,2024-10-30T21:46:02.017+00:00,상품선택: 러닝벨트 / 색상: 블랙 / 사이즈: M,"출렁거리지 않고, 달리는데 불편하지도 않아요. 숨쉬는데도 전혀 불편하지 않습니다.",5,1
yeju***,2024-10-09T05:40:02.129+00:00,상품선택: 러닝벨트 / 색상: 블랙 / 사이즈: M,라지 사이즈 구매했다가 너무 커서 미듐 사이즈로 재구매입니당?? 제품은 넘 좋은데 치수 확인하고 샀는데도 저한테는 컸어요?? 제품 자체가 촉감이 부드럽고 운동복 입은 마냥 편해서 딱 맞게 사용하는게 더 좋습니당??,5,1
3006***,2024-11-28T05:37:02.158+00:00,상품선택: 러닝벨트 / 색상: 블랙 / 사이즈: S,운동할때 너무 유용하게 쓰고 있습니다.,5,1
shal****,2024-12-02T06:12:17.060+00:00,상품선택: 러닝벨트 / 색상: 블랙 / 사이즈: S,그럭저럭 그렇습니다.,3,1
roll********,2024-11-22T08:19:37.359+00:00,상품선택: 러닝벨트 / 색상: 블랙 / 사이즈: S,다른거 쓰다가 이제품으로 샀는데 배위로 잘 안올라가길 기대해봅니다,5,1
ol****,2024-11-07T01:45:31.465+00:00,상품선택: 러닝벨트 / 색상: 블랙 / 사이즈: M,흔들리지 않아 러닝할 야 좋습니다,5,1
ksth*******,2024-11-26T01:52:51.406+00:00,상품선택: 러닝벨트 / 색상: 블랙 / 사이즈: L,좋아오. 만작합니나.,5,1
yang*******,2024-11-22T03:22:01.737+00:00,상품선택: 러닝벨트 / 색상: 블랙 / 사이즈: S,사이즈 적당하고 핸드폰도 들어가고 사용하기 편할거 같아요.,4,1
el****,2024-11-07T08:12:28.374+00:00,상품선택: 러닝벨트 / 색상: 블랙 / 사이즈: S,달리기할때 너무 편합니다,5,1
down****,2024-10-16T22:41:30.396+00:00,상품선택: 러닝벨트 / 색상: 블랙 / 사이즈: M,신축성이 생각 이상으로 괜찮고 내구성도 괜찮아요.가격대비 최고입니다,5,1
gmlw******,2024-10-22T01:29:44.842+00:00,상품선택: 러닝벨트 / 색상: 블랙 / 사이즈: S,사이즈도 넉넉하고 벨트하고 뛸 때 불편한 점 없어서 만족합니다 ?? 가격대비 짱짱하니 좋아용,5,1
zzan******,2024-11-02T05:24:54.307+00:00,상품선택: 러닝벨트 / 색상: 블랙 / 사이즈: M,조깅시 사용중인데 만족합니다,5,1
kgd7*****,2024-11-18T10:22:26.783+00:00,상품선택: 러닝벨트 / 색상: 블랙 / 사이즈: S,"가성비 최고 물건입니다.
빨아도 상태 좋아요",5,1
jhyu***,2024-10-25T07:47:15.296+00:00,상품선택: 러닝벨트 / 색상: 블랙 / 사이즈: S,편리해요 주머니 없는 날도 걱정없이 나갈수있어요,5,1
npsb****,2024-11-13T02:06:45.449+00:00,상품선택: 러닝벨트 / 색상: 블랙 / 사이즈: L,188/90입니다 L사이즈 쫀쫀하고 좋습니다 흘러내릴까 걱정했는데 별걱정이였네요 ㅎ,5,1
namg*******,2024-11-19T11:03:15.279+00:00,상품선택: 러닝벨트 / 색상: 블랙 / 사이즈: M,달리기 할때 필수아이템 진짜 편해요,5,1
keng****,2024-11-02T05:04:11.303+00:00,상품선택: 러닝벨트 / 색상: 블랙 / 사이즈: S,가볍고 편리하고 좋아요!,5,1
an****,2024-11-21T23:54:14.460+00:00,상품선택: 러닝벨트 / 색상: 블랙 / 사이즈: L,짱짱하니 좋은거 같아요,5,1
cmh6***,2024-11-20T05:51:52.804+00:00,상품선택: 러닝벨트 / 색상: 블랙 / 사이즈: S,만족하며 잘사용 하고 있습니다.,5,1
rain*******,2024-11-03T01:14:32.927+00:00,상품선택: 러닝벨트 / 색상: 블랙 / 사이즈: M,사이즈가 살짝 크지만 좋습니다!!!,5,1
ksk2***,2024-09-28T03:49:30.638+00:00,상품선택: 러닝벨트 / 색상: 블랙 / 사이즈: L,착용감 좋고 맨살에 닿아도 부드럽고 거부감 없습니다 지갑 이어폰 케이스 소프트 플라스크까지 수납 가능합니다 엉덩이 위에 살포시 걸어놓고 달리고 있습니다. ... 좀더 사용하다 보니 뒤보다 앞으로 놓고 달리는게 더 편하네요 흔들림도 없고..,5,1
sa****,2024-11-06T08:02:44.956+00:00,상품선택: 러닝벨트 / 색상: 블랙 / 사이즈: S,"사용하기 편리해요. 등산이나 러닝할때 간편하게 소지품보관 가능해요
착용감도 좋습니다.",5,1
ra****,2024-10-31T02:10:47.436+00:00,상품선택: 러닝벨트 / 색상: 형광 / 사이즈: M,배송도 빠르고 만족합니다.,5,1
navy******,2024-10-29T00:07:45.906+00:00,상품선택: 러닝벨트 / 색상: 블랙 / 사이즈: M,고민고민하다 구매했는데 너무 좋아요,5,1
kjhw******,2024-11-17T04:53:28.692+00:00,상품선택: 러닝벨트 / 색상: 블랙 / 사이즈: M,산책 메이트 손이 자유로워 너무너무 좋아요.,5,1
shou******,2024-10-22T09:22:20.298+00:00,상품선택: 러닝벨트 / 색상: 블루 / 사이즈: S,예전부터 몇번 구매한 제품이에요 가성비 좋고 사용편리해요,5,1
cywj********,2024-10-30T08:32:19.394+00:00,상품선택: 러닝벨트 / 색상: 형광 / 사이즈: M,배송 빠르고 좋아요 너무 잘사용하고 있습니다 감사합니다.,5,1
wool*****,2024-10-23T09:00:12.463+00:00,상품선택: 러닝벨트 / 색상: 블랙 / 사이즈: M,"허리 33-34인데 m 사이즈가 딱 좋네요. 핸드폰 넣고 빼기 좋고요. 넣는 입구가 잘못하면 찢어지지 않을까도 싶은데, 내구성이야 뭐, 써보면 알겠죠. 만약 내구성까지 평균 정도 갖췄다면 가성비 포함해서 거의 최강의 러닝벨트가 되지 않을까 싶네요.",5,1
jang***,2024-10-23T02:38:32.948+00:00,상품선택: 러닝벨트 / 색상: 블랙 / 사이즈: S,원하는 디자인은 아닙니다. 그래도 써볼께요 감사합니다,5,1
kbgl***,2024-10-30T11:10:12.705+00:00,상품선택: 러닝벨트 / 색상: 블랙 / 사이즈: M,여행와서 잘사용하고있습니다 ㅎㅎ,5,1
them****,2024-10-27T09:26:46.476+00:00,상품선택: 러닝벨트 / 색상: 블랙 / 사이즈: S,쪼임이 딱 있어서 안 내려가고 괜찮아요&lsquo;,4,1
153s****,2024-10-27T02:45:32.991+00:00,상품선택: 러닝벨트 / 색상: 블랙 / 사이즈: M,"오늘 마라톤 뛸때 쓰러교 샀는데 쳐박아놓고 잃어버렸네요ㅠ
이전에 산책할때 썻을땐 아주 딱 착 감기는게 좋았습니다! 플립폰 쓰는데 두툼해도 괜찮았어요",5,1
zomb***,2024-10-20T02:15:29.939+00:00,상품선택: 러닝벨트 / 색상: 블루 / 사이즈: S,딱 맞네요 쫀쫀하고 핸드폰 수납도 좋아요,5,1
yehe*****,2024-10-15T08:35:55.521+00:00,상품선택: 러닝벨트 / 색상: 블랙 / 사이즈: L,러닝할때폰을어떻게해야될지찾다가구매했어요!!간단하게쓰기매우적절합미다,5,1
ad****,2024-10-12T04:17:44.976+00:00,상품선택: 러닝벨트 / 색상: 블랙 / 사이즈: M,러닝할때마다 사용하는데 간편하고 좋았습니다. 지퍼는 굳이 없어도 딱히 안 불편해요,5,1
juin******,2024-10-04T15:17:45.184+00:00,상품선택: 러닝벨트 / 색상: 형광 / 사이즈: M,"바지 29 정도 입는데 m사이즈 너므 끼지도 않고 헐렁히지도 않고 잘 맞아요 골반에 걸려서 핸드폰이 있는지도 모를 정도로 편해요!
추가한 머리밴드도 좋고 사은품 손목밴드까지 감사합니다",5,1
hjb0***,2024-10-14T02:25:47.636+00:00,상품선택: 러닝벨트 / 색상: 블랙 / 사이즈: M,"오 머리띠가 제일 대박이네요.만듦새가 애플같이 정교하데 잘짜여져 있네요.
가방은 뭐 당연히 좋구요.",5,1
hans****,2024-11-18T23:38:00.355+00:00,상품선택: 러닝벨트 / 색상: 블랙 / 사이즈: L,좀 두꺼운거 같아요,4,1
viru****,2024-10-22T05:31:56.030+00:00,상품선택: 러닝벨트 / 색상: 블랙 / 사이즈: S,"배송 빠르고, 제품 쓰기 좋아요!",4,1
ckdg******,2024-11-12T14:33:48.936+00:00,상품선택: 러닝벨트 / 색상: 블랙 / 사이즈: S,러닝할때 안떨어져서 넘 좋아요,5,1
aran*****,2024-10-04T02:59:27.806+00:00,상품선택: 러닝벨트 / 색상: 블랙 / 사이즈: S,허리가 30인치 정도 되는데 약간 타이트하지만 운동하면서 빼면 될 거 같아요. 그리고 아이폰 13미니 정도는 충분히 들어가고 카드나 얇고 작은 물건도 들어가서 좋아요.,5,1
oo****,2024-10-14T08:58:35.403+00:00,상품선택: 러닝벨트 / 색상: 블랙 / 사이즈: M,"런닝벨트 (고리식) 보다 안정적이고 
또 사용도 편합니다.
기존에도 하나 썼는데 살이빠져서 작은 사이즈로 재구매 합니다.",5,1
ejho****,2024-11-01T03:52:21.168+00:00,상품선택: 러닝벨트 / 색상: 형광 / 사이즈: L,아침 조깅할 때마다 스마크폰 넣는데 사용하고 있어요. 좋은 제품입니다.,5,1
god3***,2024-11-06T08:30:25.483+00:00,상품선택: 러닝벨트 / 색상: 블랙 / 사이즈: S,물건이 빠지지는 않아요 ㅎㅎ 무게에 따라 좀 쏠리기는 합니다 잘 썻어요 ~,3,1
kckc******,2024-10-25T12:29:27.037+00:00,상품선택: 러닝벨트 / 색상: 블랙 / 사이즈: M,손이 자유로우니 너무 편해요,5,1
yeju***,2024-10-02T11:10:22.798+00:00,상품선택: 러닝벨트 / 색상: 블랙 / 사이즈: L,매번 휴대폰에 에어팟케이스 양손에 쥐고 뛰던 런린이는 이제 행복합니다??사이즈가 생각보다 넉넉하네요 다음번에는 한 사이즈 작은걸로 밝은색 구매하러 오겠습니다!??,5,1
saen****,2024-11-08T13:41:42.706+00:00,상품선택: 러닝벨트 / 색상: 형광 / 사이즈: S,자꾸 말려요. 핸드폰 넣은 부분만 빼고요. 불편하네요.,3,1
dark***,2024-11-05T09:30:44.542+00:00,상품선택: 러닝벨트 / 색상: 형광 / 사이즈: L,처음엔 이게 맞나 했는데 폭도 넓고 부드러워서 착용감이 매우 좋습니다,5,1
y635***,2024-10-31T00:24:15.428+00:00,상품선택: 러닝벨트 / 색상: 블랙 / 사이즈: S,잘받았어요. 아직 사용은 안했지만 추천받았으니 좋을거라고 생각합니다,5,1
seey******,2024-10-08T04:16:58.670+00:00,상품선택: 러닝벨트 / 색상: 블랙 / 사이즈: L,잘 받았습니다. 생긱했던 것 만큼 품질과 디자인 색상에 만족합니다.  잘 사용할게요.,5,1
ra****,2024-11-12T09:09:25.572+00:00,상품선택: 러닝벨트 / 색상: 블랙 / 사이즈: M,배송도빠르고 민족합니다,5,1
yeju***,2024-10-09T05:41:18.685+00:00,상품선택: 러닝벨트 / 색상: 형광 / 사이즈: M,사이즈미스로 재구매하면서 블랙과 함께 구매했습니다?? 생각보다 훨씬 더 형광색인데 야간 러닝때 유용하게 쓸거에오??,5,1
june*******,2024-10-17T08:48:11.780+00:00,상품선택: 러닝벨트 / 색상: 블랙 / 사이즈: M,"너무 너무 커요
젤 작은거 사도 클것 같아요 ㅠ
줄여서 써야겠어요",3,1
jn10****,2024-10-12T04:18:58.892+00:00,상품선택: 러닝벨트 / 색상: 블랙 / 사이즈: S,"처음에 생각보다 많이 조여서 사용하다 보면 좀 늘어나지 않을까 했는데 생각보다 안 늘어나네요 ㅋㅋ
골반에 걸쳐서 착용하면 제법 괜찮습니다.
이용할 때마다 M사이즈가 좋았으려나 싶은 아쉬움도 있긴 하지만 만족하며 사용중입니다.",4,1
supe*****,2024-09-24T04:27:36.198+00:00,상품선택: 러닝벨트 / 색상: 블랙 / 사이즈: L,"3-4년전 구입후 너무만족도가 높아 재구매하였습니다. (제품 검색하는데 힘들었어요 ㅠㅠ)
이물감없이 허리에 편안하게 안착되서 너무 좋습니다. 벨트나 다른 밴드있는 제품들보다 착용감도 편할거같아요. 단 바지처럼 입어야한다는 ㅎㅎ

정말 강추합니다. 단, 땀을 많이 흘리는 분들은 매일 운동하실거면 두개 주문하시는걸 추천드려요. 소재특성상 마르는데 시간이 좀 걸려요( 운동복이랑 같이 빨아서 저녁에 널어두면 얘만 덜마르네요)",5,1
ny****,2024-10-11T02:59:38.935+00:00,상품선택: 러닝벨트 / 색상: 블랙 / 사이즈: M,아직 뛰어보진 않았지만 핸드폰 쏙 들어가고 사이즈도 잘 맞고 맘에 들어요ㅎㅎ,5,1
jyun****,2024-11-07T13:02:37.124+00:00,상품선택: 러닝벨트 / 색상: 블랙 / 사이즈: S,조금 두꺼운 면이 있지만 가방이나 클립형태보다는 편해요,4,1
hapl***,2024-10-14T08:49:46.288+00:00,상품선택: 러닝벨트 / 색상: 블랙 / 사이즈: S,"러닝때 필수템
가볍고 저렴하고 잘 마르고 좋아요.",5,1
nagn*****,2024-09-24T05:30:27.919+00:00,상품선택: 러닝벨트 / 색상: 블랙 / 사이즈: M,"가격대비 완존 좋아요
오니지꺼랑 같이 구매해서 
와이프보고 사용해보라 했는데
오니지꼬는 팽당했어요
지가 사용해야할 듯",5,1
sigh****,2024-10-15T23:28:53.132+00:00,상품선택: 러닝벨트 / 색상: 블랙 / 사이즈: M,방수가 안되어 다른거 샀어요. 방수 되는걸로 사세요.,5,1
best***,2024-10-19T12:37:33.594+00:00,상품선택: 러닝벨트 / 색상: 블랙 / 사이즈: M,"허리가 편하네요
잘쓰겠습니다.",5,1
mj****,2024-10-10T12:56:29.963+00:00,상품선택: 러닝벨트 / 색상: 블랙 / 사이즈: M,"배송 빠르고 이것저것 다들어가고
흔들림적어 런닝 필수템 입니다",5,1
ssh_****,2024-10-24T13:26:36.233+00:00,상품선택: 러닝벨트 / 색상: 블랙 / 사이즈: L,편하게 정말 좋으네요~=,5,1
air1***,2024-10-14T00:42:49.150+00:00,상품선택: 러닝벨트 / 색상: 블랙 / 사이즈: M,빠른배송 감사합니다. 다른평들처럼 밴딩이기ㄸㅐ문에 사이즈에 여유가 있습니다. 평소 구매보다 한치수 작게 구매한다고 생각하시는게 좋을것 같아요! 사용해본결과 편하기는 매우 편합니다.,5,1
wlst****,2024-10-17T07:45:31.654+00:00,상품선택: 러닝벨트 / 색상: 블랙 / 사이즈: M,만족합니다 ㅎㅎ 좋네요,5,1
best***,2024-10-19T12:38:28.668+00:00,상품선택: 러닝벨트 / 색상: 블랙 / 사이즈: S,"허리가 편하네요

잘쓰겠습니다.",5,1
whdr*****,2024-11-04T05:38:25.983+00:00,상품선택: 러닝벨트 / 색상: 블랙 / 사이즈: S,짱짱하네요 감사합니다 런닝할때 너무 편할거같아요,5,1
jhjh***,2024-09-11T07:41:19.090+00:00,상품선택: 러닝벨트 / 색상: 블랙 / 사이즈: S,"53kg 161cm / 바지 24~25 / 뱃살은 거의 없고 골반 보통인 체형/ 아이폰 13프로 

S사이즈 구입해서 입었는데 이런 핏이고 
허리에는 헐렁하며 골반에 채워서 달립니다 
쓸린다는 느낌은 들지는 않지만 
격하게 달린 날에는 벨트가 말리는 느낌이 있기는 합니다. 그렇지만 착용감 좋아요 

핸드폰이 크다보니, 넣을 때 뜯어질까봐 불안하고 
조심스럽게 넣어야합니다",5,1
clea****,2024-10-13T14:19:19.025+00:00,상품선택: 러닝벨트 / 색상: 블랙 / 사이즈: S,"후기보고 한 치수 작은거 선택했더니 딱 좋네요
잘 쓸께요~",4,1
kdus*****,2024-11-08T13:39:46.979+00:00,상품선택: 러닝벨트 / 색상: 블랙 / 사이즈: S,육상하는 아이가 잘사용합니다,4,1
june****,2024-11-04T12:47:57.226+00:00,상품선택: 러닝벨트 / 색상: 블랙 / 사이즈: S,처음 보고 이게 맞나 싶었는데 핸드폰 절대 안떨어지네요,5,1
tmdd****,2024-11-08T00:37:44.231+00:00,상품선택: 러닝벨트 / 색상: 블랙 / 사이즈: L,튼튼해보여서 좋아요,5,1
save*****,2024-10-08T12:52:08.740+00:00,상품선택: 러닝벨트 / 색상: 블랙 / 사이즈: S,어떤 분들 후기처럼 찬지도 모를 정도는 아니구요 엄청 편하긴 하네요,5,1
wlst****,2024-10-17T07:45:54.520+00:00,상품선택: 러닝벨트 / 색상: 블랙 / 사이즈: L,만족합니다 좋아요~!,5,1
ombr*******,2024-10-18T15:35:58.277+00:00,상품선택: 러닝벨트 / 색상: 블랙 / 사이즈: M,매일 러닝하면서 잘 쓰고 있습니다.,4,1
rnjs******,2024-10-11T14:21:57.355+00:00,상품선택: 러닝벨트 / 색상: 블랙 / 사이즈: M,"작고 슬림하니 좋아요.
절쓸게요",5,1
jay4***,2024-10-12T13:49:31.567+00:00,상품선택: 러닝벨트 / 색상: 블랙 / 사이즈: S,편한거같아요! 가성비 굿,5,1
dyna*******,2024-10-02T09:18:25.171+00:00,상품선택: 러닝벨트 / 색상: 블랙 / 사이즈: L,"저렴한맛에 쓸만한것같습니다
사이즈는 183에80에 L사이즈했는데 핏한느낌이없이 여유가있네요 
그리고 고정이안되고 말림현상이있어요",4,2
dyna*******,2024-10-02T09:18:05.629+00:00,상품선택: 러닝벨트 / 색상: 형광 / 사이즈: M,"저렴한맛에 쓸만한것같습니다
사이즈는 183에80에 L사이즈했는데 핏한느낌이없이 여유가있네요 
그리고 고정이안되고 말림현상이있어요",4,1
1018***,2024-11-01T02:41:11.500+00:00,상품선택: 러닝벨트 / 색상: 블랙 / 사이즈: M,"다른것도 구매해서 사용했었는데
가장 만족스럽네요",4,1
juwh****,2024-10-08T10:30:41.235+00:00,상품선택: 러닝벨트 / 색상: 블랙 / 사이즈: M,항상 너무 편하게 사용해요. 만족도가 너무 높습니다.,5,1
97****,2024-10-11T23:25:16.061+00:00,상품선택: 러닝벨트 / 색상: 블랙 / 사이즈: L,가볍고 편해요 주머니에 휴대폰 잘들어가요,5,1
lfmc******,2024-11-04T12:24:11.334+00:00,상품선택: 러닝벨트 / 색상: 블랙 / 사이즈: M,빠지지않는구조에여 좋아요,5,1
juin******,2024-10-04T15:18:37.579+00:00,상품선택: 러닝벨트 / 색상: 블랙 / 사이즈: M,"좋아요 좋아요
제거 사면서 같이 런닝하는 친구 것도 선물했는데 만족하네요",5,1
yehe*****,2024-10-15T08:36:53.275+00:00,상품선택: 러닝벨트 / 색상: 블랙 / 사이즈: S,러닝할때간단한물품챙기기딱좋아오,5,1
7wes******,2024-11-27T21:47:39.414+00:00,상품선택: 러닝벨트 / 색상: 블랙 / 사이즈: L,스바라시스고이굿굿굿,5,1
magu****,2024-11-03T10:22:10.008+00:00,상품선택: 러닝벨트 / 색상: 블랙 / 사이즈: M,가성비 최고 두개 구매했습니다,5,1
lhju*****,2024-11-03T00:36:50.440+00:00,상품선택: 러닝벨트 / 색상: 블랙 / 사이즈: M,편하고 걸리는게 없어서 좋아요,5,1
gpfl****,2024-11-07T06:52:36.452+00:00,상품선택: 러닝벨트 / 색상: 블랙 / 사이즈: S,잘 쓰고 있어요 튼튼함!,5,1
lee_****,2024-10-22T06:05:24.880+00:00,상품선택: 러닝벨트 / 색상: 형광 / 사이즈: S,"러닝 친구한테 추천받고 바로 하나 구매, 만족해서 하나더 구매합니다 
하나도 안 흔들리고 딱 잡아줍니다 
좋습니다 다들 잘 뛰세요!",5,1
rlad*****,2024-10-18T00:15:42.290+00:00,상품선택: 러닝벨트 / 색상: 블랙 / 사이즈: M,베송빠르고 좋습니다.,5,1
95****,2024-11-06T04:55:23.555+00:00,상품선택: 러닝벨트 / 색상: 형광 / 사이즈: M,런닝할때 좋아요...,5,1
alse******,2024-10-06T11:43:28.510+00:00,상품선택: 러닝벨트 / 색상: 블랙 / 사이즈: S,런닝하는데 삶의질 수직상승이에요ㅎㅎ 아주 좋아용,5,1
ddan*******,2024-11-03T14:29:36.919+00:00,상품선택: 러닝벨트 / 색상: 블랙 / 사이즈: M,러닝할때 확실히 있으니깐.. 편하네요.,5,1
rlae*****,2024-10-20T03:10:31.420+00:00,상품선택: 러닝벨트 / 색상: 블랙 / 사이즈: L,"배송도 빠르고, 바로 사용해봤는데 물건 떨어지지 않았습니다. (스마트폰, 차키)",5,1
sijm****,2024-11-05T10:24:34.541+00:00,상품선택: 러닝벨트 / 색상: 블랙 / 사이즈: L,달릴때 좋네요! 편하고,5,1
ono1***,2024-09-24T09:40:58.069+00:00,상품선택: 러닝벨트 / 색상: 블랙 / 사이즈: L,"밴드식이며 흘러내리지 않네요
휴대품을 끼우는식이고 (닫히는 스타일아님)
고리가 있어서 이어폰케이스도 가지고다닐수 있네요",5,1
didw********,2024-10-14T01:15:03.942+00:00,상품선택: 러닝벨트 / 색상: 블랙 / 사이즈: S,운동할때 사용하고 있어요,5,1
ggog******,2024-10-04T11:47:44.505+00:00,상품선택: 러닝벨트 / 색상: 블랙 / 사이즈: M,"사이즈 고민이 있어는데 허리에 잘 맞아요
잘 쓸께요",5,1
ss****,2024-11-01T15:53:40.234+00:00,상품선택: 러닝벨트 / 색상: 블랙 / 사이즈: S,버클이나 지퍼가 없어서 편리해요,5,1
zimm*****,2024-10-04T09:38:44.469+00:00,상품선택: 러닝벨트 / 색상: 블랙 / 사이즈: S,배송이 꽤나 느렸지만 물건은 괜찮은듯 싶네요,5,1
shar*****,2024-10-07T23:37:11.003+00:00,상품선택: 러닝벨트 / 색상: 블랙 / 사이즈: M,너무 만족합니다 달리기에 신경 안쓰야요,5,1
khy1***,2024-10-01T12:04:10.183+00:00,상품선택: 러닝벨트 / 색상: 블랙 / 사이즈: S,달리기할때 잘잡아주고 폰이랑 이어폰집 차키 넣기 좋아요,5,1
litt******,2024-10-04T15:33:01.985+00:00,상품선택: 러닝벨트 / 색상: 블랙 / 사이즈: S,"러닝할 때 쓰려고 샀어요 
아이폰16프로 넣기 딱! 좋음",5,1
qkrg********,2024-11-01T09:01:31.497+00:00,상품선택: 러닝벨트 / 색상: 블랙 / 사이즈: S,제가 뚱땡이는 아닌데&hellip; 자꾸 안으로 말려요 ㅜ,5,1
soul********,2024-10-09T12:03:54.649+00:00,상품선택: 러닝벨트 / 색상: 블루 / 사이즈: S,만족합니다 2번째 구매에요,5,1
soul********,2024-10-09T13:11:38.989+00:00,상품선택: 러닝벨트 / 색상: 블랙 / 사이즈: L,또샀어요 넘 좋아서요,5,1
anti*******,2024-10-25T09:24:28.160+00:00,상품선택: 러닝벨트 / 색상: 블랙 / 사이즈: M,몸에 딱 달라붙어서 흘러내리지않아 좋아요,5,1
rktk****,2024-10-04T07:37:34.181+00:00,상품선택: 러닝벨트 / 색상: 블랙 / 사이즈: M,핸드폰 넣었는데도 편하게 사용할수 있겠네요,5,1
lsk7***,2024-10-30T00:48:48.750+00:00,상품선택: 러닝벨트 / 색상: 블랙 / 사이즈: S,너무잘쓰고있씀니당ㅎ,5,1
leej******,2024-10-05T06:11:27.126+00:00,상품선택: 러닝벨트 / 색상: 블랙 / 사이즈: L,좋아요~ 빠른배손 감사~~,5,1
thsk****,2024-10-03T05:15:28.069+00:00,상품선택: 러닝벨트 / 색상: 블랙 / 사이즈: M,"조금더 타이트하면좋겠어요
생각보다 헐렁해요
잘 사용할게요",4,1
wonn********,2024-10-15T23:54:53.241+00:00,상품선택: 러닝벨트 / 색상: 블랙 / 사이즈: S,"심플하고 편합니다
오래쓰면 늘어나는게 아쉽긴한데 
한 번 구매하면 1년이상쓰니 가성비는 좋은것 같습니다",5,1
jdh7*****,2024-10-09T10:07:55.317+00:00,상품선택: 러닝벨트 / 색상: 블랙 / 사이즈: S,잘사용하겠습니다 많이파세요 ㅎㅎ,5,1
sue9***,2024-10-08T13:01:14.543+00:00,상품선택: 러닝벨트 / 색상: 블랙 / 사이즈: S,러닝할때 아주 잘 쓰고있어요,5,1
chil***,2024-10-05T07:48:25.539+00:00,상품선택: 러닝벨트 / 색상: 블랙 / 사이즈: S,"가볍고 핸드폰넣어도 편하네요
하나더구매하려공ㅎ",5,1
koma****,2024-10-04T11:08:31.275+00:00,상품선택: 러닝벨트 / 색상: 블랙 / 사이즈: S,티비보면서 덤벨도 하고 밴드도 잘하고 있어요.,5,1
pure*****,2024-10-23T02:27:27.515+00:00,상품선택: 러닝벨트 / 색상: 블랙 / 사이즈: S,탈착이 좀 불편한데 그외는 짱짱하고 좋아요,4,1
jhjh***,2024-09-15T14:26:16.124+00:00,상품선택: 러닝벨트 / 색상: 블랙 / 사이즈: S,좋아요! 제가 써보고 좋아서 선물용으로 하나 더 구입했습니다,5,1
s868****,2024-10-10T01:00:28.080+00:00,상품선택: 러닝벨트 / 색상: 블랙 / 사이즈: M,"3일 써보고 사용후기 올립니다
생각보다 사이즈 여유있는데 막상 착용하고 뛰어보니 덜렁거리거나 하진않네요
잘쓰고있습니다 만족해요",5,1
new1*********,2024-10-11T12:22:26.536+00:00,상품선택: 러닝벨트 / 색상: 블랙 / 사이즈: M,제가 177cm 에 76kg인데 제가 남자치고 허리가 좀 작아서 그런가 m은 살짝 크네요 이거 사실땐 자기 옷 치수보다 한단계 내려서 구매 하시면 좋을것 같네요,5,1
ahrm*******,2024-11-08T10:02:40.865+00:00,상품선택: 러닝벨트 / 색상: 블랙 / 사이즈: L,좋아요~~~~~~~~~~,5,1
sara******,2024-09-20T14:28:13.164+00:00,상품선택: 러닝벨트 / 색상: 블랙 / 사이즈: S,"S사이즈가 허리에 잘 맞을것 같아 구입했는데 힙라인에서 들어올리는데 좀 어려움이 있네요 
많이 착용하면 좀 더 늘어나겠지 싶어요",4,1
snip*******,2024-10-25T02:03:45.884+00:00,상품선택: 러닝벨트 / 색상: 블랙 / 사이즈: M,배송도 빠르고 가성비 좋습니다,5,2
snip*******,2024-10-25T02:03:28.763+00:00,상품선택: 러닝벨트 / 색상: 형광 / 사이즈: M,배송도 빠르고 가성비 좋습니다,5,1
choi******,2024-09-28T06:36:49.341+00:00,상품선택: 러닝벨트 / 색상: 형광 / 사이즈: M,러닝 뛸 때 사용하는데 핸드폰이 안 흘러내리고 불편함이 전혀 없어요! 엄청 좋습니다~~ 에어팟 담을 공간도 따로 있어서 좋아요. 핸드폰이 등쪽으로 가게 하면 더 좋아요!,5,1
cybe*****,2024-10-05T05:09:33.468+00:00,상품선택: 러닝벨트 / 색상: 블랙 / 사이즈: M,배송도 빠르고 괜찮습니다,5,1
rusy****,2024-09-29T11:13:43.543+00:00,상품선택: 러닝벨트 / 색상: 블랙 / 사이즈: S,땀 흘러 내리고나 긴 옆머리 걸리적 거려서 샀는데 좋아요,5,1
enfw****,2024-10-06T01:02:54.683+00:00,상품선택: 러닝벨트 / 색상: 형광 / 사이즈: S,배송빠르고 만족합니다.,5,1
iota***,2024-09-27T14:21:58.171+00:00,상품선택: 러닝벨트 / 색상: 블랙 / 사이즈: S,휴대폰 넣고 달리기 편합니다.  너무 좋아요.,5,1
ilov******,2024-09-12T11:27:45.618+00:00,상품선택: 러닝벨트 / 색상: 형광 / 사이즈: S,"빠르게 걷기, 천천히 뛰기 요즘 계속 하고 있는데 짐스럽던 휴대폰에서 자유로워져서 좋아요~
모양이 예쁘게 잘 잡히지는 않는데 간편히 쓰기 괜찮아요!",5,1
lkg1***,2024-09-28T05:49:37.747+00:00,상품선택: 러닝벨트 / 색상: 블랙 / 사이즈: L,가성비 좋아요 뛰는데 지장없음,5,1
sinw******,2024-09-11T14:55:30.571+00:00,상품선택: 러닝벨트 / 색상: 블랙 / 사이즈: L,잘도착했어요 잘쓸게요ㅎㅎ,5,1
yhy9****,2024-09-20T06:19:06.845+00:00,상품선택: 러닝벨트 / 색상: 블랙 / 사이즈: S,비싼 나이키나 다른 러닝벨트보다 훨씬 나아요... 몸에 착붙이라 뛰다보면 핸드폰이 있었나 잊을 정도입니다.,5,1
syoo****,2024-10-07T10:30:32.631+00:00,상품선택: 러닝벨트 / 색상: 블루 / 사이즈: S,안정성있게 잡아줘서 핸드폰 절대 안빠집니다. 흔들림이 거의 없어 너무 좋습니다. 구매한 후 한달동안 아주 만족하면서 사용하고 있습니다??,5,1
thdw****,2024-10-21T15:17:07.333+00:00,상품선택: 러닝벨트 / 색상: 블랙 / 사이즈: L,항상 빠른 배송 감사합니다.,5,1
je81****,2024-09-23T07:45:57.081+00:00,상품선택: 러닝벨트 / 색상: 블랙 / 사이즈: S,"버클형은 나중에 늘어나서 불편해요
이벨트가 저에게 딱이거만료",5,1
air1***,2024-10-14T00:43:13.171+00:00,상품선택: 러닝벨트 / 색상: 블랙 / 사이즈: S,잘 사용할께요! 빠른배송 감사합니다.,5,1
br****,2024-09-25T10:53:59.978+00:00,상품선택: 러닝벨트 / 색상: 블랙 / 사이즈: S,좋아요 잃어버려서 두번째구매에요,5,1
soal******,2024-08-30T05:46:43.064+00:00,상품선택: 러닝벨트 / 색상: 블랙 / 사이즈: L,"뚱뚱해져가지고 러닝을 좀 하려고 샀습니다. 심박계와 무선이어폰 등을 착용하고 달리고 싶은데 휴대폰을 들고 뛰기가 불편해서 찾아보니 이런 좋은게 있네요. 라지 사이즈를 주문했는데, 내 뚱뚱함을 과대평가 했나봅니다. 약간 여유있는 느낌이네요. 그래도 흘러내리진 않아서 다행입니다. 열심히 운동해서 미디엄 사이즈를 주문하게 될 그날을 기대해 봅니다.",5,1
nssi***,2024-10-21T13:27:05.735+00:00,상품선택: 러닝벨트 / 색상: 블랙 / 사이즈: M,"고정력이 좋고, 휴대폰 수납이 돼서 좋아요",5,1
fo****,2024-09-23T03:24:40.895+00:00,상품선택: 러닝벨트 / 색상: 블랙 / 사이즈: M,"허리 사이즈 32인데 좀 타이트 하고 
착용시 열쇠, 핸드폰등 흔들리지 않고 밀착 수납 됩니다.
좋아요",5,1
true*******,2024-10-06T12:37:16.056+00:00,상품선택: 러닝벨트 / 색상: 블랙 / 사이즈: S,러닝할 때 좋습니다,5,1
chs5***,2024-09-27T06:45:47.853+00:00,상품선택: 러닝벨트 / 색상: 블랙 / 사이즈: M,"흔들림 없고 착용감 좋습니다
한달후에 뵙겠습니다",5,1
vo****,2024-10-20T11:28:30.143+00:00,상품선택: 러닝벨트 / 색상: 블랙 / 사이즈: L,아쉬워요&hellip;.자크가 없어서,1,1
mkbe****,2024-09-30T11:05:56.321+00:00,상품선택: 러닝벨트 / 색상: 블랙 / 사이즈: M,"첫 착용을 해봤는데,
핸드폰을 넣다 뺏다가 좀 불편하지만,
가볍고 가격대비 만족입니다.
아침 조깅에 너무 좋아요.
헤어밴드도 함께 구매했음요",5,1
chs5***,2024-09-27T06:44:36.742+00:00,상품선택: 러닝벨트 / 색상: 블랙 / 사이즈: L,"착용감 좋고 잘 맞습니다
한달후에 뵙겠습니다",5,1
happ*****,2024-10-03T05:32:53.283+00:00,상품선택: 러닝벨트 / 색상: 형광 / 사이즈: L,기대한 것과 같이 좋습니다,5,1
stew*****,2024-09-30T06:24:24.535+00:00,상품선택: 러닝벨트 / 색상: 블랙 / 사이즈: M,"쫀쫀한거
같아 허리에 조아요",5,1
cmh6***,2024-10-23T05:56:17.850+00:00,상품선택: 러닝벨트 / 색상: 블랙 / 사이즈: M,제품 만족 합니다.,5,1
kang******,2024-10-09T06:33:15.272+00:00,상품선택: 러닝벨트 / 색상: 블랙 / 사이즈: M,"흔들림도 없고 휴대폰 넣고빼기도 좋고
런닝할때 정말 잘 쓰고 있습니다 감사합니다",5,1
smy6***,2024-10-11T11:30:10.193+00:00,상품선택: 러닝벨트 / 색상: 블랙 / 사이즈: M,빠른배송에 감사드립니다 만족합니다,5,1
nan2*****,2024-10-07T05:25:54.813+00:00,상품선택: 러닝벨트 / 색상: 블랙 / 사이즈: M,달릴때 몸에 부착되어 좋아요. 핸드폰 뺄때 힘들긴합니다.,4,1
oyh_****,2024-10-11T04:04:57.909+00:00,상품선택: 러닝벨트 / 색상: 블루 / 사이즈: S,색상주문을 잘못했지만 그냥 써요.제품도 굿굿,5,1
nksn****,2024-10-18T21:33:27.766+00:00,상품선택: 러닝벨트 / 색상: 블랙 / 사이즈: L,런닝할때 아주 유용하게 쓰고있어요,5,1
q858****,2024-10-13T00:16:08.930+00:00,상품선택: 러닝벨트 / 색상: 블랙 / 사이즈: S,"허리가  얇은 편인데 s 착용했을땐 조금 헐렁한 느낌 있으나 
폰 넣으니 딱 맞네요",5,1
9874***,2024-09-21T05:58:58.959+00:00,상품선택: 러닝벨트 / 색상: 형광 / 사이즈: M,요즘 런닝이 잦다보니 핸드폰을 들고 다니지 않고 넣어다닐 장비를 찾다가 구매했어요.,5,1
kckc******,2024-09-29T06:12:23.722+00:00,상품선택: 러닝벨트 / 색상: 형광 / 사이즈: S,손이 자유로우니 더 뛰기 좋네요,5,1
kang******,2024-09-09T01:41:32.616+00:00,상품선택: 러닝벨트 / 색상: 블랙 / 사이즈: M,"사이즈 맞나 잠깐 차봤는데도
너무 좋네요 가성비도 좋고 
배송도 빠르게 받았습니다 
잘 쓰겠습니다!",5,1
kwak****,2024-09-26T01:34:18.793+00:00,상품선택: 러닝벨트 / 색상: 블랙 / 사이즈: M,간단히 조깅할때 소지품 넣고 달리기엔 좋네요,5,1
hjho******,2024-11-19T04:34:39.199+00:00,상품선택: 러닝벨트 / 색상: 블랙 / 사이즈: L,ssdccz asdxz,5,1
chod****,2024-09-30T23:45:29.398+00:00,상품선택: 러닝벨트 / 색상: 블랙 / 사이즈: S,사용하기 편리합니다,5,1
kseo****,2024-09-25T05:30:30.443+00:00,상품선택: 러닝벨트 / 색상: 형광 / 사이즈: M,감사합니다 잘쓸께요,5,1
ghks******,2024-09-24T12:15:00.056+00:00,상품선택: 러닝벨트 / 색상: 블랙 / 사이즈: M,핸드폰 들고 뛰기 싫어서 샀는데 착용해보니까 짱짱합니다!,5,1
ghkd******,2024-09-05T11:40:49.992+00:00,상품선택: 러닝벨트 / 색상: 블랙 / 사이즈: S,"런닝 두어번 해봤는데 차키, 핸드폰 등이 같이 튀니까 너무너무 불편하더라구요
이제는 편할 것 같아요 기대돼요!
빠른 배송 감사합니다",5,1
fox9*******,2024-10-04T01:20:16.006+00:00,상품선택: 러닝벨트 / 색상: 블랙 / 사이즈: L,"1달 정도 썼는데 세척 편리하고, 아직 늘어난 거 없이 잘 쓰고 있습니다. 가성비 굿",5,1
dhcl******,2024-09-20T04:45:43.456+00:00,상품선택: 러닝벨트 / 색상: 블랙 / 사이즈: M,"쫀쫀한 밴드형태&amp;일체형으로 되어있어서 지퍼형 처럼 풀릴걱정 없고, 밸크로 형태처럼 매번 사이즈 맞추지 않아서 좋습니다. 앞뒤로 돌리기도 편하고 휴대폰 넣고 런닝하기에는 딱 좋은것 같습니다. 잘 쓸께요~",5,1
lsa2***,2024-10-17T04:07:36.037+00:00,상품선택: 러닝벨트 / 색상: 블랙 / 사이즈: S,편해요 버즈는 빠져요,5,1
cysr******,2024-10-19T03:45:42.927+00:00,상품선택: 러닝벨트 / 색상: 형광 / 사이즈: M,빠른 배송 입니다.,5,2
hans****,2024-10-01T04:24:40.235+00:00,상품선택: 러닝벨트 / 색상: 블랙 / 사이즈: L,"손이 편안해요, 두꺼워요",4,1
imsu****,2024-09-28T02:31:55.148+00:00,상품선택: 러닝벨트 / 색상: 블랙 / 사이즈: S,진짜 좋네요! 역시 후기가 좋은 건 이유가 있나봐요~ 덕분에 편하게 러닝할 수 있겠어요,5,1
marb*******,2024-09-08T13:40:05.315+00:00,상품선택: 러닝벨트 / 색상: 블랙 / 사이즈: S,"소개되었던 제품 설명 그대로입니다. 오늘 아침에 달리면서 게시했는데, 확실히 주머니에 넣고 뛰는것과 허리에 고정하고 뛸 때 안정감이 다르더라고요.",5,1
reds****,2024-10-02T11:25:34.264+00:00,상품선택: 러닝벨트 / 색상: 블랙 / 사이즈: S,맘에들어요~~~~~~,5,1
hyes***,2024-10-16T02:57:34.661+00:00,상품선택: 러닝벨트 / 색상: 블랙 / 사이즈: S,흔들림없고 가성비 좋아요~,5,1
jryu***,2024-10-14T03:29:27.350+00:00,상품선택: 러닝벨트 / 색상: 블랙 / 사이즈: M,생각보다 만족하고 사용하고 있어요,5,1
maju******,2024-10-15T00:56:11.586+00:00,상품선택: 러닝벨트 / 색상: 블랙 / 사이즈: M,짱짱하니 달릴 때 좋아요.,5,1
pure*****,2024-10-14T02:08:32.109+00:00,상품선택: 러닝벨트 / 색상: 블랙 / 사이즈: S,탈부착이 좀 불편하지만 기능은 되요,4,1
kyss****,2024-10-11T17:39:05.438+00:00,상품선택: 러닝벨트 / 색상: 블랙 / 사이즈: S,"이거차고 잘 껴댕겨요
야호",5,1
ujin******,2024-10-01T14:43:09.002+00:00,상품선택: 러닝벨트 / 색상: 블랙 / 사이즈: L,러닝 이제 시작하지만 확실히 핸드폰 손에 들거나 주머니에 넣어서 바지 흘러내리는거 방지할수 있어서 넘 좋아요,5,1
love******,2024-10-16T22:58:19.199+00:00,상품선택: 러닝벨트 / 색상: 블랙 / 사이즈: M,아주 만족합니다 ㅎㅎ,5,1
ljar***,2024-10-13T05:35:53.379+00:00,상품선택: 러닝벨트 / 색상: 블랙 / 사이즈: S,러닝할때 편해서 좋아요,5,1
sinj******,2024-10-13T23:16:04.912+00:00,상품선택: 러닝벨트 / 색상: 블랙 / 사이즈: M,야무지게 잘 만들어진 제품이네요,5,1
quee***,2024-10-15T00:18:05.043+00:00,상품선택: 러닝벨트 / 색상: 블랙 / 사이즈: S,약간불안하긴한데 편해요,3,1
oyt4***,2024-09-25T11:21:36.635+00:00,상품선택: 러닝벨트 / 색상: 블랙 / 사이즈: M,아주 좋아요 굿굿!!,5,1
kkks****,2024-09-22T22:17:45.606+00:00,상품선택: 러닝벨트 / 색상: 블랙 / 사이즈: L,아주 만족스럽습니다,5,2
radi******,2024-10-14T02:14:56.659+00:00,상품선택: 러닝벨트 / 색상: 블랙 / 사이즈: S,"러닝메이트
없음 불편해서 안돼요.",5,1
mk****,2024-10-09T10:26:10.967+00:00,상품선택: 러닝벨트 / 색상: 블랙 / 사이즈: L,지퍼가아닌 벌어진구멍으로 소지품을 넣는거였네요,3,1
mini****,2024-09-12T08:55:45.226+00:00,상품선택: 러닝벨트 / 색상: 형광 / 사이즈: S,"바지처럼 입어야해요.ㅎㅎ
조금 불편하지만
러닝할때 너무 좋아요",5,1
minj*****,2024-09-25T23:45:34.648+00:00,상품선택: 러닝벨트 / 색상: 블랙 / 사이즈: S,좋은거 같아용 ㅋㅋ,5,1
bala*****,2024-10-14T15:58:22.499+00:00,상품선택: 러닝벨트 / 색상: 블랙 / 사이즈: L,런닝할때 아주 편하네요,5,1
sada***,2024-10-11T13:03:28.876+00:00,상품선택: 러닝벨트 / 색상: 형광 / 사이즈: M,간편하게 사용하기 좋아요,5,1
anda*****,2024-09-15T01:10:26.227+00:00,상품선택: 러닝벨트 / 색상: 블랙 / 사이즈: S,굿굿 러닌할 때 맨날 핸드폰 손에 쥐고 했는데 진작 살걸 그랬어요,5,1
gktj*****,2024-09-21T13:46:30.962+00:00,상품선택: 러닝벨트 / 색상: 형광 / 사이즈: M,착용감 좋고 심플해요,5,1
jung******,2024-09-22T06:03:59.968+00:00,상품선택: 러닝벨트 / 색상: 블랙 / 사이즈: S,세번 세탁하니까 늘어나는것 같음!,3,1
kkk7*****,2024-10-07T22:54:19.260+00:00,상품선택: 러닝벨트 / 색상: 블랙 / 사이즈: M,배송은 느렸지만 제품은 맘에 듭니다,5,1
pret******,2024-10-09T12:10:23.979+00:00,상품선택: 러닝벨트 / 색상: 블랙 / 사이즈: S,생각보다 많이 크지만 유용합니자,4,1
youn******,2024-08-31T08:21:08.773+00:00,상품선택: 러닝벨트 / 색상: 형광 / 사이즈: L,"좋은데 90키로이상나가지 않으면 m사이즈 추천이요
라지주문했는데 100키로 나가는 신랑한테 딱이네요~  뛰다보면 헐거워질수 있으니..
덩치있으신분들 m추천이요~
형광색 이쁩니다~
운동할때 업 될것같습니다 ~~",5,1
ny****,2024-11-05T04:47:19.762+00:00,상품선택: 러닝벨트 / 색상: 블랙 / 사이즈: S,너무너무좋ㅇㅏ요ㅋㅋ,5,1
supi*****,2024-10-01T02:25:52.095+00:00,상품선택: 러닝벨트 / 색상: 블랙 / 사이즈: S,"러닝 하면서 휴대폰 보관이 불편해서 찾던 중
반신반의하며 구매했는데 생각보다 편해요",5,1
toky******,2024-09-26T08:44:00.964+00:00,상품선택: 러닝벨트 / 색상: 블랙 / 사이즈: L,런닝할때 꽉 잡아줘서 좋아요. 휴대폰과 그외 자잘한 물건 넣기에도 좋아요,5,1
miri******,2024-10-14T11:32:45.395+00:00,상품선택: 러닝벨트 / 색상: 블랙 / 사이즈: S,사용하기  편리해요,5,1
mint*******,2024-10-07T15:20:41.790+00:00,상품선택: 러닝벨트 / 색상: 블랙 / 사이즈: S,짱짱하고 흘러내리지듀 않으오 좋아요,5,1
yghb***,2024-09-13T01:30:16.111+00:00,상품선택: 러닝벨트 / 색상: 블랙 / 사이즈: S,"29~30인치 바지 입는데 S사이즈 쪼이지 않고 딱 맞아요.
 참고하세요.",5,1
we****,2024-10-04T06:25:12.047+00:00,상품선택: 러닝벨트 / 색상: 블랙 / 사이즈: S,일반 러닝벨트보다 훨씬 착용감이 편해요 2개 사길 잘했네요,5,1
bein***,2024-10-13T06:17:45.400+00:00,상품선택: 러닝벨트 / 색상: 블랙 / 사이즈: S,만족하는 상품입니다.,4,1
sans***,2024-10-05T04:45:05.231+00:00,상품선택: 러닝벨트 / 색상: 블랙 / 사이즈: S,만족합니다 또 주문할게요,5,1
yu****,2024-09-14T11:07:06.997+00:00,상품선택: 러닝벨트 / 색상: 블랙 / 사이즈: S,"런닝에 편하고 가격도 좋아요
추천합니다",5,1
real******,2024-10-08T01:35:41.962+00:00,상품선택: 러닝벨트 / 색상: 블랙 / 사이즈: S,"굿 뛰기
거추자우스럽지 않고 좋습니다",5,1
d24p***********,2024-09-10T03:30:57.403+00:00,상품선택: 러닝벨트 / 색상: 블랙 / 사이즈: S,가볍고 좋습니다. 가성비도 최고입니다.,5,1
aqua****,2024-09-16T11:15:54.027+00:00,상품선택: 러닝벨트 / 색상: 블랙 / 사이즈: M,휴대폰 넣을 수 있어 좋아요,5,1
sojo*****,2024-09-07T00:30:09.743+00:00,상품선택: 러닝벨트 / 색상: 블랙 / 사이즈: S,"안흘러내리고 짱짱하니 운동할때 너무 편해요
핸드폰 카드 간단히 잘 들어가요",5,1
hans*******,2024-10-14T03:57:19.123+00:00,상품선택: 러닝벨트 / 색상: 블랙 / 사이즈: L,싸고 빠르고 굿 ㅎㅎ,5,1
bell******,2024-10-07T05:21:01.562+00:00,상품선택: 러닝벨트 / 색상: 블랙 / 사이즈: M,배송 빨랐고 제품 만족요,5,1
hyun******,2024-09-15T01:10:04.739+00:00,상품선택: 러닝벨트 / 색상: 블랙 / 사이즈: M,사이즈 질 맞구 쫀득쫀득 좋아요,5,1
da_0***,2024-10-03T09:37:33.283+00:00,상품선택: 러닝벨트 / 색상: 블랙 / 사이즈: S,가볍고 빨래도 가능하고 가성비도 좋고 만족해요,5,1
fr****,2024-09-25T01:47:33.221+00:00,상품선택: 러닝벨트 / 색상: 블랙 / 사이즈: L,재질 색상 모두 만족합니다. 다만 사이즈 조절이 되면 더 좋겠네요,4,1
79he***,2024-09-01T02:45:09.703+00:00,상품선택: 러닝벨트 / 색상: 블랙 / 사이즈: S,사이즈가 생각보다 큽니다.그러다  보니 내용물이 빠지더라구요!전 비추예요.ㅠㅠ,2,1
ombr*******,2024-09-13T06:40:31.665+00:00,상품선택: 러닝벨트 / 색상: 블랙 / 사이즈: M,조금 헐렁한 느낌이 드는데 좀 아쉽네요.,4,1
naka*****,2024-10-04T23:09:27.599+00:00,상품선택: 러닝벨트 / 색상: 블랙 / 사이즈: S,뭔가 심플한데 괜찮아보여요,5,2
naka*****,2024-10-04T23:09:11.420+00:00,상품선택: 러닝벨트 / 색상: 블랙 / 사이즈: M,뭔가 심플한데 괜찮아보여요,5,1
rnde********,2024-10-06T14:47:15.831+00:00,상품선택: 러닝벨트 / 색상: 블랙 / 사이즈: L,사용감이 아주 좋습니다.,5,1
ja****,2024-09-12T12:09:53.458+00:00,상품선택: 러닝벨트 / 색상: 블랙 / 사이즈: M,착용하고 편해서 추가로 똑같은거 하나더 구매했어요,5,1
tkdc****,2024-09-15T06:55:54.371+00:00,상품선택: 러닝벨트 / 색상: 블랙 / 사이즈: L,탄탄하고 재질이 좋아요,5,1
joyo****,2024-10-30T01:00:48.516+00:00,상품선택: 러닝벨트 / 색상: 블랙 / 사이즈: S,딱 가격만큼의 성능입니다.  딱 가격만큼의 성능입니다.  딱 가격만큼의 성능입니다.  딱 가격만큼의 성능입니다.,3,1
song****,2024-10-07T02:20:17.820+00:00,상품선택: 러닝벨트 / 색상: 블랙 / 사이즈: S,벨트 없어서 좋아요!,5,1
supi*****,2024-10-01T02:26:24.069+00:00,상품선택: 러닝벨트 / 색상: 블랙 / 사이즈: M,생각보다 편해요  감사합니다,5,1
ny****,2024-10-04T14:00:45.834+00:00,상품선택: 러닝벨트 / 색상: 블랙 / 사이즈: S,우와 너무편하고 좋아요,5,1
gabv***,2024-09-26T04:05:52.670+00:00,상품선택: 러닝벨트 / 색상: 블랙 / 사이즈: S,"가성비 너무 좋고
핸드폰 넣고 다닐때 덜렁대지 않고 잘 잡아주고
편합니다 진짜",5,1
magu****,2024-09-30T16:36:23.206+00:00,상품선택: 러닝벨트 / 색상: 블랙 / 사이즈: S,배송 빠르고 사용해보니 가성비 갑입니다,5,1
smil****,2024-09-28T02:07:24.615+00:00,상품선택: 러닝벨트 / 색상: 블랙 / 사이즈: S,"짱짱해서 좋아요
입구가 너무 여러개라서 한개 빼고 전부 꼬매버렸어요~",5,1
lhju*****,2024-10-03T04:12:25.781+00:00,상품선택: 러닝벨트 / 색상: 블랙 / 사이즈: M,편하고 잘늘어나서 좋아요,5,1
jo****,2024-09-29T03:13:50.909+00:00,상품선택: 러닝벨트 / 색상: 블랙 / 사이즈: L,배송이정말빨라요 감사합니다,5,1
viol*******,2024-09-13T14:27:08.931+00:00,상품선택: 러닝벨트 / 색상: 블랙 / 사이즈: S,빠른 배송 짱짱한 상품,5,1
br****,2024-09-20T08:24:53.889+00:00,상품선택: 러닝벨트 / 색상: 블랙 / 사이즈: S,생각보다 괜찮아요- 잘 늘어나서 휴대폰 손에 안 드니 편하네요 진작 살 껄 그랬어요,3,1
luex****,2024-08-29T06:53:24.934+00:00,상품선택: 러닝벨트 / 색상: 블랙 / 사이즈: S,오늘 받았어요 아쉽게도 오늘은 러닝을 안해서 내일 사용할 예정입니다. 핸드폰 넣기 좋아서 잘 하고 다닐것 같아요,5,1
arum******,2024-09-30T14:09:39.640+00:00,상품선택: 러닝벨트 / 색상: 블랙 / 사이즈: S,배송 빠르고 런닝할때 너무 편해요,5,1
3006***,2024-09-27T04:12:46.260+00:00,상품선택: 러닝벨트 / 색상: 블랙 / 사이즈: S,배송 빠르고 착용해 보니 너무 좋네요,5,1
cysr******,2024-10-05T05:01:29.945+00:00,상품선택: 러닝벨트 / 색상: 블랙 / 사이즈: L,빠른 배송 입니다.,5,1
ja****,2024-09-12T11:56:18.438+00:00,상품선택: 러닝벨트 / 색상: 블랙 / 사이즈: M,달리기 할때 자주 애용 합니다~ 편해요,5,1
yu****,2024-09-14T11:07:44.875+00:00,상품선택: 러닝벨트 / 색상: 블랙 / 사이즈: M,"빨래도 편하고 좋습니다

추천",5,1
z136***,2024-09-03T22:15:33.282+00:00,상품선택: 러닝벨트 / 색상: 블랙 / 사이즈: S,은근 들어갈 거 다 들어가요! 좀 주름지긴 하는데 좋습니당,5,1
rrlf*****,2024-10-05T01:56:02.722+00:00,상품선택: 러닝벨트 / 색상: 블랙 / 사이즈: L,사진과 상태가 같습니다.,5,1
ji****,2024-09-28T15:35:35.958+00:00,상품선택: 러닝벨트 / 색상: 블랙 / 사이즈: S,빠른배송 감사합니다.,5,4
nssi***,2024-09-27T14:44:02.412+00:00,상품선택: 러닝벨트 / 색상: 블랙 / 사이즈: S,핸드폰 고정이 잘 돼서 두 손 자유롭게 뛸 수 있어요,5,1
lave***,2024-10-01T02:07:26.352+00:00,상품선택: 러닝벨트 / 색상: 블랙 / 사이즈: M,가성비가 좋네요 굿,5,1
wer7*****,2024-09-06T21:32:59.702+00:00,상품선택: 러닝벨트 / 색상: 블랙 / 사이즈: M,"런닝할때쓰기편해요 ㅎㅎ
짐도 꽤들어가요 ㅋㅋ",5,1
gksv****,2024-09-21T12:11:43.068+00:00,상품선택: 러닝벨트 / 색상: 블랙 / 사이즈: S,"사용중 만족스러워서
와이프도 하나 사줬어요^^",5,1
khb3***,2024-09-12T14:03:37.685+00:00,상품선택: 러닝벨트 / 색상: 블랙 / 사이즈: S,엄청 쫀쫀하고 편해요,5,1
syoo****,2024-09-25T12:26:37.865+00:00,상품선택: 러닝벨트 / 색상: 블루 / 사이즈: S,아주 유용하게 잘 쓰고 있습니다:) 감사합니다~,5,1
mj****,2024-09-07T10:15:14.783+00:00,상품선택: 러닝벨트 / 색상: 블랙 / 사이즈: S,사용전인데 손이 자유로울것같아요,4,1
beyo******,2024-09-05T00:26:49.049+00:00,상품선택: 러닝벨트 / 색상: 블랙 / 사이즈: M,크기 낙낙하고 가격 저렴하고 좋아요,5,1
ls****,2024-09-23T05:12:57.233+00:00,상품선택: 러닝벨트 / 색상: 블랙 / 사이즈: M,세탁후 변형이 있으나 심하지 않습니다. 남자 허리 30인데 M사이즈 적당합니다.,5,1
oh****,2024-09-27T00:42:01.606+00:00,상품선택: 러닝벨트 / 색상: 블랙 / 사이즈: L,"좋습니다, 가볍고, 수납도 좋아요~",5,2
oh****,2024-09-27T00:41:56.498+00:00,상품선택: 러닝벨트 / 색상: 블랙 / 사이즈: M,"좋습니다, 가볍고, 수납도 좋아요~",5,1
over*****,2024-09-18T02:44:12.792+00:00,상품선택: 러닝벨트 / 색상: 형광 / 사이즈: M,편하고 좋은대 몇번 빨면 많이 해지네요 내구성은 감안하세요,5,1
kdu9***,2024-09-05T04:59:11.789+00:00,상품선택: 러닝벨트 / 색상: 블랙 / 사이즈: L,"잘 사용하고 있습니다 
감사합니다",5,1
syr9***,2024-09-05T04:02:05.337+00:00,상품선택: 러닝벨트 / 색상: 블랙 / 사이즈: S,사이즈 잘 맞고 짱짱해서 좋아요,5,1
ysun****,2024-09-11T02:47:03.398+00:00,상품선택: 러닝벨트 / 색상: 블랙 / 사이즈: M,적당히 쓸만한듯요 ..,3,1
kseo****,2024-09-25T05:29:51.420+00:00,상품선택: 러닝벨트 / 색상: 블랙 / 사이즈: L,만족합니다  감사합니다,5,1
embr******,2024-09-02T12:41:36.438+00:00,상품선택: 러닝벨트 / 색상: 형광 / 사이즈: S,짱짱하고 달릴 때 핸드폰 차키 넣고 뛰어도 안 흘러내려요,5,1
ribe*****,2024-09-26T06:26:49.048+00:00,상품선택: 러닝벨트 / 색상: 블랙 / 사이즈: M,제품은 아주 좋습니다,5,1
thsg*******,2024-09-23T06:45:19.789+00:00,상품선택: 러닝벨트 / 색상: 블랙 / 사이즈: M,빠른 배송 감사합니다,5,1
jado***,2024-08-26T09:47:01.088+00:00,상품선택: 러닝벨트 / 색상: 블루 / 사이즈: S,"진짜 너무 편해요 신세계입니다
남편것도 사주러 다시 결제합니다",5,1
ua****,2024-09-11T01:03:58.829+00:00,상품선택: 러닝벨트 / 색상: 블랙 / 사이즈: M,키 166 여성이고 골반이 좀 있어서 M 했는데 여유있네요. S 했으면 더 짱짱했을거같아서 아쉽지만 좋습니다. 써보고 또 살게요~!,5,1
jst1***,2024-09-05T11:43:31.192+00:00,상품선택: 러닝벨트 / 색상: 형광 / 사이즈: S,완전 쫀쫀하고 허리도 잡아주네요!,5,1
feni****,2024-09-04T21:58:14.379+00:00,상품선택: 러닝벨트 / 색상: 블랙 / 사이즈: M,빠른 배송 만족합니다,5,3
bbbb****,2024-09-18T23:22:17.653+00:00,상품선택: 러닝벨트 / 색상: 블랙 / 사이즈: S,사이즈 조절이 되면 더 좋을거같아요! 살짝 헐렁해요 ㅠ,5,1
sang*******,2024-08-31T03:33:23.498+00:00,상품선택: 러닝벨트 / 색상: 블랙 / 사이즈: S,배송도 빠르고 품질도 좋아요.,5,1
esth********,2024-09-28T01:57:28.452+00:00,상품선택: 러닝벨트 / 색상: 블랙 / 사이즈: M,너무 편하고 좋습니다!,5,1
hyon*******,2024-09-27T08:01:25.487+00:00,상품선택: 러닝벨트 / 색상: 블랙 / 사이즈: M,사이즈 m하니까 딱이에요,5,1
pain********,2024-09-04T02:16:23.133+00:00,상품선택: 러닝벨트 / 색상: 블랙 / 사이즈: M,밴드형태가 좋네요 추천요,5,1
rhau********,2024-09-03T14:34:09.535+00:00,상품선택: 러닝벨트 / 색상: 형광 / 사이즈: S,저 쓰다가 엄니것도 하나 샀어요,5,1
sobi***,2024-09-01T12:10:30.417+00:00,상품선택: 러닝벨트 / 색상: 블랙 / 사이즈: S,달릴때 흘러내림 없이 좋아요,5,1
lsk7***,2024-09-24T08:35:06.817+00:00,상품선택: 러닝벨트 / 색상: 블랙 / 사이즈: S,한개 더 구매했습니다 좋네요,5,1
vivi******,2024-07-21T10:17:08.425+00:00,상품선택: 러닝벨트 / 색상: 형광 / 사이즈: S,"러닝까진아니어도 많이 걷는편인데 그동안은 작은 힙쌕을 들고나갔다가 이마저도 불편해서 손이 자유롭고 싶어서 구매했어요. 
장말 만족합니다!
블랙팬츠를 많이 입고 혹시 어디다 놓아도 튀어야 발견이 잘될것 같아서 형광색으로 골랐는데 아주 좋은 선택이었습니다.
폰은 물론 카드와 몇가지 소품이
잘 들어가요~ 밴드에 무리가 가지 않도록 되도록 폰만 넣으려고 합니다.
44사이즈인데 골반에 걸치면 잘맞아요.",5,1
enwh*****,2024-09-03T09:16:12.570+00:00,상품선택: 러닝벨트 / 색상: 블랙 / 사이즈: M,항상 이것만 사용하고 있어요,5,1
ange*******,2024-08-31T14:03:08.179+00:00,상품선택: 러닝벨트 / 색상: 블랙 / 사이즈: M,편하고 한사이즈 작게 착용해도 될꺼같아요 ㅎ,5,1
koja*******,2024-09-18T00:05:43.330+00:00,상품선택: 러닝벨트 / 색상: 블랙 / 사이즈: M,"나이키 젤트보다 훨씬 편하고 수납도 커서 좋습니다
가격이 깡패죠 ㅎㅎ",5,1
jane****,2024-08-30T12:35:14.184+00:00,상품선택: 러닝벨트 / 색상: 블랙 / 사이즈: S,튼튼해요~~ 운동할때 문제없을듯요^^,5,1
nati******,2024-09-02T01:39:12.979+00:00,상품선택: 러닝벨트 / 색상: 블랙 / 사이즈: L,"스포벨보다 좋음, 스포벨 메쉬형태라서 더 시원한줄알았는데 전혀 아니었음 배를 덮는 면적이 최소화 되야 되는거였음 개인저긍로 이게 훨씬 시원하고 가볍습니다.  휴대폰만 넣을거면 이거 가세요 무조건

 S24울트라도 버터요",5,1
am****,2024-09-05T03:06:20.204+00:00,상품선택: 러닝벨트 / 색상: 블랙 / 사이즈: S,런닝할때 휴대폰이 골치였는데 암밴드보단 이런 벨트형식의 제품이 훨씬 편하고 좋습니다! 쫀쫀하니 절대 흘릴 염려없이 런닝할 수 있어서 좋습니다! 강추!,5,1
tear****,2024-09-21T08:37:29.860+00:00,상품선택: 러닝벨트 / 색상: 블랙 / 사이즈: L,흘러내리지 않고 좋아요,5,1
ppou****,2024-08-15T06:04:07.015+00:00,상품선택: 러닝벨트 / 색상: 블랙 / 사이즈: S,매우 좋아요. 절대 밀려 내려가지 않고 몸에 띡 붙어있어요. 흔들림도 없어서 매우 만족입니다.,5,1
brig**********,2024-08-28T11:24:08.185+00:00,상품선택: 러닝벨트 / 색상: 형광 / 사이즈: S,색도 쨍하고 잘 맞아요. 좋아요!!,5,1
skom***,2024-09-24T01:14:21.519+00:00,상품선택: 러닝벨트 / 색상: 블랙 / 사이즈: L,좋은상품 잘 사용하겠습니다~~~!!,5,1
bigi***,2024-09-14T01:02:09.187+00:00,상품선택: 러닝벨트 / 색상: 블랙 / 사이즈: M,벨트 잘 쓰고 있어요 ㅎ 만족합니다,5,1
fox9*******,2024-09-03T23:23:17.758+00:00,상품선택: 러닝벨트 / 색상: 블랙 / 사이즈: L,재질이 쫀쫀해서 지퍼가 없어도 물건이 흘러나오지 않네요. 장시간 사용해봐야 알겠지만 현재는 만족합니다,4,1
cpen****,2024-08-25T01:06:52.325+00:00,상품선택: 러닝벨트 / 색상: 블랙 / 사이즈: M,좋아요 잘 사용하겠습니다,5,1
sara******,2024-08-24T05:13:59.732+00:00,상품선택: 러닝벨트 / 색상: 블랙 / 사이즈: M,"아직 사용은 안해봤지만
런닝할때 필요해서 주문함
폰 두고 운동했는데
진작에 알았음...",5,1
jado***,2024-09-01T04:13:16.773+00:00,상품선택: 러닝벨트 / 색상: 블랙 / 사이즈: L,"짱조아요 제거 사고 넘 조아서 남편도 사줬어요
배송도 왕빠름
번창하세여",5,1
mado*****,2024-09-07T05:18:11.561+00:00,상품선택: 러닝벨트 / 색상: 블랙 / 사이즈: S,28 허리 에스사이즈구매했는데 뛸때 움직임없이 핸드폰잘잡아줍니다.뛸때 방해받는 느낌없고 허리쪽으로 돌리면 므ㅡ겁지도않아요,5,1
wj****,2024-08-30T08:25:53.041+00:00,상품선택: 러닝벨트 / 색상: 블랙 / 사이즈: S,짱짱하네요 핸드폰 빠질일은 없을 것 같아요,5,1
yak8***,2024-09-19T02:55:07.472+00:00,상품선택: 러닝벨트 / 색상: 블랙 / 사이즈: M,사용해보니 전에 사용하던것보다 훨 편하네요.,5,1
yy****,2024-09-11T19:08:40.930+00:00,상품선택: 러닝벨트 / 색상: 블랙 / 사이즈: M,사이즈가 알맞네요. 그리고 질감도 나쁘지 않아요.,5,1
kklz******,2024-09-02T12:57:12.990+00:00,상품선택: 러닝벨트 / 색상: 블랙 / 사이즈: S,런린인데 조끼살까 하다가 아직 오바싸는거 같아서 이거 사봤는데 왕만족이에요!!!!!여자분들은 그냥 무조건 s사세영!!!!,5,1
ak****,2024-08-31T01:08:14.900+00:00,상품선택: 러닝벨트 / 색상: 형광 / 사이즈: L,"멀쩡해보이고
이뻐보이기도 하지만
기능은 그닥 입니다
어제 러닝대회 나갔는데
차키가 떨어진줄 모르고 한참 뛰어갔다 돌아왔네요
짱짱해보이는데 떨구긴 합니다",3,1
hasb****,2024-08-29T06:38:49.770+00:00,상품선택: 러닝벨트 / 색상: 블랙 / 사이즈: L,러닝할때 써보려고 샀어여 잘쓸게야,5,1
kocw******,2024-09-12T00:43:26.631+00:00,상품선택: 러닝벨트 / 색상: 블루 / 사이즈: L,지인이 추천해줘서 구매했는데 아주 좋습니다.,5,1
soul********,2024-08-31T09:26:09.875+00:00,상품선택: 러닝벨트 / 색상: 블랙 / 사이즈: L,굉장히 좋네요 추천합니다,5,1
choh****,2024-08-23T06:43:05.455+00:00,상품선택: 러닝벨트 / 색상: 블루 / 사이즈: S,부모님이랑 다들 만족하시면서 쓰고있으세요 맘에 듭니다 ㅎㅎ,5,1
chan*****,2024-08-28T09:22:26.805+00:00,상품선택: 러닝벨트 / 색상: 블랙 / 사이즈: M,딱좋아요 튼튼해보여요,5,1
cind*******,2024-08-17T12:44:18.411+00:00,상품선택: 러닝벨트 / 색상: 블랙 / 사이즈: S,받자마자 착용해봤는데 착용감 괜찮습니다. 러닝하는 동안 잘 사용할게요 감사합니다,5,1
spor********,2024-09-15T03:31:50.969+00:00,상품선택: 러닝벨트 / 색상: 블랙 / 사이즈: L,가격도 좋고 심플하니 마음에 드네요,5,1
rupe******,2024-09-12T10:09:06.185+00:00,상품선택: 러닝벨트 / 색상: 블랙 / 사이즈: L,오늘 하고 뛰어봤는데 진짜 편해요. ㅋㅋㅋ 잘쓰겠습니당~~,5,1
jn10****,2024-08-18T06:27:41.028+00:00,상품선택: 러닝벨트 / 색상: 블랙 / 사이즈: S,탄력이 좋네요. 유용하게 잘 쓰겠습니다.,5,1
ksk2***,2024-08-29T00:01:58.221+00:00,상품선택: 러닝벨트 / 색상: 블랙 / 사이즈: L,착용감이 괜찮네요..  사이즈를 잘 골라야 할듯 합니다. 수납을 미리하고 다리쪽으로 바지입듯이 착용하는게 위쪽에서 착용하는것보다 편하네요,5,1
kimm******,2024-08-13T10:18:53.961+00:00,상품선택: 러닝벨트 / 색상: 블랙 / 사이즈: M,"허리싸이즈 32라서 M주문했는데 그렇게 조이진않네요 조금 크게나온듯
하지만 수납여유있고 런닝할때 편할것같아요",4,1
radi******,2024-09-13T04:07:17.548+00:00,상품선택: 러닝벨트 / 색상: 블랙 / 사이즈: L,"짱짱하고 z플립도 무난하게 잘들어갑니다.
천소재라서 조금 더워요",5,1
sund*****,2024-08-30T05:06:03.626+00:00,상품선택: 러닝벨트 / 색상: 블랙 / 사이즈: S,"안다르것도 구매해보고, 타상품도 써봤는데, 플립벨트가  젤 심플하고, 밀착력도 좋고, 러닝시 흔들림없이 착붙이네염. 재구매해요",5,1
dong******,2024-09-06T12:20:06.407+00:00,상품선택: 러닝벨트 / 색상: 블루 / 사이즈: L,"잘받았습니다~~배송도빠르고
잘쓰겠습니다~~!!",4,1
only*****,2024-09-16T07:19:47.460+00:00,상품선택: 러닝벨트 / 색상: 블랙 / 사이즈: M,벨트 가볍고 촉감좋음,5,1
real*******,2024-09-09T01:06:55.910+00:00,상품선택: 러닝벨트 / 색상: 블랙 / 사이즈: S,튼튼하고 아직도 잘 쓰고 있습니다~~ 즐거운 런닝하세용~~,5,1
11****,2024-09-10T16:16:16.932+00:00,상품선택: 러닝벨트 / 색상: 블랙 / 사이즈: S,빡빡해서 좋아요 잘쓰고있어요,5,1
guns***,2024-09-15T04:21:51.434+00:00,상품선택: 러닝벨트 / 색상: 형광 / 사이즈: M,생각보다 별루. 러닝시 비추,3,1
sams******,2024-09-11T04:57:20.045+00:00,상품선택: 러닝벨트 / 색상: 형광 / 사이즈: M,러닝할때 사용하는데 쫀쫀하니 아주 좋네요,5,1
tlwj*****,2024-08-26T00:21:08.478+00:00,상품선택: 러닝벨트 / 색상: 블랙 / 사이즈: S,"러닝할때 핸드폰 주머니에 넣고 뛰면
덜렁덜렁거리고 무게도 있어서 신경쓰였었는데
요 런닝벨트 요물이네요~ ㅎㅎ
어제 착용하고 뛰어봤는데 진작에 살껄 그랬어요
잘 사용하겠습니당!!",5,1
lee9****,2024-08-20T11:33:49.019+00:00,상품선택: 러닝벨트 / 색상: 블랙 / 사이즈: M,튼실한게 맘에듭니다. 강추합니다,5,1
amin***,2024-08-13T11:16:56.359+00:00,상품선택: 러닝벨트 / 색상: 블랙 / 사이즈: M,"아직 사용 전인데 짱짱해보이고 좋네요.
배송도 엄청 빨랐습니다.",5,1
sund*****,2024-08-30T04:46:39.974+00:00,상품선택: 러닝벨트 / 색상: 형광 / 사이즈: M,"재구매해요. 이것저것 써봤는데, 플립밸트가 제일 밀착력있고, 러닝할때 흔들림없어서 좋아요.",5,1
chan******,2024-09-15T01:44:01.429+00:00,상품선택: 러닝벨트 / 색상: 블랙 / 사이즈: S,너무 편하고 좋아서 재구매했어요.,5,1
lsk7***,2024-09-10T07:16:07.743+00:00,상품선택: 러닝벨트 / 색상: 블랙 / 사이즈: L,잘사용하고있습니다. 감사해요,5,1
spec******,2024-08-27T02:31:15.892+00:00,상품선택: 러닝벨트 / 색상: 블랙 / 사이즈: S,러닝할때 손에 폰 쥐고 하면 매번 손가랏 아프고...팔뚝에 착용하는 폰거치대는 너무 싫어서...불편해도 매번 손에 쥐고 런닝햇늨데...이거 진짜 편하네요. 진작 알았으면 좋았을뻔 ㅜㅜ,5,1
9925***,2024-09-02T18:12:19.153+00:00,상품선택: 러닝벨트 / 색상: 블랙 / 사이즈: S,편리하고 좋은데! 내구성은 조금 떨어지는것 같아요!,4,1
kyc4***,2024-08-20T15:32:32.855+00:00,상품선택: 러닝벨트 / 색상: 블랙 / 사이즈: M,폰넣고잘다녀요 편해서조음 !!!!,5,1
forw*****,2024-08-13T13:33:24.438+00:00,상품선택: 러닝벨트 / 색상: 블랙 / 사이즈: M,소사소사 맙소사.. 가격이싸서 기대1도 없었는데. 좋네요. 허리32에 M사이즈 적당합니다~,5,1
ye****,2024-08-03T22:40:51.879+00:00,상품선택: 러닝벨트 / 색상: 블랙 / 사이즈: M,"이런 제품이 있는줄 몰랐습니다
진작 살걸 그랬네요
런닝할때 거추장스럽지 않고 너무 편합니다.
장거리는 아니라서 땀이 많이 흘렀을때는 모르겠지만 괜찮을것 같습니다.",5,1
tlst*****,2024-09-09T07:09:40.209+00:00,상품선택: 러닝벨트 / 색상: 블랙 / 사이즈: M,잘받았습니다. 감사합니다.^^,5,1
jena****,2024-09-05T12:21:30.350+00:00,상품선택: 러닝벨트 / 색상: 형광 / 사이즈: M,가격도 괜찮고 품질도 괜찮아요 만족합니다,5,1
nimi***,2024-09-04T06:18:05.769+00:00,상품선택: 러닝벨트 / 색상: 블랙 / 사이즈: L,넘 흐물흐물 한 느낌이 있긴 하지만 쓰고나니 오히려 좋네요.,5,1
yxex***,2024-09-12T09:42:20.579+00:00,상품선택: 러닝벨트 / 색상: 블랙 / 사이즈: S,이거없인이제못뜁니다,5,1
newg***,2024-08-09T21:34:59.103+00:00,상품선택: 러닝벨트 / 색상: 형광 / 사이즈: M,"한달동안 잘 사용하고 있습니다.
레터링 떨어지는 것 없고, 늘어지는 것도 없습니다!",5,1
81****,2024-09-07T11:39:32.444+00:00,상품선택: 러닝벨트 / 색상: 블랙 / 사이즈: L,밴드로되어서좋은데 핸폰넣는입구가 작아요,4,1
koma****,2024-09-04T04:56:58.983+00:00,상품선택: 러닝벨트 / 색상: 블랙 / 사이즈: S,편하고 짱짱해요.러닝할때 조아요,5,1
7909****,2024-08-12T00:18:49.583+00:00,상품선택: 러닝벨트 / 색상: 블랙 / 사이즈: L,쓰기 편하고 좋아요 핸드폰도 잘 잡아주네요,5,1
gaz9****,2024-08-29T07:23:57.887+00:00,상품선택: 러닝벨트 / 색상: 블랙 / 사이즈: M,"두세번 써봤는데, 흘러내리지 않고 잘 고정됩니다. 만족해요~",5,1
gusw*****,2024-08-06T08:11:34.246+00:00,상품선택: 러닝벨트 / 색상: 블랙 / 사이즈: S,러닝할때 손이 가벼워지겠네요! 내구성은 사용해봐야 알것같지만 쫀쫀하고 실용적이어보여요.,5,1
cc****,2024-09-09T04:30:41.109+00:00,상품선택: 러닝벨트 / 색상: 블랙 / 사이즈: M,사용하기가 무척 편리 합니다,4,1
adon******,2024-09-08T03:51:45.670+00:00,상품선택: 러닝벨트 / 색상: 형광 / 사이즈: S,땀차는거 빼곤 사용하기 편합니다,3,1
ycle****,2024-08-25T15:05:18.082+00:00,상품선택: 러닝벨트 / 색상: 블랙 / 사이즈: L,짱짱하고 잘 안흘러내립닏ㄱㆍ.,4,1
suni*******,2024-10-03T23:33:04.481+00:00,상품선택: 러닝벨트 / 색상: 형광 / 사이즈: M,그냥 그냥 그냥 그냥,5,1
sunr*******,2024-07-16T11:42:49.742+00:00,상품선택: 러닝벨트 / 색상: 블랙 / 사이즈: M,"M사이즈 처음에 착용했을 때 생각보다 크게 느껴져서 불편하면 어떡하나 했는데 적당한 것 같아요. 한 달 넘게 써봤는데 아직까지 늘어나거나 하는 느낌은 없네요. 걷거나 뛸 때 폰 들고 있는거 거슬리긴해도 엄청 불편하다는 생각은 안 했는데, 이거 쓰고 난 뒤로는 양손이 자유로운게 얼마나 편하고 좋은지 알게 됐어요.",5,1
hapl***,2024-08-31T11:02:02.575+00:00,상품선택: 러닝벨트 / 색상: 블루 / 사이즈: S,러닝할때 아주 유용합니다.깔별로 구매중,5,1
sj****,2024-08-18T02:10:47.248+00:00,상품선택: 러닝벨트 / 색상: 블랙 / 사이즈: M,"예전에 샀었는데, 하나 더 샀어요",5,1
extr*****,2024-08-13T02:48:32.283+00:00,상품선택: 러닝벨트 / 색상: 블랙 / 사이즈: M,"튼튼하고 좋네요
만족합니다",5,1
minj*****,2024-08-08T00:41:28.045+00:00,상품선택: 러닝벨트 / 색상: 블랙 / 사이즈: L,"튼튼해보여요!! 살뺄일만남았네요
S20울트라 잘들어갑니다~!",5,1
ciel****,2024-08-13T13:58:57.243+00:00,상품선택: 러닝벨트 / 색상: 블랙 / 사이즈: M,크기도ㅡ적당하고 잘 쓸것 같아요,5,1
pel7***,2024-08-11T12:16:46.163+00:00,상품선택: 러닝벨트 / 색상: 블랙 / 사이즈: M,허리 조이지 않고 흘러내리지 않아서 런닝시 불편하지 않아요,5,1
secr*****,2024-08-02T09:48:12.424+00:00,상품선택: 러닝벨트 / 색상: 블랙 / 사이즈: S,"늘어날꺼라생각해서 작은사이즈로 주문했는데
조금 조이는느낌이 있어요
달리기할때 편해요",4,1
frog********,2024-08-30T18:03:26.445+00:00,상품선택: 러닝벨트 / 색상: 블랙 / 사이즈: M,"바지처럼 밑으로 입는건줄 몰랐지만
탄탄하게 고정 잘 해줍니다.",4,1
smy2***,2024-09-04T21:11:55.206+00:00,상품선택: 러닝벨트 / 색상: 블랙 / 사이즈: S,S사이즈가 ??~66사이즈인데 좀 크다는 생각이 들어요,3,1
skfu***,2024-08-24T11:31:30.292+00:00,상품선택: 러닝벨트 / 색상: 블랙 / 사이즈: M,덜렁거리지 않는게 맘에 들고 착용했는지 느껴지지 않아서 좋아요.,5,1
werj****,2024-08-12T10:19:37.791+00:00,상품선택: 러닝벨트 / 색상: 블랙 / 사이즈: M,런닝에 요즘 빠졌는데 이거 없음 이제 안됩니다??,5,1
jinj******,2024-07-19T10:16:03.188+00:00,상품선택: 러닝벨트 / 색상: 블랙 / 사이즈: M,M으로 샀는데 S도 맞았을 것 같아요. S가 쨍쨍하니 더 맞았을 것 같아요. 두손의 자유를 느끼니 너무 편하고 좋아요. 고리도 안쪽에 있어서 중요한것은 고리로도 채우고 작은 물건 넣어서 다니기 좋아요,5,1
1a****,2024-09-04T08:41:39.428+00:00,상품선택: 러닝벨트 / 색상: 블랙 / 사이즈: S,배송이 빠릅니다..,5,1
youn*******,2024-09-03T02:57:28.981+00:00,상품선택: 러닝벨트 / 색상: 블랙 / 사이즈: S,편하고 넘 좋아요~,5,1
gcmj****,2024-08-24T15:52:53.309+00:00,상품선택: 러닝벨트 / 색상: 블루 / 사이즈: M,"쫀쫀하고 좋긴한데
수납시 구멍4개를 손으로 찾기 번거로워요
쓰다 적응되면 좋을것 같아요~",5,1
deer********,2024-08-27T12:50:32.090+00:00,상품선택: 러닝벨트 / 색상: 블랙 / 사이즈: M,"허리 31인데 약간 커요
나머진 다 만족",3,1
make*****,2024-09-01T03:51:24.741+00:00,상품선택: 러닝벨트 / 색상: 블랙 / 사이즈: L,가성비 너무 좋아요~,5,1
rarr*****,2024-08-05T09:59:20.661+00:00,상품선택: 러닝벨트 / 색상: 블랙 / 사이즈: S,좋아요 가볍고 수납잘돼요,5,1
dud8***,2024-08-23T00:31:18.194+00:00,상품선택: 러닝벨트 / 색상: 블랙 / 사이즈: M,날 더워서 잘 못쓰고 있긴 한데 휴대폰 넣어 놓고 뒤집어서 쓰면 빠질 위험 적어요,5,1
lc****,2024-08-16T01:30:26.196+00:00,상품선택: 러닝벨트 / 색상: 형광 / 사이즈: S,"생각보다 사용하기 편하고 물건도 수납이 잘되네요..
잘 쓰겠습니다",4,1
bye8***,2024-08-31T03:07:14.066+00:00,상품선택: 러닝벨트 / 색상: 블랙 / 사이즈: M,잘맞고 러닝할때 편합니다,5,1
hots******,2024-08-22T08:22:27.558+00:00,상품선택: 러닝벨트 / 색상: 블랙 / 사이즈: M,"저에겐 쬐끔크지만 왠만한 아이폰 , 안드폰 다 들어가고 착용감이 편안하네요",4,1
teen****,2024-07-21T21:46:24.616+00:00,상품선택: 러닝벨트 / 색상: 블랙 / 사이즈: L,배송은 빠르나..저는뛰다보니 계속 흘러내리네요..그라고 핸드폰 넣을수있는데 겔22울트기준 빡쌔게드갑니다..,4,1
limn***,2024-08-27T04:33:25.881+00:00,상품선택: 러닝벨트 / 색상: 블랙 / 사이즈: M,피부에 닿을때 자극없어서 더 좋습니다,5,1
diji****,2024-08-22T12:14:11.429+00:00,상품선택: 러닝벨트 / 색상: 블랙 / 사이즈: L,상품은 좋음 2개이상 구매하면 배송비 좀 빼주세요,4,1
shjo****,2024-08-01T11:04:56.612+00:00,상품선택: 러닝벨트 / 색상: 블랙 / 사이즈: M,사이즈도 적당하고 핸드폰 넣어도 크게 안거슬리네요.,5,1
moon******,2024-08-19T01:18:22.871+00:00,상품선택: 러닝벨트 / 색상: 블랙 / 사이즈: M,좋은제품 또 구매 할께요 수고 하세요,5,1
7353***,2024-08-06T06:58:46.764+00:00,상품선택: 러닝벨트 / 색상: 블랙 / 사이즈: L,"빨아서 써도 생각보다 쫀쫀하네요.
근데 버즈같은 작은 것을 넣고 걸어다니다가
지퍼가 없어서 하수구로 빠져버렸습니다.

다른 분들은 조심하세요 ㅠㅠ",5,1
redp*****,2024-07-19T00:43:19.756+00:00,상품선택: 러닝벨트 / 색상: 형광 / 사이즈: M,"착용감도 좋고 세탁하기고 편해서 강추
가성비 최고지 싶네요
ㅎ써보고 좋아서 다른색 구매했어요",5,1
rojy***,2024-08-22T09:08:38.711+00:00,상품선택: 러닝벨트 / 색상: 블랙 / 사이즈: L,아직사용은 안 해봤는데 일단 만족입니다,4,1
sitt******,2024-07-23T12:23:43.318+00:00,상품선택: 러닝벨트 / 색상: 블랙 / 사이즈: M,"하나 사보고 괜찮아서 하나더 구매했습니다.
달릴때 소지품 넣어다니기 좋아요~~",5,1
diji****,2024-08-22T12:13:29.855+00:00,상품선택: 러닝벨트 / 색상: 블랙 / 사이즈: M,"자꾸 잃어버려서 자주 구매함
2개이상 배송비좀 빼주세요",4,1
topk*****,2024-08-16T01:23:42.338+00:00,상품선택: 러닝벨트 / 색상: 블랙 / 사이즈: M,너무 편해요. 고민하다 샀는데 고민은 시간만 늦출뿐! 빨리 주문하세요 ㅎㅎ,5,1
love******,2024-08-28T00:54:12.390+00:00,상품선택: 러닝벨트 / 색상: 블랙 / 사이즈: M,아주 만족합니다 ㅎㅎㅎ,5,1
ra****,2024-08-08T08:31:20.646+00:00,상품선택: 러닝벨트 / 색상: 블랙 / 사이즈: S,생각보다 주머니가 작은 듯 해요 탄력이 좋아서 막 늘어 나진 않을 것같아요,5,1
dwle****,2024-08-27T07:01:55.223+00:00,상품선택: 러닝벨트 / 색상: 블랙 / 사이즈: M,가볍고 고정이 잘됩니다.,4,1
kbo7***,2024-08-21T11:55:43.516+00:00,상품선택: 러닝벨트 / 색상: 블랙 / 사이즈: M,빠른배송 색상굿 사용하기 편리함,4,1
gksv****,2024-08-20T05:29:52.444+00:00,상품선택: 러닝벨트 / 색상: 블랙 / 사이즈: M,기대도 안햇는데 득템한기분?,5,1
dart****,2024-08-25T00:24:30.889+00:00,상품선택: 러닝벨트 / 색상: 블랙 / 사이즈: L,먀우만족스럽습니다.,5,1
9805***,2024-08-24T02:21:41.465+00:00,상품선택: 러닝벨트 / 색상: 블랙 / 사이즈: S,러닝할때 땀안흘러 내려서 좋네요,5,1
gmle*****,2024-08-09T04:06:50.449+00:00,상품선택: 러닝벨트 / 색상: 형광 / 사이즈: M,"허리29라 미디엄은 조금 졸리는 느낌. 한치수 큰걸 살걸! 
착용감은 나쁘지 않고 쫀쫀합니다.",3,1
wkd4***,2024-07-28T06:25:26.857+00:00,상품선택: 러닝벨트 / 색상: 블랙 / 사이즈: S,너무좋아요. 잘사용하고있어요,5,1
br****,2024-08-19T00:06:31.948+00:00,상품선택: 러닝벨트 / 색상: 블랙 / 사이즈: S,아직 사용전이긴한데- 핸드폰 수납이 잘 되었으면 좋겠네요,3,1
sknk***,2024-08-14T06:22:57.398+00:00,상품선택: 러닝벨트 / 색상: 블랙 / 사이즈: S,한 달 넘게 사용했는데도 늘어남도 없고 휴대폰이 흔들리지도 않아서 좋아요.,5,1
kplh****,2024-07-17T02:45:49.472+00:00,상품선택: 러닝벨트 / 색상: 블랙 / 사이즈: S,편하고 좋아요 런닝뛸때 양 손이 자유로워요 그냥 세탁기에 넣고 빨기도 해요! 튼튼해요,5,1
toky******,2024-08-21T08:49:55.569+00:00,상품선택: 러닝벨트 / 색상: 블랙 / 사이즈: L,짱짱하니 런닝할때 너무 편하네요,5,1
unio*****,2024-08-23T08:18:00.301+00:00,상품선택: 러닝벨트 / 색상: 블랙 / 사이즈: S,가성비 굿입니다요!!!,5,1
yong****,2024-07-26T04:33:35.085+00:00,상품선택: 러닝벨트 / 색상: 블랙 / 사이즈: M,처음 착용하고 런닝 뛰다가 핸드폰 튀어나와서 큰일날뻔했습니다. 구매하고 처음 사용하자마자 생긴일이라 전혀 사용도 못해보고 돈만 날렸네요 지퍼 없는게 간편하다고 생각했더니 아니였네요,1,1
sj****,2024-07-13T08:56:38.980+00:00,상품선택: 러닝벨트 / 색상: 블랙 / 사이즈: L,운동할때 아주 요긴하게 쓰고 있어요~ 헬스장에서 워치 측정때문에 들고는 다녀야 하는데 두손 자유롭게 아주 좋아요|,5,1
whit*****,2024-08-19T07:38:34.474+00:00,상품선택: 러닝벨트 / 색상: 블랙 / 사이즈: S,만족합니다 만족합니다,5,2
pmjf*****,2024-07-29T10:41:21.691+00:00,상품선택: 러닝벨트 / 색상: 블루 / 사이즈: S,사이즈조절이안되니까 얘는 잘 안쓰게됨,4,1
k990***,2024-07-25T03:22:20.060+00:00,상품선택: 러닝벨트 / 색상: 블랙 / 사이즈: S,허리 30정도여서 사이즈 s로 샀는데 딱 맞아서 안흘러 내리고 좋습니다,5,1
kses****,2024-07-24T03:57:44.450+00:00,상품선택: 러닝벨트 / 색상: 형광 / 사이즈: M,저렴하고 배송 빠르고 좋아요,5,1
qqr3***,2024-07-14T10:23:13.375+00:00,상품선택: 러닝벨트 / 색상: 블랙 / 사이즈: S,너무 좋습니다 탄성도 사이즈도 보관이 완벽하네요 가족단위로 3개 구매합니다 ㅎㅎ,5,2
qqr3***,2024-07-14T10:22:49.702+00:00,상품선택: 러닝벨트 / 색상: 블랙 / 사이즈: M,너무 좋습니다 탄성도 사이즈도 보관이 완벽하네요 가족단위로 3개 구매합니다 ㅎㅎ,5,1
lsa2***,2024-08-09T00:57:41.065+00:00,상품선택: 러닝벨트 / 색상: 블랙 / 사이즈: S,"잘늘어나고 부드럽고 다 좋은데 버즈는 자꾸 빠져요..
어쩌면 좋을까요 ㅜㅜ",5,1
deer********,2024-07-17T05:29:27.964+00:00,상품선택: 러닝벨트 / 색상: 블랙 / 사이즈: M,"가성비 최고라고 생각합니다. 
비싼 유명 메이커 저리 가랏!",5,1
qqr3***,2024-07-07T01:36:52.845+00:00,상품선택: 러닝벨트 / 색상: 블랙 / 사이즈: M,러닝을 준비하면서 휴대폰이 처치곤란이였는데 수납도 너무 좋고 편리성이 너무 좋은것 같아요 러닝에 잘 사용해 보겟습니다 ㅎㅎ,5,1
jinj******,2024-06-12T04:50:34.962+00:00,상품선택: 러닝벨트 / 색상: 블랙 / 사이즈: M,와! 상품 좋아보여요. 그리고 저 여자인데 M이 어쩌면 큰거 같아요. 마른체형도 아닌데 제 생각엔 답답하지 않고 좀더 쨍쨍하게 할거였음 S를 구입하는게 맞았을 것 같아요. S가 답답하고 사용기피될걱 같아서 안전하게 M으로 구잊했더니 더 줄여졌으면 좋겠다 생각들었어요. 써보고 너무 좋으면 S로 재구매 해볼래요^^,4,1
lady********,2024-06-13T09:05:55.425+00:00,상품선택: 러닝벨트 / 색상: 블랙 / 사이즈: S,"허리 30에서 29 입는데 S 배에 해도 되고 골반에 끼게 딱 걸쳐요. 아이폰 13 프로 맥스인데 아주 수월하게 잘들어가요. 

지금까지 나이키 암벨트 썼는데 제 핸폰이 너무 커서 보기에도 이상하고 무게도 무거운 편이라 좌우 밸런스가 미묘하게 틀어져서 신경 쓰였는데 허리에 하니까 움직이지도 않고 아주 좋아요.

저는 뒤로 하는게 더 편한 것 같애요. 

늘어짐은 시간이 걸려야 알겠지만 오래 갔으면 좋겠네요.

위아래 넓고 주머니 많고 별 기능 다 달린 제품 부담스러웠는데 딱 심플하고 좋아요.",5,1
redp*****,2024-07-19T00:42:17.047+00:00,상품선택: 러닝벨트 / 색상: 블랙 / 사이즈: M,"착용감도 좋고 세탁하기고 편해서 강추
가성비 최고지 싶네요",5,1
elf3***,2024-07-25T11:06:29.279+00:00,상품선택: 러닝벨트 / 색상: 블랙 / 사이즈: M,이거 진짜 굿 너무 좋아요,5,1
jt****,2024-07-19T13:18:09.151+00:00,상품선택: 러닝벨트 / 색상: 블랙 / 사이즈: S,마감처리도 괜찮고 허리착용감도 좋아요 열심히 뛸수있을거같아요!,5,1
spsp****,2024-06-30T13:17:25.632+00:00,상품선택: 러닝벨트 / 색상: 블랙 / 사이즈: S,"진짜 잘 쓰고 있습니다. 핸드폰, 에어팟 둘 다 들어가서 좋아요. 에어팟은 한 번씩 빠져서 아쉬웠는데, 잘 살펴보니 안에 고리가 있더라구요? 거기에 걸고 넣으니까 당연히 안 빠져서 너무 좋습니다 ^^",5,1
jihy******,2024-07-19T05:02:39.871+00:00,상품선택: 러닝벨트 / 색상: 블랙 / 사이즈: M,좋아보여요 배송빠르고,5,1
11****,2024-07-23T14:30:44.448+00:00,상품선택: 러닝벨트 / 색상: 블랙 / 사이즈: S,몸에 착 달라붙어 러닝 즐겁게 하고있어요~,5,1
ahj2***,2024-07-21T09:14:41.722+00:00,상품선택: 러닝벨트 / 색상: 블랙 / 사이즈: S,지퍼가 없어 불편하지만 휴대폰도 안빠져서 잘 써요.,4,1
sitt******,2024-07-20T01:16:58.372+00:00,상품선택: 러닝벨트 / 색상: 블랙 / 사이즈: M,달리기할때나 걸을때 물건넣어다니기 정말좋습니다!!,5,1
ange****,2024-08-04T03:13:42.372+00:00,상품선택: 러닝벨트 / 색상: 블랙 / 사이즈: M,암밴드 사용했었는데 자꾸 흘러 내려 불편했었는데 좋네요. 하나 더 사야겠어요,5,1
real*******,2024-08-09T09:12:02.998+00:00,상품선택: 러닝벨트 / 색상: 블랙 / 사이즈: S,텐션이 너무너무 좋고 편해서 잘 쓰고있어요,5,1
010d*****,2024-08-08T13:47:51.708+00:00,상품선택: 러닝벨트 / 색상: 블랙 / 사이즈: M,운동할 때 폰이 항상 걸리적 거리고 문제였는데 해결되었습니다!!! ㅎㅎ,5,1
yang******,2024-08-13T04:24:31.208+00:00,상품선택: 러닝벨트 / 색상: 형광 / 사이즈: M,신축성도 좋은데 탄탄하네요,5,1
gold******,2024-08-14T01:15:53.641+00:00,상품선택: 러닝벨트 / 색상: 블랙 / 사이즈: M,구매하고 쓰고있진 않아요~,3,1
pj****,2024-07-29T22:51:19.352+00:00,상품선택: 러닝벨트 / 색상: 블랙 / 사이즈: M,"평소 허리 30인치인데 조금 m사이즈가 헐렁한느낌입니다.
조금더 탄력이 좋아지거나 안쪽에 실리콘 같은것으로 흘러내리지 않도록 하는게 좀더 좋을듯 합니다.",4,1
hjho******,2024-09-12T08:34:29.009+00:00,상품선택: 러닝벨트 / 색상: 블랙 / 사이즈: L,asdasqqqsdqscasq,5,1
jiha*****,2024-07-06T05:00:55.687+00:00,상품선택: 러닝벨트 / 색상: 블랙 / 사이즈: S,"아주 잘 사용하고 있어요!!
세탁을 몇 번 했는데도 아직도 짱짱
뛸 때 안전감도 good!!
늦게 산 걸 후회 ㅜㅜ 런닝이들함테 추천!!:)",5,1
ii50****,2024-08-11T22:50:15.840+00:00,상품선택: 러닝벨트 / 색상: 형광 / 사이즈: L,런닝할때 손이 자유로워졌어요!!,5,1
lshg****,2024-07-28T22:28:46.064+00:00,상품선택: 러닝벨트 / 색상: 블루 / 사이즈: S,달리기 할때 잘 쓰고 있습니다. 짱짱하게 잡아줘서 흔들림이 없내요,5,1
duru********,2024-08-12T23:26:56.925+00:00,상품선택: 러닝벨트 / 색상: 블랙 / 사이즈: L,런닝 계속 할거 같아요,5,1
mega****,2024-08-08T15:09:25.907+00:00,상품선택: 러닝벨트 / 색상: 블랙 / 사이즈: S,착용감 좋고 잘 사용중입니다.,5,1
limd*****,2024-07-16T09:48:03.572+00:00,상품선택: 러닝벨트 / 색상: 블랙 / 사이즈: M,"러닝할 때 필요해서 구매해봤는데, 유용하게 잘 쓰고 있어요~",5,1
sell******,2024-08-15T11:44:50.316+00:00,상품선택: 러닝벨트 / 색상: 블랙 / 사이즈: M,편하고 튼튼해요ㅎㅎㅎ,4,1
yoyo****,2024-07-06T09:26:49.524+00:00,상품선택: 러닝벨트 / 색상: 블랙 / 사이즈: S,뛸때 잡아주는 느낌보다 조금 흔들는데 불편한 느낌?그래도 이가격이면 나름 사용할만한듯합니다,4,1
love*******,2024-08-06T23:34:01.617+00:00,상품선택: 러닝벨트 / 색상: 블랙 / 사이즈: M,빠른배송감사합니다.,5,6
fina*******,2024-08-03T09:54:24.391+00:00,상품선택: 러닝벨트 / 색상: 블랙 / 사이즈: M,기존에 쓰던 벨트나 팔걸이랑 다르고 밴드처럼 허리에 차는게 정말 편해요,5,1
yeji******,2024-07-18T13:06:28.477+00:00,상품선택: 러닝벨트 / 색상: 블랙 / 사이즈: S,가격대비 너무 괜찮아요,5,1
qkrt*******,2024-08-06T21:40:15.326+00:00,상품선택: 러닝벨트 / 색상: 블랙 / 사이즈: S,아직사용던이나 러닝할때편할것같네요,4,1
duaw*****,2024-07-08T08:39:17.406+00:00,상품선택: 러닝벨트 / 색상: 블루 / 사이즈: L,지퍼같은게 있을줄 알았는데 없네요. 그래도 흘러내리진 않아서 좋습니다,5,1
bbel*****,2024-09-01T15:20:43.294+00:00,상품선택: 러닝벨트 / 색상: 블랙 / 사이즈: S,ㅜ어차야나파야나햐나야애,5,1
only*******,2024-05-31T13:00:02.890+00:00,상품선택: 러닝벨트 / 색상: 블랙 / 사이즈: S,가성비 대비하면 좋은 벨트 같아요. 벨트 차고 스마트폰 넣고 러닝해봤는데 배에 붙어 흔들림 없이 쫀득합니다. 사이즈는 스판 소재라 허리 29지만 s로 했는데 무리 없네요. 늘어날것 감안해서.. 한달후에도 좋을지 후기 남겨볼께요,5,1
cjh1*******,2024-07-28T01:13:14.091+00:00,상품선택: 러닝벨트 / 색상: 형광 / 사이즈: M,착용감이 우수합니다. 색상도 이쁘네요,5,1
snip******,2024-07-13T03:16:07.415+00:00,상품선택: 러닝벨트 / 색상: 블랙 / 사이즈: S,"버클 타입  레이스 밸트는 쓰다보면  늘어나 덜렁거리는 현상 때문에  버클이 없는 지금의 제품을 구매했어요 버클 타입보다 무게감이 있어요  
짱짱한 느낌은 있지만 달릴때 버클 타입처럼 덜렁거리는건 어쩔수없네요. 한번 사용후 느낀건데 여러번 쓰다보면 또 장단점이  보일거 같네요 .",3,1
soog*****,2024-08-07T11:14:33.725+00:00,상품선택: 러닝벨트 / 색상: 블랙 / 사이즈: M,러닝할때 손이 자유로워서 좋네요,5,2
soog*****,2024-08-07T11:14:13.224+00:00,상품선택: 러닝벨트 / 색상: 블랙 / 사이즈: L,러닝할때 손이 자유로워서 좋네요,5,1
tel6***,2024-07-11T15:35:42.108+00:00,상품선택: 러닝벨트 / 색상: 블랙 / 사이즈: S,"가볍고 밀착력 좋아요
연결고리도 있어 열쇠 보관도 가능합니다",5,1
je****,2024-07-06T02:29:06.174+00:00,상품선택: 러닝벨트 / 색상: 블랙 / 사이즈: S,플립 핸드폰이라 안정적으로 들어가는거 같진 않지만ㅜㅜ 러닝할때 손은 편할거 같아요!,5,1
dhli***,2024-07-24T00:38:51.187+00:00,상품선택: 러닝벨트 / 색상: 블랙 / 사이즈: L,여름에는 착용하기가 더운거 같구요..가을 겨울에는 좋을듯합니다~ 가격대비 좋아요,5,1
tmdg******,2024-07-24T23:59:50.581+00:00,상품선택: 러닝벨트 / 색상: 블랙 / 사이즈: S,"두손을 자유롭게 사용해서 편하게 운동할수 있고
쫀쫀하고 휴대폰 넣고 빼기도 쉬워요",5,1
azur*****,2024-07-29T08:13:29.300+00:00,상품선택: 러닝벨트 / 색상: 블랙 / 사이즈: L,제 허리둘레가 38인데도 불편하지않고 착용감이 좋습니다,5,1
kiki***,2024-06-29T04:12:47.147+00:00,상품선택: 러닝벨트 / 색상: 블루 / 사이즈: S,러닝할때 편하게 손에 아무것도 안들고 뛰니까 가볍고 좋았습니다!! 저렴하서 더 만족스허워요 ㅎㅎㅎ,5,1
gpel*****,2024-07-05T04:42:14.683+00:00,상품선택: 러닝벨트 / 색상: 블랙 / 사이즈: M,이제 막 런닝 시작했는데 저렴하게 잘 샀어요 안흘러내리고 좋아요,5,1
11kw*******,2024-06-27T04:35:27.030+00:00,상품선택: 러닝벨트 / 색상: 블랙 / 사이즈: M,"러닝 시작하면서 핸드폰이랑(아이폰12) 에어팟이 거슬렷는데 러닝벨트에 쏙 들어가서 흔들리지 않고 손이 자유로우니 엄청 편하네요
작은 물병(200-300ml)까지는 들어갈꺼 같은데(재질이 스판재질) 500ml는 안될꺼 같네요 
튜브형같은건 충분히 들어갈꺼 같습니다",4,1
jy****,2024-07-26T07:49:34.654+00:00,상품선택: 러닝벨트 / 색상: 블랙 / 사이즈: S,"사이즈도 딱 맞고
러닝할때 흔들림도 없고 두손이 자유로워서 너무 편해요!",5,1
bril*******,2024-07-06T11:34:07.624+00:00,상품선택: 러닝벨트 / 색상: 블랙 / 사이즈: M,"이거 좋네요.
허리에 차서 핸드폰 이어폰 넣고
달립니다.",5,1
9ro9*******,2024-07-03T03:22:40.783+00:00,상품선택: 러닝벨트 / 색상: 블랙 / 사이즈: M,배송 빠르게 잘받았습니다. 가볍고 간편하게 사용할 수 있어 좋아요,5,1
lhji*****,2024-06-27T13:17:57.082+00:00,상품선택: 러닝벨트 / 색상: 블랙 / 사이즈: S,고민하다가 일단 입문자라서 이걸로 골랐는데 좋은거 같아요. 실제로 달려보고 또 후기 남길게요,5,1
vo****,2024-08-03T12:02:06.575+00:00,상품선택: 러닝벨트 / 색상: 블랙 / 사이즈: L,땀이 차면 흘러내리는감이 있네요,2,1
gogo****,2024-07-25T04:02:58.717+00:00,상품선택: 러닝벨트 / 색상: 블랙 / 사이즈: S,주머니 넣고도 안떨어져요! 달리기할때좋아요,4,1
smil***,2024-07-21T03:29:42.395+00:00,상품선택: 러닝벨트 / 색상: 블랙 / 사이즈: S,편하긴 하네요  근데 말려서 올라가는게 잇네요ㅠㅠ 한번 쓰고는 아직 안썻는데 자주 써봐야겟어요,4,1
g7sc*****,2024-07-10T05:39:17.927+00:00,상품선택: 러닝벨트 / 색상: 형광 / 사이즈: M,배송빠르고  제 허리가 32인데 M 사이즈 안정감있게 맞아서 너무 좋아요.. 휴대폰을 넣고 달려도 흔들림없어서 너무 좋습니다.,5,1
my****,2024-07-25T11:12:11.880+00:00,상품선택: 러닝벨트 / 색상: 블루 / 사이즈: L,좋은 물건을 빠르게 배송해주셔서 감사합니다.,5,1
m8****,2024-07-04T05:08:15.182+00:00,상품선택: 러닝벨트 / 색상: 블랙 / 사이즈: M,"두께가 좀 있네요
사용전이긴한데
암밸트보단 편하겠죠?",5,1
gk****,2024-08-07T05:53:17.877+00:00,상품선택: 러닝벨트 / 색상: 블랙 / 사이즈: L,만족합니다. ㅎㅎㅎ,5,1
tlsr******,2024-07-26T07:40:38.650+00:00,상품선택: 러닝벨트 / 색상: 블랙 / 사이즈: M,러닝벨트는 필수에요!! 암밴드보다 훨 좋네여,5,1
y061***,2024-07-30T07:59:26.931+00:00,상품선택: 러닝벨트 / 색상: 블랙 / 사이즈: L,간단하고 좋네요 잘 쓰겠습니다,5,1
svol****,2024-07-30T07:38:27.611+00:00,상품선택: 러닝벨트 / 색상: 블랙 / 사이즈: M,빠른 배송...가성비 좋아서 재구매합니다.,5,1
hyoj*******,2024-07-27T00:33:12.236+00:00,상품선택: 러닝벨트 / 색상: 블랙 / 사이즈: L,신랑이 사달라고 링크보내서샀는데 만족해요,5,1
ohch***,2024-07-29T06:00:25.662+00:00,상품선택: 러닝벨트 / 색상: 블랙 / 사이즈: S,여분으로 구입하여 계속해서 잘 사용하고 있습니다.,5,1
aney****,2024-06-28T04:06:17.184+00:00,상품선택: 러닝벨트 / 색상: 블랙 / 사이즈: M,"러닝할때 밸트 한건지도 모를 정도로 편해요.
골반에 맞게 차면 딱 좋아요",5,1
ttok****,2024-07-11T05:13:24.553+00:00,상품선택: 러닝벨트 / 색상: 형광 / 사이즈: M,배송빠르고좋아요~~^^,5,1
yuuu*****,2024-07-09T03:29:57.590+00:00,상품선택: 러닝벨트 / 색상: 블랙 / 사이즈: S,좋아요 짱짱하고 수납도 잘 되네요,5,1
jiha*****,2024-06-16T07:33:25.027+00:00,상품선택: 러닝벨트 / 색상: 블랙 / 사이즈: S,"아파서 사용 못하다가 오늘 드디어 착용!!
평소 뛸 때 손에 들고 뛰니 너무 힘들어서 구매
이렇게 편한 걸 이제 사다니 ㅜㅜ 너무 편해요
저는 아이폰12pro 사용하는데 찰떡같이 들어가고 뛸 때도 안정감 쵝오!! :)",5,1
wdj_***,2024-07-10T08:17:37.540+00:00,상품선택: 러닝벨트 / 색상: 블랙 / 사이즈: M,사용전이지만 좋아보여요,5,1
wjd4***,2024-07-17T11:51:40.564+00:00,상품선택: 러닝벨트 / 색상: 블랙 / 사이즈: S,아직 사용전이에요~~  울트라노트20 넣기에 좀 작은거같아요 허리27인데 조금 느슨핮니당,4,1
goot******,2024-06-27T06:38:10.096+00:00,상품선택: 러닝벨트 / 색상: 블랙 / 사이즈: M,"180,66 30사이즈
m주문
23갤폰 딱들어가니좋아요
허리는커서 골뱌에 걸치고 뛰면좋을거같아요",5,1
shim***,2024-07-26T10:29:13.679+00:00,상품선택: 러닝벨트 / 색상: 블랙 / 사이즈: M,배송 엄청 빠르고 잘 사용할게요,5,1
hand*****,2024-07-23T02:34:18.502+00:00,상품선택: 러닝벨트 / 색상: 블랙 / 사이즈: M,좋습니다 몸에 잘 맞고요 뛸때도 편하네요,5,1
tomy***,2024-06-18T14:15:22.986+00:00,상품선택: 러닝벨트 / 색상: 블랙 / 사이즈: M,"배송도 빠릅니다.
노트20 인데 빠져나오진 않습니다.
지퍼는 없지만 그만큼 짱짱합니다.
런닝하고왓는데 너무편하네요",5,1
bigc*******,2024-07-07T01:14:07.542+00:00,상품선택: 러닝벨트 / 색상: 블랙 / 사이즈: S,간편하고 잘 쓰겠습니다,5,1
choi******,2024-07-09T09:25:51.700+00:00,상품선택: 러닝벨트 / 색상: 블랙 / 사이즈: L,딱맞네요 좋아보입니다,5,1
zldz*****,2024-08-08T02:16:21.444+00:00,상품선택: 러닝벨트 / 색상: 블랙 / 사이즈: S,"만족합니다!!!!만족합니다!!!!만족합니다!!!!
만족합니다!!!!만족합니다!!!!만족합니다!!!!",3,1
cham*****,2024-07-01T11:31:49.374+00:00,상품선택: 러닝벨트 / 색상: 블랙 / 사이즈: M,아직 착용해보진 않았어요~ 편해야할텐데요,4,1
meey******,2024-06-18T23:28:53.882+00:00,상품선택: 러닝벨트 / 색상: 블랙 / 사이즈: S,러닝할때 핸드폰 손에 들고 달리기 불편해 구입했어요. 후기믿고 구입했어요. 아직 미착용전이라 사용편리성은 아직 미체크,5,1
csh8***,2024-07-19T02:14:11.063+00:00,상품선택: 러닝벨트 / 색상: 블랙 / 사이즈: M,"너무좋고 완전좋고 달릴때 편해요!
근데 배가 좀 아파요 ㅜㅜ",5,1
4lov********,2024-07-29T02:49:19.036+00:00,상품선택: 러닝벨트 / 색상: 블랙 / 사이즈: S,편안하고 잘잡아줍니다,5,1
sj****,2024-06-20T05:26:04.756+00:00,상품선택: 러닝벨트 / 색상: 블랙 / 사이즈: S,"운동할때마다 너무 편하게 쓰고 있어요~~
날이 더워져서 좀 두께감이 있나 싶지만.. 그래도 잘 고정되고 좋습니다!",5,1
swon****,2024-07-06T06:42:33.434+00:00,상품선택: 러닝벨트 / 색상: 블랙 / 사이즈: M,러닝할 때 편하게 잘 사용하겠습니다!,5,1
ha****,2024-07-18T00:42:45.732+00:00,상품선택: 러닝벨트 / 색상: 블랙 / 사이즈: S,"벌써 4개째 구매입니다. 전 2개째, 시어머니, 남편까지
런닝할때 너무 편해요~",5,1
kim0*****,2024-07-18T14:29:32.321+00:00,상품선택: 러닝벨트 / 색상: 블랙 / 사이즈: M,핸드폰 손으로 들고 뛰기 불편해서 샀는데 생각보다 편하고 좋습니더,5,1
ak****,2024-07-03T08:22:30.834+00:00,상품선택: 러닝벨트 / 색상: 블랙 / 사이즈: M,신랑이 매일아침마다뛰는데 필요해서 구매해써요!,5,1
seun*****,2024-07-04T15:02:46.635+00:00,상품선택: 러닝벨트 / 색상: 블랙 / 사이즈: M,착용감도 좋고 간편하네요,5,1
ljp0***,2024-07-15T05:50:38.659+00:00,상품선택: 러닝벨트 / 색상: 블랙 / 사이즈: M,튼튼하고 사이즈도 딱 맞네요 배송도 빠릅니다,5,1
ohch***,2024-07-20T04:45:31.521+00:00,상품선택: 러닝벨트 / 색상: 블랙 / 사이즈: M,가성비 대비 품질우수하고 착용했을때 핏도 좋습니다.,5,1
love*******,2024-07-08T06:06:14.771+00:00,상품선택: 러닝벨트 / 색상: 블랙 / 사이즈: S,뛰어도 고정 되고 편하네요~~,5,1
4lov********,2024-06-30T02:23:04.461+00:00,상품선택: 러닝벨트 / 색상: 블랙 / 사이즈: S,"사이즈 작을까 걱정했는데 딱 좋네요
안정적입니다",5,1
qnam***,2024-07-09T06:42:22.258+00:00,상품선택: 러닝벨트 / 색상: 블랙 / 사이즈: L,나름 수납도 좋고 운동할 때도 흘러내리지않아서 좋아요 덤으로 이탈리아 여행갈 때도 중요한 물건 넣어다녔어요 굳,5,1
kgy3***,2024-07-02T05:30:11.423+00:00,상품선택: 러닝벨트 / 색상: 블랙 / 사이즈: S,흔들림도 없고 고정 잘 되어서 좋아요!,5,1
tjsd*****,2024-07-05T09:07:12.218+00:00,상품선택: 러닝벨트 / 색상: 블랙 / 사이즈: L,배송 빠르고 편해요,5,1
ya****,2024-07-18T02:50:35.628+00:00,상품선택: 러닝벨트 / 색상: 블랙 / 사이즈: M,완전 좋아요. 써본것 중에 제일 좋은것 같아요.,5,1
sant***,2024-07-24T06:52:46.917+00:00,상품선택: 러닝벨트 / 색상: 블랙 / 사이즈: M,가격대비활용도 좋아요,4,1
kita*****,2024-07-25T23:46:39.447+00:00,상품선택: 러닝벨트 / 색상: 블랙 / 사이즈: L,운동하는데 잘 쓰고 있습니다,5,1
ja****,2024-06-15T07:30:49.163+00:00,상품선택: 러닝벨트 / 색상: 블랙 / 사이즈: L,"운동할때 쓰려고 M,L사이즈 두개를 구입했습니다~
바지입듯 올려입으면 좋네요
배가 좀 있으신 여성분들 M은 배쪽에 핏되게 맞고
L는 골반가까이 내려입으니 딱 좋아요.",5,2
tjsd*****,2024-07-05T09:07:42.774+00:00,상품선택: 러닝벨트 / 색상: 블랙 / 사이즈: S,배송 빠르고 편해요^^,5,1
ja****,2024-06-15T07:30:31.366+00:00,상품선택: 러닝벨트 / 색상: 블랙 / 사이즈: M,"운동할때 쓰려고 M,L사이즈 두개를 구입했습니다~
바지입듯 올려입으면 좋네요
배가 좀 있으신 여성분들 M은 배쪽에 핏되게 맞고
L는 골반가까이 내려입으니 딱 좋아요.",5,1
mte9***,2024-06-30T12:00:31.154+00:00,상품선택: 러닝벨트 / 색상: 블루 / 사이즈: S,러닝할때 너무 편리해서 좋아요,5,1
jhh7***,2024-06-28T00:00:46.893+00:00,상품선택: 러닝벨트 / 색상: 블랙 / 사이즈: S,두꺼운 케이스 낀 핸드폰이 안들어가긴 하는데 허리는 잘 맞아요,5,1
moon******,2024-07-10T01:49:29.084+00:00,상품선택: 러닝벨트 / 색상: 블랙 / 사이즈: M,좋은제품 감사합니다 수고 허세요 또 구매 하께요,5,2
moon******,2024-07-10T01:48:09.146+00:00,상품선택: 러닝벨트 / 색상: 블랙 / 사이즈: M,좋은제품 감사합니다 수고 허세요 또 구매 하께요,5,1
moon******,2024-07-19T06:15:02.619+00:00,상품선택: 러닝벨트 / 색상: 블랙 / 사이즈: M,좋은제품 이네요 수고 하세요,5,1
eg44****,2024-07-25T08:20:58.694+00:00,상품선택: 러닝벨트 / 색상: 블랙 / 사이즈: M,역시는 역시 최고입니다,5,1
bb****,2024-06-27T20:26:47.165+00:00,상품선택: 러닝벨트 / 색상: 블루 / 사이즈: S,누나가 걷기 시작한데서 선물했는데 좋데요,5,1
seun*****,2024-07-08T10:03:01.718+00:00,상품선택: 러닝벨트 / 색상: 블랙 / 사이즈: L,편하고 좋네요 :),5,1
moha******,2024-06-28T04:45:49.735+00:00,상품선택: 러닝벨트 / 색상: 블랙 / 사이즈: L,휴대폰은 딱 맞게 들어가고 지갑 수납은 조금힘듬,4,1
mte9***,2024-06-30T11:59:49.188+00:00,상품선택: 러닝벨트 / 색상: 블랙 / 사이즈: S,러닝벨트가 흘러내리지 않아서 좋았습니다,5,1
lsh8***,2024-07-01T15:26:29.377+00:00,상품선택: 러닝벨트 / 색상: 블랙 / 사이즈: M,좋라요 ㅎㅎ 굿굿 개좋음,5,1
ryeo***,2024-06-18T13:18:30.410+00:00,상품선택: 러닝벨트 / 색상: 블랙 / 사이즈: L,"복대 느낌입니다. 뛸때 사용해봐야 정확히 알겠지만, 일단 만족합니다.",5,1
ji****,2024-06-20T07:22:34.252+00:00,상품선택: 러닝벨트 / 색상: 블랙 / 사이즈: S,"폭이 넓은 것을 사용했는데...
요것두 좋네요... 잘 쓰겠습니다^^;;",4,1
ckad******,2024-06-26T00:20:22.578+00:00,상품선택: 러닝벨트 / 색상: 형광 / 사이즈: L,밸트 착용이 해제가 불편함 나머지 만족,5,1
oxwi****,2024-06-26T16:39:47.769+00:00,상품선택: 러닝벨트 / 색상: 블랙 / 사이즈: M,혹시 작을까 걱정했는데 잘 맞네요,5,1
kims*******,2024-07-14T01:26:49.332+00:00,상품선택: 러닝벨트 / 색상: 블랙 / 사이즈: M,만족합니다 배송도 빠르고 좋네요,4,1
g7sc*****,2024-07-10T05:39:53.881+00:00,상품선택: 러닝벨트 / 색상: 형광 / 사이즈: L,"배송 빨랐고, 허리사이즈 32에도  M사이즈가 안정감있게 맞아서 너무 좋습니다.",5,1
ssan*****,2024-08-05T04:55:07.096+00:00,상품선택: 러닝벨트 / 색상: 블랙 / 사이즈: M,좋아요 좋아요 정말 좋아요,5,1
gusg******,2024-06-23T13:52:30.231+00:00,상품선택: 러닝벨트 / 색상: 블랙 / 사이즈: S,휴대폰 잘들어가고 판판하게 고정잘되고 만족스럽습니다,5,1
ggoz*****,2024-07-22T03:21:12.652+00:00,상품선택: 러닝벨트 / 색상: 형광 / 사이즈: M,운동 하기 좋습니다.,5,1
alwa********,2024-06-18T13:15:46.654+00:00,상품선택: 러닝벨트 / 색상: 블랙 / 사이즈: M,편하게 잘뛸수 있었어요. 잘못넣어서 에어팟을 떨어트렸지만 ㅠㅠ,5,1
cgh0***,2024-06-30T04:01:44.774+00:00,상품선택: 러닝벨트 / 색상: 블랙 / 사이즈: S,러닝할 때 완전 편합니다. 잘 흘러내리지도 않고요. 러닝하시는 분들 하나씩 추천드립니다.,5,1
sang*******,2024-06-25T01:35:09.475+00:00,상품선택: 러닝벨트 / 색상: 형광 / 사이즈: M,탄성도가 좋고 색상도 좋습니다.,5,1
eatl*****,2024-06-22T05:45:02.815+00:00,상품선택: 러닝벨트 / 색상: 블랙 / 사이즈: M,배송진짜빠르고 제품도굳이네여 아부지꺼도 살꺼에요,5,1
93ko******,2024-06-26T13:22:23.133+00:00,상품선택: 러닝벨트 / 색상: 블랙 / 사이즈: M,주머니 없는 바지 입었을 때 편해요,5,1
zl****,2024-06-23T23:48:36.890+00:00,상품선택: 러닝벨트 / 색상: 블랙 / 사이즈: M,배송 빠르고 좋아요,5,1
pyh2***,2024-07-16T07:02:50.777+00:00,상품선택: 러닝벨트 / 색상: 블루 / 사이즈: L,허리에서 흘러내리지 않고 좋습니다 굿!,5,1
sb****,2024-07-14T23:04:52.775+00:00,상품선택: 러닝벨트 / 색상: 블랙 / 사이즈: S,좋아요좋아좋아좋아요 내무,5,1
wk****,2024-07-15T00:44:39.206+00:00,상품선택: 러닝벨트 / 색상: 블랙 / 사이즈: S,비가 계속 와서 아싑게도 한번도 사용 못함,5,1
hj****,2024-07-02T10:55:07.808+00:00,상품선택: 러닝벨트 / 색상: 블랙 / 사이즈: S,편히고 좋아요!! 아주 잘 쓰고 있어요 친구가 정보 물어봐서 알려줬네요 히히,5,1
saki***,2024-06-05T15:11:09.798+00:00,상품선택: 러닝벨트 / 색상: 블랙 / 사이즈: M,밤에 조깅하면서 핸드폰 들고 뛰는게 불편해서 구입했는데 좋은거 같아요 아이폰11도 잘 들어가구요 카드나 다른거도 넣을수 있네요,4,1
jiag****,2024-07-06T01:45:14.096+00:00,상품선택: 러닝벨트 / 색상: 블랙 / 사이즈: S,달리기 필수템입니다. 이젠 없으면 안돼요!,5,1
powe*****,2024-06-27T05:35:36.017+00:00,상품선택: 러닝벨트 / 색상: 블랙 / 사이즈: L,런닝할때 쓰기 편해요~,5,1
clot****,2024-06-14T05:28:13.608+00:00,상품선택: 러닝벨트 / 색상: 블랙 / 사이즈: S,부드럽고 괜찮네요. 지퍼가 아닌게 좋을수도 아닐수도 있겠어요,5,1
subi*****,2024-06-27T14:22:24.326+00:00,상품선택: 러닝벨트 / 색상: 블랙 / 사이즈: S,러닝할때 딱이에요 ㅎㅎ,5,1
jsal********,2024-06-15T05:22:48.267+00:00,상품선택: 러닝벨트 / 색상: 블랙 / 사이즈: S,러닝할때 핸드폰이랑 에어팟 손에 안들곷뛰어서 너무좋아요,4,1
pure*******,2024-06-16T02:15:33.116+00:00,상품선택: 러닝벨트 / 색상: 블랙 / 사이즈: S,생각보다 잘 늘어나서 핸드폰 외에 다른 물건도 잘 들어가네요.,5,1
mich*******,2024-06-21T05:23:43.887+00:00,상품선택: 러닝벨트 / 색상: 블랙 / 사이즈: S,전에 쓰던거 와이프가 탐내서 사줬습니다^^,5,1
l1****,2024-06-13T23:59:16.585+00:00,상품선택: 러닝벨트 / 색상: 블랙 / 사이즈: S,"러닝할때 필수
팔에도 착용하는 상풍 써봤지만 이게 더좋아요",5,1
neo7***,2024-06-18T08:13:02.953+00:00,상품선택: 러닝벨트 / 색상: 블랙 / 사이즈: S,허리에 딱 붙어서 러닝하기 좋아요,5,2
neo7***,2024-06-18T08:12:34.377+00:00,상품선택: 러닝벨트 / 색상: 블랙 / 사이즈: M,허리에 딱 붙어서 러닝하기 좋아요,5,1
this****,2024-07-03T03:39:14.954+00:00,상품선택: 러닝벨트 / 색상: 블랙 / 사이즈: L,허리에 착 달라붙는게 내몸같네요. 좋아요,5,1
simj****,2024-06-19T22:15:17.478+00:00,상품선택: 러닝벨트 / 색상: 블랙 / 사이즈: M,"너무 좋습니다
많이 파세요",5,1
sjd0***,2024-06-22T06:47:14.117+00:00,상품선택: 러닝벨트 / 색상: 형광 / 사이즈: S,가볍고 운동할때 편해요,5,1
bbul****,2024-07-03T00:05:35.967+00:00,상품선택: 러닝벨트 / 색상: 블랙 / 사이즈: L,가격대비 품질이 좋습니다 아이폰15프로 케이스 사용해도 잘들어가요,5,1
dwle****,2024-06-14T10:06:59.743+00:00,상품선택: 러닝벨트 / 색상: 블랙 / 사이즈: M,딱 좋습니다. 배송도 빠릅니다.,5,1
jins***,2024-06-23T00:27:39.518+00:00,상품선택: 러닝벨트 / 색상: 블루 / 사이즈: S,싸게 잘 산 듯 합니다.,5,2
jins***,2024-06-23T00:26:43.679+00:00,상품선택: 러닝벨트 / 색상: 블랙 / 사이즈: M,싸게 잘 산 듯 합니다.,5,1
ceh9***,2024-06-19T12:40:34.042+00:00,상품선택: 러닝벨트 / 색상: 블랙 / 사이즈: S,허리 21-22인치 정도로 가는 편이라 조금 클 거 예상하고 샀는데도 크긴 커요ㅠㅜㅋ ㅋㅋ 거의 엉덩이 바로 위까지 내려서 착용하고 있는데 그래도 핸드폰 손에 안들고 뛰니까 매우 편합니다,4,1
club****,2024-06-04T10:35:30.983+00:00,상품선택: 러닝벨트 / 색상: 블랙 / 사이즈: M,러닝 아이템중에서 제일 맘에 든다. 구입하는데 망설이지 말아. 너에게 나에게 꼭 필요한 물건이야 사이즈는 작게 구입하길바래,5,1
hyun*****,2024-05-26T12:49:48.943+00:00,상품선택: 러닝벨트 / 색상: 블랙 / 사이즈: S,처음에 러닝할때 버클형 샀는데 불편해서 결국 안쓰게 되더라구요.계속 그냥 손에 쥐고 뛰다가 휴대폰 떨어뜨린이후로 검색해서 사봤는데 대만족입니다 걸반에 챡 걸치니까 딱 좋네요,5,1
ph****,2024-06-20T00:12:49.254+00:00,상품선택: 러닝벨트 / 색상: 블랙 / 사이즈: S,가벼워서 운동하기 좋습니다,5,1
sorr****,2024-06-17T22:52:21.564+00:00,상품선택: 러닝벨트 / 색상: 블랙 / 사이즈: S,"편하고 가벼워요 
엄마도드리려구 재구매핫어요",5,1
sy****,2024-06-14T10:53:44.229+00:00,상품선택: 러닝벨트 / 색상: 블랙 / 사이즈: S,빨리왔네요 러닝 기대됩니다,5,1
scul********,2024-06-17T06:03:27.969+00:00,상품선택: 러닝벨트 / 색상: 블랙 / 사이즈: L,신축성 좋고 착용감 좋고,4,1
pooh****,2024-06-14T07:19:55.649+00:00,상품선택: 러닝벨트 / 색상: 블랙 / 사이즈: S,"허리가 얇고,골반이 크지않은 여자분들은 딱 고정이 핏하게 되진않아요 그래도 손에 쥐고 뛰댕길때보다 편해서 돈값어치는 한다고생각해요 
저렴한 가격에 마라톤연습 잘했어요",4,1
jjin******,2024-05-23T02:33:24.456+00:00,상품선택: 러닝벨트 / 색상: 형광 / 사이즈: S,요즘 러닝에 빠져서 제대로 해보려는데 폰이 불편하던 찰나에 회사에 러닝을 오래 하시는 형님이 추천해주신 제품! 오래 사용하면 늘어나는걸 생각해서 작은 사이즈로 같이 두개씩 구매했습니다! 바로 써봐야겠어요!,5,2
jjin******,2024-05-23T02:33:04.935+00:00,상품선택: 러닝벨트 / 색상: 블랙 / 사이즈: S,요즘 러닝에 빠져서 제대로 해보려는데 폰이 불편하던 찰나에 회사에 러닝을 오래 하시는 형님이 추천해주신 제품! 오래 사용하면 늘어나는걸 생각해서 작은 사이즈로 같이 두개씩 구매했습니다! 바로 써봐야겠어요!,5,1
pols*******,2024-07-03T08:06:51.010+00:00,상품선택: 러닝벨트 / 색상: 블루 / 사이즈: M,사용하기 편하고 핸드폰도 집어놓으니 좋아요,5,1
cold****,2024-06-15T10:20:42.053+00:00,상품선택: 러닝벨트 / 색상: 블루 / 사이즈: S,"핸드폰거치로 이만한게 없습니다
개발자 천재임",5,1
only*******,2024-06-30T15:25:36.779+00:00,상품선택: 러닝벨트 / 색상: 블랙 / 사이즈: S,사이즈 타이트하게 좋아요 잘 쓰고 있어요,5,1
hmbl*****,2024-06-12T06:07:40.000+00:00,상품선택: 러닝벨트 / 색상: 블랙 / 사이즈: S,너무 맘에 듭니다. 배송도 하루만에 왔어요,5,1
chan******,2024-06-21T01:27:46.228+00:00,상품선택: 러닝벨트 / 색상: 형광 / 사이즈: S,너무 좋아서 재주문하고 잘쓰고 있어요. 여름되니 더워서 좀 시원한 재질 벨트 있었으면 좋겠네요.,5,1
newg***,2024-06-06T09:35:03.631+00:00,상품선택: 러닝벨트 / 색상: 형광 / 사이즈: M,"제품설명 그대로네요
런닝할때 기존버클형태보다 나은듯 싶네요",5,1
pooh****,2024-06-14T07:20:43.882+00:00,상품선택: 러닝벨트 / 색상: 블랙 / 사이즈: M,"핸드폰 갤럭시s23울트라 큰 사이즈도 잘 들어가요 
에어팟챙기고 차키정도 넣어서 뛸수있어요 
손이 자유로우니까 일단 가장 큰 장점이라 할수있어요 
물론 안정감은 베스트형이겠지만, 
등에 땀나니까요!",5,1
pols*******,2024-07-03T08:06:34.652+00:00,상품선택: 러닝벨트 / 색상: 블랙 / 사이즈: L,출렁거리지 않고 사용하기 좋아요,5,1
00lo*****,2024-06-01T06:37:45.288+00:00,상품선택: 러닝벨트 / 색상: 블랙 / 사이즈: M,걷기 운동하려고 하나 사 봤다가 편해서 등산하시는 어머니께 사 드렸어요~ 너무 편하고 좋아요!,5,1
yuny*****,2024-05-21T05:07:00.571+00:00,상품선택: 러닝벨트 / 색상: 블랙 / 사이즈: S,러닝 하다보면 조금씩 위로 올라와서 약간 헐떡거리는 게 느껴지지만 크게 불편할 수준은 아닙니다. 다만 한 번씩 다시 골반으로 위치 잡아주지 않으면 배에 땀이 찹니다. 밴드로 된 제품 특성상 어쩔 수 없을 것 같아요.,4,1
sell******,2024-07-06T11:55:04.580+00:00,상품선택: 러닝벨트 / 색상: 블랙 / 사이즈: M,짱짱하고 운동할때 편해요,4,1
taeu***,2024-07-16T12:07:21.213+00:00,상품선택: 러닝벨트 / 색상: 블랙 / 사이즈: M,좋아요~~~~~~~,5,2
sksk*****,2024-06-28T01:05:16.488+00:00,상품선택: 러닝벨트 / 색상: 블랙 / 사이즈: L,"런닝할때 핸드폰이 거추장스러워서 구매했습니다. 
아주 좋아요",5,1
gksn******,2024-06-11T06:02:12.265+00:00,상품선택: 러닝벨트 / 색상: 블랙 / 사이즈: S,사용 간편하고 좋을 것 같아요 흘러내리지 않았으면 좋겠네요,5,1
korn****,2024-06-14T06:11:50.274+00:00,상품선택: 러닝벨트 / 색상: 블랙 / 사이즈: M,쫀쫀하니 몸에 착 붙어서 좋습니다~~,5,1
mons*******,2024-07-02T07:51:49.750+00:00,상품선택: 러닝벨트 / 색상: 블랙 / 사이즈: L,사이즈는 좀 작은 게 딱 맞겠네요. 좋습니다,5,1
dkak******,2024-06-12T11:15:33.137+00:00,상품선택: 러닝벨트 / 색상: 블랙 / 사이즈: S,쫀쫀하니 너무 좋습니다~,5,1
sinb****,2024-07-04T14:41:23.222+00:00,상품선택: 러닝벨트 / 색상: 블랙 / 사이즈: S,"편합니다 손이
자유로워요",5,1
kjry****,2024-07-02T01:57:53.408+00:00,상품선택: 러닝벨트 / 색상: 블랙 / 사이즈: L,런닝할 때 잘 쓰고 있어요~,5,1
soul****,2024-06-09T02:19:01.855+00:00,상품선택: 러닝벨트 / 색상: 블랙 / 사이즈: M,첫구매 이후 만족해서 재구매합니다7,4,1
home***,2024-07-01T05:40:11.181+00:00,상품선택: 러닝벨트 / 색상: 블랙 / 사이즈: M,일반남자 M사이즈 좋습니다.,5,1
pck0***,2024-06-21T02:29:34.327+00:00,상품선택: 러닝벨트 / 색상: 형광 / 사이즈: S,"와우~
완전 편해요.
예쁘기도 하구요.
추천합니다.",5,1
kita*****,2024-07-01T11:55:31.317+00:00,상품선택: 러닝벨트 / 색상: 블랙 / 사이즈: L,런닝벨트로 잘 쓰고있습니 다,5,1
kkos***,2024-07-04T13:31:32.620+00:00,상품선택: 러닝벨트 / 색상: 블랙 / 사이즈: M,"편하고 좋아여 
추천",5,1
dhli***,2024-06-28T08:35:18.639+00:00,상품선택: 러닝벨트 / 색상: 형광 / 사이즈: L,약간 두꺼운거 빼고는 좋아요~,4,1
eatl*****,2024-06-28T03:24:56.692+00:00,상품선택: 러닝벨트 / 색상: 블랙 / 사이즈: M,배송빠르고제품좋고굳굳,5,1
hs09*****,2024-05-20T00:11:39.813+00:00,상품선택: 러닝벨트 / 색상: 블랙 / 사이즈: S,쫀쫀해서 흘러내리지 않아 편해요. 핸드폰 넣고 빼기가 아주 수월한건 아니지만 반대로 생각하면 뛸때 안빠진다는 거니까..ㅎㅎ 잘 쓰겠습니다.,5,1
mone*****,2024-06-18T08:30:49.710+00:00,상품선택: 러닝벨트 / 색상: 블랙 / 사이즈: M,"실속있는 이만한 벨트가 없어요, 몇개 구입해서 잘사용하고 있습니다",5,1
k7gu***,2024-06-16T01:54:19.704+00:00,상품선택: 러닝벨트 / 색상: 블랙 / 사이즈: L,"재구매 했는데 좋습니다
10km, 하프 여러번 뛰어봐도 이만한게 없습니다
팔에 하는거랑 클립식은 오래 달리면 힘들어요",5,1
tlsw****,2024-05-27T07:31:16.695+00:00,상품선택: 러닝벨트 / 색상: 블랙 / 사이즈: L,수납이 용이하네요~~ 근데 밸크로 없는 일체형이라 늘어나지 않을지 착용 하면서 봐야겠어요.,4,1
mi****,2024-06-12T07:30:07.078+00:00,상품선택: 러닝벨트 / 색상: 블랙 / 사이즈: M,벨트 싸고좋아요  !!!!!!,5,1
chul***,2024-06-26T17:51:02.232+00:00,상품선택: 러닝벨트 / 색상: 블랙 / 사이즈: M,일단 사이즈 잘 맞고 주말에 함~뛰어야겠어요,4,1
seo2***,2024-07-02T22:52:01.067+00:00,상품선택: 러닝벨트 / 색상: 블랙 / 사이즈: L,러닝할때 편해요^^,5,2
seo2***,2024-07-02T22:51:55.387+00:00,상품선택: 러닝벨트 / 색상: 블랙 / 사이즈: M,러닝할때 편해요^^,5,1
galb*******,2024-06-26T16:08:26.100+00:00,상품선택: 러닝벨트 / 색상: 블랙 / 사이즈: S,쫌 커서 고정은 잘 안되지만 편해여,5,1
zz****,2024-06-02T23:48:39.003+00:00,상품선택: 러닝벨트 / 색상: 블랙 / 사이즈: M,런닝 할때 핸드폰 보관하기 편해요,5,1
rabb********,2024-06-24T08:23:56.819+00:00,상품선택: 러닝벨트 / 색상: 블랙 / 사이즈: M,가격대비 괜찮은 제품이네요,5,1
sons******,2024-06-04T04:22:28.149+00:00,상품선택: 러닝벨트 / 색상: 블랙 / 사이즈: S,진짜 짱가볍고 편하고 아이폰14프로도 들어가요,5,1
todo***,2024-06-05T12:36:18.564+00:00,상품선택: 러닝벨트 / 색상: 블랙 / 사이즈: M,빠른 배송 좋앗습니다,5,1
unkh***,2024-06-22T17:50:24.808+00:00,상품선택: 러닝벨트 / 색상: 블랙 / 사이즈: S,러닝할때 요긴하게 쓰고있어요 정말 좋아요!,5,1
hyun*******,2024-06-22T04:32:36.379+00:00,상품선택: 러닝벨트 / 색상: 블랙 / 사이즈: S,흘러내리지않고 런닝할때 편하게 사용하고있어요!,5,1
ghdf******,2024-05-21T00:06:57.560+00:00,상품선택: 러닝벨트 / 색상: 블랙 / 사이즈: M,"허리에 딱 달라 붙어서 운동할때 너무 편하네요
부모님이 탐내셔서 선물했어요
하나 다시 구입했습니다",5,1
renk***,2024-05-07T05:37:40.805+00:00,상품선택: 러닝벨트 / 색상: 블루 / 사이즈: M,사이즈 L과 M 사이에서 고민했는데 M이 딱 맞아서 흘러내림이 없고 더 안정적이었습니다. 울트라 S24 핸드폰이 딱 맞게 들어가서 좋았어요. 그 외에 뭔가 더 넣을 정도 여유는 안되지만 체중 빼는 중이라 뱃살 빠지면 좀 더 나아질 듯요. ㅎㅎ,5,1
ggon***,2024-05-30T15:03:58.631+00:00,상품선택: 러닝벨트 / 색상: 블랙 / 사이즈: S,"탄탄하고 사이즈도 딱 좋고, 열심히 달려보겠습니다ㅎㅎ",5,1
dhli***,2024-06-24T02:48:12.653+00:00,상품선택: 러닝벨트 / 색상: 블랙 / 사이즈: L,생각했던거보다 두껍네요..,3,1
lhg9***,2024-06-22T00:15:15.320+00:00,상품선택: 러닝벨트 / 색상: 블랙 / 사이즈: M,배송 빠르고 상품도 좋습니다.,5,1
eung***,2024-06-26T06:43:07.014+00:00,상품선택: 러닝벨트 / 색상: 블루 / 사이즈: S,사용하기가 편하겠어요~~,5,1
eung***,2024-06-26T06:42:04.974+00:00,상품선택: 러닝벨트 / 색상: 블랙 / 사이즈: M,유용하게 사용하겠네요~~,5,1
tkfk********,2024-06-23T07:18:28.992+00:00,상품선택: 러닝벨트 / 색상: 블랙 / 사이즈: M,가성비 있고 좋아요,5,1
ok****,2024-05-24T16:07:42.680+00:00,상품선택: 러닝벨트 / 색상: 블랙 / 사이즈: S,좋아요~ 사이즈가 좀 작은듯한데 그냥 쓰려구요,4,1
shs1****,2024-06-24T01:15:25.329+00:00,상품선택: 러닝벨트 / 색상: 블랙 / 사이즈: M,쫀쫀하고 불편하지않아요,5,1
kmd3***,2024-05-08T06:15:03.865+00:00,상품선택: 러닝벨트 / 색상: 블랙 / 사이즈: S,"착용하고 뛸 때는 착 붙어서 좋아요. 대신 저의 경우에는 옷 위에 착용하기에는 골반에 있는게 아니라 허리로 올라가 버려서 보기 예쁘진 않아요..그래서 옷 안쪽에 착용하다 보니 달리기 전이나 이후에 물건을 넣을 때 좀 불편한듯ㅜㅜ 그래도 달리면서 흔들림이나 걸리적 거림은 없고, 착용감도 소재가 부드러워서 좋아요. 운동하고 세탁하기에도 그냥 다른 의류랑 같이 손빨래해도 되고 세탁기에 스포츠모드로 돌려도 좋네요~~ 오래오래 쓸 듯 합니다.",5,1
chan******,2024-06-07T03:21:57.187+00:00,상품선택: 러닝벨트 / 색상: 블루 / 사이즈: S,벨트는 탄성도 좋고 너무 좋아요. 근데 제가 사이즈가 비루해서 좀 남아돌아서 고민이에요.,5,1
cras***,2024-06-27T01:29:43.734+00:00,상품선택: 러닝벨트 / 색상: 블랙 / 사이즈: M,쓰기 좋아요~~~~,5,1
cx****,2024-05-31T02:44:27.689+00:00,상품선택: 러닝벨트 / 색상: 블랙 / 사이즈: M,흔들림 없어서 좋아요,5,1
kims****,2024-06-22T00:41:57.666+00:00,상품선택: 러닝벨트 / 색상: 블랙 / 사이즈: S,러닝하려고 샀는데 좋네요,5,1
99ji****,2024-05-23T22:49:56.659+00:00,상품선택: 러닝벨트 / 색상: 블랙 / 사이즈: M,원래 쓰던 제품이고 좋은 가격 좋은제품 회사 후배에게 선물해줬습니다,5,2
j2c7***,2024-06-17T02:46:22.956+00:00,상품선택: 러닝벨트 / 색상: 형광 / 사이즈: M,운동하면서 계속 사용중입니다 좋아요!,5,1
shch***,2024-07-15T10:59:30.568+00:00,상품선택: 러닝벨트 / 색상: 블랙 / 사이즈: M,fit 플립벨트 런닝벨트,5,2
iamj*******,2024-06-17T03:23:03.640+00:00,상품선택: 러닝벨트 / 색상: 형광 / 사이즈: L,착용감 좋고 가벼워 운동할 때 좋아요.,5,2
iamj*******,2024-06-17T03:22:58.408+00:00,상품선택: 러닝벨트 / 색상: 형광 / 사이즈: S,착용감 좋고 가벼워 운동할 때 좋아요.,5,1
ww****,2024-06-19T06:54:49.254+00:00,상품선택: 러닝벨트 / 색상: 블랙 / 사이즈: S,잘 받앗어요 잘 쓸께요,5,1
99ji****,2024-05-23T22:50:16.206+00:00,상품선택: 러닝벨트 / 색상: 블루 / 사이즈: M,원래 쓰던 제품이고 좋은 가격 좋은제품 회사 후배에게 선물해줬습니다,5,1
tail***,2024-05-18T09:21:21.823+00:00,상품선택: 러닝벨트 / 색상: 블랙 / 사이즈: L,"산책이나 자전거 탈때 주머니가 애매할때 사용할 
제품으로 찾던 중
가격도 비교적 저렴하면서도 살이 쓸리지 않는 제품이라며 
자전거 타는 취미가 있는 지인 소개로 구매했어요
착용해보니 촉감도 좋고 신축성도 있어서 좋네요
뱃살 빠지면 한 단계 작은 크기로 재구매하겠습니다",5,1
sj****,2024-05-10T00:55:13.987+00:00,상품선택: 러닝벨트 / 색상: 블랙 / 사이즈: M,"운동할때 정말 좋아요~ 두손의 자유로움!!
169 59인데 M사이즈가 운동할때 움직이다 보면 허리로 올라가거나 내려가거나 좀 불편해서
엄마 드렸는데 좋다 하시네요!",5,1
sson*****,2024-06-21T02:20:06.447+00:00,상품선택: 러닝벨트 / 색상: 블랙 / 사이즈: S,흘러내리지 않고 좋습니다.,5,2
gaga****,2024-05-30T03:43:22.102+00:00,상품선택: 러닝벨트 / 색상: 블랙 / 사이즈: L,가볍고 좋습니다. 핸드폰이 주머니에서 빠질까 걱정했는데 뛰어도 문제없습니다. 허리쪽에 멘다면 조금 느슨하고 골반에 위치하니 맞습니다.,5,1
ejh3***,2024-05-15T07:54:25.307+00:00,상품선택: 러닝벨트 / 색상: 형광 / 사이즈: M,"평소 허리32인데 M사이즈 딱 맞습니다.
런닝시 휴대폰이 전화받거나 음악듣기에 필수인데 밴드에 넣어서 달릴수 있으니 너무 좋네요.",5,1
sech*****,2024-05-11T01:35:53.616+00:00,상품선택: 러닝벨트 / 색상: 블랙 / 사이즈: S,달릴때 허리에 차고 있었는지 모를만큼 안정적이고 편하네요~~지인추천으로 샀는데 할인까지해서 굿이요ㅋ,5,1
lts1***,2024-06-11T02:25:42.785+00:00,상품선택: 러닝벨트 / 색상: 블랙 / 사이즈: L,"정품 플립벨트도 있는데 
살이 쪄서 작아서 사봤는데
별 차이없고 좋니요",5,1
ha****,2024-05-17T07:06:19.439+00:00,상품선택: 러닝벨트 / 색상: 블랙 / 사이즈: S,"달릴때 너무 편합니다~
제가 먼저 사서 쓰고 남편, 시어머니도 사줬어요
전 두번째 구매입니다. 너무 늘어나서 핸드폰이 자꾸 빠져서요. 코로나전에 사서 두번째 구매니 정말 잘썼답니다~ 진짜 추천해주고 싶어요
동네 등산갈때나 운동갈때 너무 좋아요",5,1
mays*****,2024-06-14T02:55:57.874+00:00,상품선택: 러닝벨트 / 색상: 블랙 / 사이즈: M,s냐 m이냐 고민하다 m샀는데 살짝 여유있는 느낌이네요~,4,1
t_****,2024-05-22T04:18:52.754+00:00,상품선택: 러닝벨트 / 색상: 블랙 / 사이즈: S,쫀쫀하네요 런닝의계절입니다,5,1
unic*****,2024-06-14T18:04:08.960+00:00,상품선택: 러닝벨트 / 색상: 블랙 / 사이즈: S,러닝할때 손에 쥐지 않아도 되서 편합니다.,5,1
rkdt****,2024-06-14T06:14:18.661+00:00,상품선택: 러닝벨트 / 색상: 블랙 / 사이즈: L,"몸에 딱 맞아요.
빨기도 쉬워요.",5,1
gusr*****,2024-06-14T04:59:47.681+00:00,상품선택: 러닝벨트 / 색상: 블랙 / 사이즈: L,소지품을 꽉 잡아줘서 흔들림이 없네요,5,1
jung*****,2024-05-15T23:51:40.424+00:00,상품선택: 러닝벨트 / 색상: 블랙 / 사이즈: S,이제 폰을 가지고 가서 사진을 찍을 수 있네요. 찍찍이 아니니 좀 더 심플해요,4,1
righ********,2024-04-23T08:12:52.451+00:00,상품선택: 러닝벨트 / 색상: 블랙 / 사이즈: M,"배가 좀 있는 편이라 바지 34~36인치 입습니다. 저는 L 사이즈 시킨줄 알고 기다렸는데, M사이즈가 왔더라고요. 확인해보니 제가 잘못 주문한거더군요. 한번 착용해봤는데 은근 맞아서 그냥 쓰려고요. 크면 뛰다가 흘러 내릴수도 있을 것 같아서. 사이즈 애매해서 고민이신분은 작은걸로 구매하시라고 말씀드릴게요.",5,1
gaz9****,2024-06-07T02:37:43.247+00:00,상품선택: 러닝벨트 / 색상: 블랙 / 사이즈: S,배송빨라요 ~ 잘 쓰겠습니다.,5,1
dpqh*****,2024-05-09T12:12:27.416+00:00,상품선택: 러닝벨트 / 색상: 블랙 / 사이즈: M,"벨크로 형식보다 훨씬 편해요 짱짱해서 카드
핸드폰 에어팟 모두 수납하고 흘릴 걱정 없습니다 가족들 사이즈별로 구매했어요~!",5,1
ggoz*****,2024-06-16T23:42:03.864+00:00,상품선택: 러닝벨트 / 색상: 형광 / 사이즈: M,사용하기 편하고 좋습니다.,5,1
sech*****,2024-05-11T01:37:07.467+00:00,상품선택: 러닝벨트 / 색상: 블랙 / 사이즈: M,지인추천으로 샀는데넘 좋아요 세일까지해서 기분업ㅋ,5,1
obli*******,2024-05-08T08:04:29.289+00:00,상품선택: 러닝벨트 / 색상: 블랙 / 사이즈: M,"런데이 달리면서 딱붙는게 필요해서 구매했어요. 
약간 좁아서 짐 넣기 힘들거같지만 그만큼 안빠질거같아서 또 안심 되긴 합니다..!",5,1
turb********,2024-06-08T01:11:31.142+00:00,상품선택: 러닝벨트 / 색상: 형광 / 사이즈: M,제품 사용 후 만족해서 부모님 선물로 2개 추가로 구매했습니다.,5,1
sang*******,2024-05-21T09:54:16.438+00:00,상품선택: 러닝벨트 / 색상: 형광 / 사이즈: M,"남자 허리 32
와죤 좋아요
조이지도 않고 헐렁거림도 없네요",5,1
flic****,2024-06-14T10:30:11.471+00:00,상품선택: 러닝벨트 / 색상: 블랙 / 사이즈: S,러닝 중 휴대폰 넣기 최적합합니다.,5,1
ou****,2024-07-09T04:48:36.011+00:00,상품선택: 러닝벨트 / 색상: 블랙 / 사이즈: S,조아조아조아조아조아조아조아,5,1
unio*****,2024-06-13T10:36:12.946+00:00,상품선택: 러닝벨트 / 색상: 블랙 / 사이즈: S,가성비 최고네요 굳굳,5,1
oops****,2024-05-21T03:56:06.310+00:00,상품선택: 러닝벨트 / 색상: 블랙 / 사이즈: S,딱맞아요 빨리운동하고싶네요,5,1
comp***,2024-05-21T23:03:30.197+00:00,상품선택: 러닝벨트 / 색상: 블루 / 사이즈: M,빠른배송 감사합니다.,5,1
lee2****,2024-06-12T23:47:55.938+00:00,상품선택: 러닝벨트 / 색상: 블랙 / 사이즈: L,활용도 높고 러닝할때 유용합니다 ~,4,1
doyo******,2024-05-23T09:57:13.632+00:00,상품선택: 러닝벨트 / 색상: 블랙 / 사이즈: M,휴대폰 안정적으로 잡아주네요,5,1
comp***,2024-05-21T23:02:52.522+00:00,상품선택: 러닝벨트 / 색상: 블랙 / 사이즈: M,"딱 좋아요
휴대폰 1개 넣습니다",5,1
wi****,2024-06-12T05:55:16.427+00:00,상품선택: 러닝벨트 / 색상: 블랙 / 사이즈: M,옛날에 산 플립벨트보다 더 좋은듯 ㅋㅋ,5,1
sk****,2024-05-18T00:47:38.989+00:00,상품선택: 러닝벨트 / 색상: 블랙 / 사이즈: S,스몰했는데 좋아요 넣을수있는 입구가 네개라 좋네여!ㅔ,5,1
alru****,2024-05-11T08:11:03.208+00:00,상품선택: 러닝벨트 / 색상: 블랙 / 사이즈: S,"처음 구매해봤는데 
빠질까 걱정했는데
핸드폰안빠지고 좋았어요!",4,1
silv*******,2024-06-08T10:58:20.420+00:00,상품선택: 러닝벨트 / 색상: 블랙 / 사이즈: S,아직 써보진 않았지만 짱짱해서 좋아보이네요,5,1
can3****,2024-05-22T21:46:37.569+00:00,상품선택: 러닝벨트 / 색상: 블루 / 사이즈: L,배송 잘 받았어요.,4,1
acet***,2024-06-10T10:11:48.371+00:00,상품선택: 러닝벨트 / 색상: 블랙 / 사이즈: M,말려 올라가지 않고 잘 고정되요.,5,1
jb****,2024-06-06T09:07:46.645+00:00,상품선택: 러닝벨트 / 색상: 블랙 / 사이즈: M,가볍고 좋네요 신속하게 잘 받았습니다.,5,1
ch****,2024-06-11T06:13:17.419+00:00,상품선택: 러닝벨트 / 색상: 형광 / 사이즈: M,같은걸로 또 삽니다 추천,5,1
h940***,2024-05-08T15:22:15.126+00:00,상품선택: 러닝벨트 / 색상: 블랙 / 사이즈: S,좋아요 색도 어두워서 잘안보이고 많이들어가고 컴팩트해요,5,1
nano*****,2024-05-25T02:36:00.083+00:00,상품선택: 러닝벨트 / 색상: 블랙 / 사이즈: L,"배송도 빠르고 제품도 괜찮은데
좀 사용하다 보면 늘어날거같아요~~
잘쓸게요",5,1
oo****,2024-05-10T07:33:15.277+00:00,상품선택: 러닝벨트 / 색상: 블랙 / 사이즈: M,"추천받고 사봤어요
쫀쫀한 것 같고 얼른 차고 뛰어보고 싶네요",5,1
nok0***,2024-06-08T03:09:28.855+00:00,상품선택: 러닝벨트 / 색상: 블랙 / 사이즈: M,러닝할때 차려고 샀는데 유용해요,5,1
seon*****,2024-05-17T20:37:26.368+00:00,상품선택: 러닝벨트 / 색상: 블랙 / 사이즈: S,다른 장소에 두고 쓰려고 하나 더 샀습니다.,5,1
sjd0***,2024-05-19T06:32:18.194+00:00,상품선택: 러닝벨트 / 색상: 블랙 / 사이즈: M,"추가 구입하려고 했는데..
가격이..
좋습니다",5,1
sky7***,2024-06-05T05:53:16.021+00:00,상품선택: 러닝벨트 / 색상: 블랙 / 사이즈: L,편해요. 수납도 넉넉하고,5,1
wz****,2024-05-28T22:35:56.141+00:00,상품선택: 러닝벨트 / 색상: 블랙 / 사이즈: M,달리기 할 때 바지 주머니에 넣고 다니다가 벨트에 넣고 다니니ㅜ너무 편해요,5,1
ks****,2024-04-30T14:38:48.132+00:00,상품선택: 러닝벨트 / 색상: 블랙 / 사이즈: M,벨트형식 말고 스판으로 되어있어 편하구요 홈이 타이트해서 소지품이 잘 안 빠질 것 같아요 잘 쓸게요~!,5,1
178c*****,2024-05-08T07:28:41.618+00:00,상품선택: 러닝벨트 / 색상: 블랙 / 사이즈: L,바지사이즈 34인데 L사이즈 여유가 있어요. 흘러내릴 정도는 아니도요,5,1
ya****,2024-06-01T14:44:54.566+00:00,상품선택: 러닝벨트 / 색상: 블랙 / 사이즈: M,완전 마음에 듭니다. 잘쓸께요.,5,1
qoxo****,2024-06-03T01:37:08.964+00:00,상품선택: 러닝벨트 / 색상: 블랙 / 사이즈: S,가볍고 신축성이 좋아서 짱짱해요.,5,1
bat1***,2024-05-31T12:04:10.944+00:00,상품선택: 러닝벨트 / 색상: 블랙 / 사이즈: S,좋습니다. 쫀쫀하고 움직임 없어요.,5,1
park*****,2024-05-06T02:40:25.805+00:00,상품선택: 러닝벨트 / 색상: 블랙 / 사이즈: M,헐렁해서 s로 바까야 하나 고민했지만 핸드폰넣고 뛰는데 흘러내리진 않아서 쭉 사용해보려고 합니다~,5,1
yhpa***,2024-04-29T13:48:22.868+00:00,상품선택: 러닝벨트 / 색상: 블루 / 사이즈: S,"여행갈때 여권 등 휴대폰 넣으려고 주문했는데 여행보다는 운동할때 필요한것 같아요 
6~7cm 간격으로 넣을수 있게 되어있긴 하지만
그것보다는 지퍼가 있었으면 더 좋았을 것 같네요",3,1
diji****,2024-06-05T18:26:00.334+00:00,상품선택: 러닝벨트 / 색상: 형광 / 사이즈: M,잘 달리고 있습니다,5,1
mone*****,2024-05-08T23:57:28.333+00:00,상품선택: 러닝벨트 / 색상: 블랙 / 사이즈: M,"20키로 내 러닝 시 이만한게 없습니다 두번째 구매합니다(75키로,178cm 중사이즈 적당합니다)",5,1
kind***,2024-05-11T05:20:31.869+00:00,상품선택: 러닝벨트 / 색상: 블랙 / 사이즈: S,두번째 구매입니다 아주 편하고 좋아여,5,1
mysd****,2024-06-07T09:23:13.629+00:00,상품선택: 러닝벨트 / 색상: 블랙 / 사이즈: S,편하고 좋아요~~~~~~~~~,5,1
snow******,2024-05-11T23:03:06.000+00:00,상품선택: 러닝벨트 / 색상: 블랙 / 사이즈: S,가볍고 편하고 좋아요,5,1
at****,2024-06-03T22:08:09.371+00:00,상품선택: 러닝벨트 / 색상: 블랙 / 사이즈: M,좋아서 잘 쓰고있어요,5,1
unic******,2024-05-23T07:11:42.471+00:00,상품선택: 러닝벨트 / 색상: 블랙 / 사이즈: M,런닝할 때 흘러내리지 않아요. 매우 만족함,4,1
adon*****,2024-05-24T02:05:34.251+00:00,상품선택: 러닝벨트 / 색상: 블랙 / 사이즈: M,쫀쫀하고 좋아요. 러닝할때 필수입니다.,5,1
skyj******,2024-05-13T02:19:11.129+00:00,상품선택: 러닝벨트 / 색상: 블랙 / 사이즈: L,아주 잘 사용하고 있습니다,5,1
jiag****,2024-06-02T03:02:11.247+00:00,상품선택: 러닝벨트 / 색상: 블랙 / 사이즈: S,5키로 러닝 할 때 아주 잘 썼어요!,5,1
nwj1***,2024-05-09T11:37:32.606+00:00,상품선택: 러닝벨트 / 색상: 블랙 / 사이즈: L,생각 했던거 보다 두껍네요,5,1
j2c7***,2024-05-17T03:48:11.502+00:00,상품선택: 러닝벨트 / 색상: 형광 / 사이즈: M,배송도 하루만에 오고 허리에도 딱 맞네요~ 번창하세요!,5,1
l1****,2024-05-10T00:24:45.139+00:00,상품선택: 러닝벨트 / 색상: 블랙 / 사이즈: S,러닝할때 이거만큼 편한게없어요,5,1
year****,2024-05-22T01:05:41.849+00:00,상품선택: 러닝벨트 / 색상: 블랙 / 사이즈: M,"짝 달라붙어서 좋음
필요한것만 딱 적당히 들어감
이정도면 충분한 기능을 발휘한다고 생각함",4,1
wjdw******,2024-05-07T19:54:00.137+00:00,상품선택: 러닝벨트 / 색상: 블랙 / 사이즈: S,탄탄하고 잘 안흔들려요!! 최고ㅎㅎ,5,1
won1*****,2024-05-13T02:39:03.950+00:00,상품선택: 러닝벨트 / 색상: 블랙 / 사이즈: M,저의 러닝필수템이 되었습니다. 착용감 너무좋고 휴대폰(아이폰14) 수납도 완벽합니다.,5,1
diji****,2024-05-30T23:43:10.910+00:00,상품선택: 러닝벨트 / 색상: 블랙 / 사이즈: M,이것저것 써봐도 이거임,4,1
dear***,2024-04-16T14:54:23.120+00:00,상품선택: 러닝벨트 / 색상: 블랙 / 사이즈: S,가성비 좋은거 같아요! 생각보다 쫀쫀하달까 튼튼하달까? 아이폰인데 맥스나 갤럭시 계열은 넣고 빼기가 좀 쉽지 않을거 같긴 하네요,5,1
qu****,2024-05-28T03:54:07.724+00:00,상품선택: 러닝벨트 / 색상: 블랙 / 사이즈: M,가볍고 폰넣기좋아요,5,1
pros*****,2024-05-05T03:01:44.129+00:00,상품선택: 러닝벨트 / 색상: 블랙 / 사이즈: M,빠른 배송 감사합니다,3,1
kime*****,2024-05-30T05:55:13.312+00:00,상품선택: 러닝벨트 / 색상: 블랙 / 사이즈: L,가성비 괜찮은 제품입니다!,5,1
zorm****,2024-04-23T08:50:45.768+00:00,상품선택: 러닝벨트 / 색상: 블랙 / 사이즈: L,"사이즈맞고 핸드폰도 잘 들어가요
단, 벨트가 체결식이 아니라 옷처럼 입어야한다는점 감안하세요",5,1
blue********,2024-05-08T09:27:07.029+00:00,상품선택: 러닝벨트 / 색상: 블랙 / 사이즈: M,런닝할때 쓰려고 삿는데 좋네요 ~,5,1
bat1***,2024-04-25T21:12:07.073+00:00,상품선택: 러닝벨트 / 색상: 블랙 / 사이즈: S,"사이즈 고민 좀 하다가 s사이즈 구매
하체 66여성인데 m샀으면 컸을 뻔
오자마자 당장 착용하고 달려봤는데 쫀쫀하고 움직임 없이 고정 잘 됨",5,1
blan***,2024-05-26T06:16:01.842+00:00,상품선택: 러닝벨트 / 색상: 블랙 / 사이즈: S,잘쓰고있습니다. 감사합니다,5,1
love*******,2024-05-08T07:14:05.905+00:00,상품선택: 러닝벨트 / 색상: 블랙 / 사이즈: S,쫀쫀하고 좋아요..,5,1
lts1***,2024-05-01T15:33:43.503+00:00,상품선택: 러닝벨트 / 색상: 블랙 / 사이즈: L,달리기 할때 핸드폰이나 젤을 넣기에 이게 제일 좋네요,5,1
curl*****,2024-05-25T01:37:57.918+00:00,상품선택: 러닝벨트 / 색상: 블랙 / 사이즈: M,허리에 딱맞고 좋아요,5,1
ppee****,2024-04-29T12:53:00.684+00:00,상품선택: 러닝벨트 / 색상: 블루 / 사이즈: M,검은색 같은 모델을 쓰고 있는데 너무 편해서 하나더 구입했네요,5,1
kgj3***,2024-05-02T02:40:09.317+00:00,상품선택: 러닝벨트 / 색상: 블랙 / 사이즈: S,좋아요 울트라 22 들어가네요,5,1
asge****,2024-04-28T02:47:32.904+00:00,상품선택: 러닝벨트 / 색상: 블랙 / 사이즈: S,핸드폰 들고 뛰다가 런닝벨트 사용한 뒤로 두 손 가볍게 잘 뛰고 있습니다,5,1
appo*****,2024-05-21T04:19:23.776+00:00,상품선택: 러닝벨트 / 색상: 블랙 / 사이즈: M,달리기할때 안흔들리고 좋아요,5,1
o0oo******,2024-04-24T08:06:12.319+00:00,상품선택: 러닝벨트 / 색상: 블랙 / 사이즈: M,s 쓰다가 낑겨서 m으로 다시 샀어요 여유있어서 좋아요,5,1
km****,2024-05-25T03:13:44.052+00:00,상품선택: 러닝벨트 / 색상: 블랙 / 사이즈: M,좋아요 쫀쫀해요 가갹굳,5,1
euns******,2024-04-23T10:52:48.946+00:00,상품선택: 러닝벨트 / 색상: 형광 / 사이즈: M,탄력있고 좋아요! 오늘부터 잘쓸게요,5,1
ace2***,2024-05-17T07:44:14.250+00:00,상품선택: 러닝벨트 / 색상: 블랙 / 사이즈: M,"배송 빠르고, 품질 좋아요",5,1
yy****,2024-04-12T01:58:40.265+00:00,상품선택: 러닝벨트 / 색상: 블루 / 사이즈: L,잘받았습니다. 상품은 괜찮은데 사이즈 미스로 약간 크네요 런닝해봤는데 괜찮아서 사용합니다 추천드려요,5,1
tkfk****,2024-05-16T02:11:51.521+00:00,상품선택: 러닝벨트 / 색상: 블루 / 사이즈: M,배송 빠르고 품질 좋아요,5,1
kimr***,2024-05-02T11:39:25.523+00:00,상품선택: 러닝벨트 / 색상: 블랙 / 사이즈: M,"골반에 걸치고 쓰니까 딱입니다
176/80 바지 32",5,1
hy****,2024-04-23T10:43:17.196+00:00,상품선택: 러닝벨트 / 색상: 블랙 / 사이즈: M,좋아요 달리기할때 불편하지않고 너무 좋네요,5,1
jzer****,2024-04-25T10:32:57.650+00:00,상품선택: 러닝벨트 / 색상: 블랙 / 사이즈: M,사이즈도 좋고 착용시 불편함이 적네요,5,1
soul****,2024-04-16T12:02:37.229+00:00,상품선택: 러닝벨트 / 색상: 블랙 / 사이즈: M,짱짱한게 기존에 쓰던 나이키보다 좋네요 재구매의사 있음,4,1
wlsr*****,2024-04-25T09:27:07.246+00:00,상품선택: 러닝벨트 / 색상: 블루 / 사이즈: L,흘러내려요 길이 조절이 안되네요,3,1
popo*****,2024-05-17T10:45:12.973+00:00,상품선택: 러닝벨트 / 색상: 형광 / 사이즈: S,러닝할 때 쓰니 딱 좋아요,5,1
3yea********,2024-05-16T12:32:52.933+00:00,상품선택: 러닝벨트 / 색상: 형광 / 사이즈: L,좋은제품입니다 잘쓸께요,5,1
wol4***,2024-04-23T02:37:53.323+00:00,상품선택: 러닝벨트 / 색상: 블랙 / 사이즈: S,러닝할때ㅜ좋네요 잘샀어요,5,1
pakd****,2024-05-10T10:34:45.798+00:00,상품선택: 러닝벨트 / 색상: 블랙 / 사이즈: M,런닝할때 좋아요! 만족해요,5,1
winl****,2024-04-27T03:20:02.759+00:00,상품선택: 러닝벨트 / 색상: 블루 / 사이즈: M,배송 빠르고 좋내요,5,1
daeh******,2024-05-15T14:48:01.655+00:00,상품선택: 러닝벨트 / 색상: 블랙 / 사이즈: M,러닝할때 손이 자유로워저서 좋습니다,5,1
yinw****,2024-04-26T08:32:02.770+00:00,상품선택: 러닝벨트 / 색상: 블랙 / 사이즈: S,러닝할 때 폰을 잘 잡아줍니다,5,1
daij***,2024-05-14T14:13:07.118+00:00,상품선택: 러닝벨트 / 색상: 블랙 / 사이즈: M,배송 빠르고 제품 괜찮아요,5,1
rlaw******,2024-05-17T08:37:42.595+00:00,상품선택: 러닝벨트 / 색상: 블랙 / 사이즈: M,좋습니다 잘쓰고있어요,5,1
bobo****,2024-04-23T13:48:58.070+00:00,상품선택: 러닝벨트 / 색상: 블랙 / 사이즈: M,빠른 배송 좋아요~,5,1
fast***,2024-05-06T04:14:07.121+00:00,상품선택: 러닝벨트 / 색상: 블랙 / 사이즈: M,"허리 32이인데 m사이즈 적당합니다.
그리고 갤럭시 s24 울트라 케이스까지 장착했는데 문제없이 들어가네요",5,1
kjs4***,2024-04-20T12:11:20.856+00:00,상품선택: 러닝벨트 / 색상: 블랙 / 사이즈: S,운동에만 집중할 수 있어서 좋아요 ??,5,1
lmj5***,2024-05-11T01:53:04.722+00:00,상품선택: 러닝벨트 / 색상: 블랙 / 사이즈: S,산책할때 핸드폰 넣기 좋아요,5,1
daeh******,2024-05-15T14:47:41.421+00:00,상품선택: 러닝벨트 / 색상: 형광 / 사이즈: M,잘 들어가고 좋습니다,5,1
wi****,2024-04-22T23:38:01.815+00:00,상품선택: 러닝벨트 / 색상: 블랙 / 사이즈: S,빠른 배송 좋습니다,5,1
awr2***,2024-05-14T11:35:52.004+00:00,상품선택: 러닝벨트 / 색상: 블랙 / 사이즈: L,간편해서 좋은거 같아요,5,1
cjrn********,2024-05-12T23:40:28.511+00:00,상품선택: 러닝벨트 / 색상: 블랙 / 사이즈: M,재구매 의사가 있습니다!!,5,1
nsm7***,2024-05-08T05:44:23.332+00:00,상품선택: 러닝벨트 / 색상: 블랙 / 사이즈: L,달릴때 불편함없이 고정이 좋습니다.,4,1
mo****,2024-05-01T03:45:00.119+00:00,상품선택: 러닝벨트 / 색상: 블랙 / 사이즈: S,S를 샀더니 좀 끼는데 골반쪽으로 내려서 매니까 끼어도 괜찮은거 같아요.,4,1
ahan****,2024-05-02T05:08:23.348+00:00,상품선택: 러닝벨트 / 색상: 블랙 / 사이즈: M,"다음날 바로 배송옵니다
하자 없고 배송비 없고
일처리가 시원시원하네요",5,1
pooh****,2024-04-23T01:19:50.706+00:00,상품선택: 러닝벨트 / 색상: 블랙 / 사이즈: M,"50kg&gt;s사이즈 
82kg&gt;m사이즈 
크게 불편한거 없이 여유있게 잘맞아요 흘러내릴까 걱정했는데 그런거 없이 뛸때 손에 쥐는거 없으니까 편하네요",4,1
un****,2024-05-08T10:03:18.343+00:00,상품선택: 러닝벨트 / 색상: 블랙 / 사이즈: S,한번써봤는데 괜찮아요!!,5,1
spar*****,2024-04-30T08:31:44.549+00:00,상품선택: 러닝벨트 / 색상: 블루 / 사이즈: L,마음에 듭니다. 노트 20 잘 들어갑니다. 배송도 빠릅니다.,5,1
jung*****,2024-05-02T10:46:53.953+00:00,상품선택: 러닝벨트 / 색상: 블랙 / 사이즈: M,배송빠르고 제품도 좋아요,5,1
pppa***,2024-05-07T02:42:37.379+00:00,상품선택: 러닝벨트 / 색상: 블랙 / 사이즈: S,움직이지 않고 꽉 잡아줘요,5,1
kcgp******,2024-05-08T08:38:17.065+00:00,상품선택: 러닝벨트 / 색상: 블루 / 사이즈: L,러닝할때.. 정말 딱 좋네요,5,1
qoxo****,2024-05-03T03:07:35.804+00:00,상품선택: 러닝벨트 / 색상: 블랙 / 사이즈: S,배송이 빠르고 좋아요!,5,1
msta***,2024-04-14T22:27:23.085+00:00,상품선택: 러닝벨트 / 색상: 블랙 / 사이즈: L,착용감도 좋습니다.,5,1
wnrn****,2024-04-04T12:21:49.752+00:00,상품선택: 러닝벨트 / 색상: 블랙 / 사이즈: L,허리에 딱 맞고 간편해요 운동때 좋을거 같아요,5,1
whau*****,2024-04-14T13:02:11.620+00:00,상품선택: 러닝벨트 / 색상: 블랙 / 사이즈: M,"너무 헐런거려요,,,,전 비추 ㅠ",1,1
mang****,2024-04-29T05:23:01.158+00:00,상품선택: 러닝벨트 / 색상: 블랙 / 사이즈: S,"편해요! 진작살껄
폰넣기딱좋음",5,1
dbal******,2024-04-16T13:04:12.161+00:00,상품선택: 러닝벨트 / 색상: 블랙 / 사이즈: M,잘 쓰겠습니다~~~,5,1
ju****,2024-04-18T05:17:10.614+00:00,상품선택: 러닝벨트 / 색상: 블랙 / 사이즈: S,"한번 써봤는데
만족스럽습니다. 거추장스럽지
않아서 너무 좋아요",4,1
ppee****,2024-04-09T14:54:22.825+00:00,상품선택: 러닝벨트 / 색상: 블랙 / 사이즈: M,러닝할때 흔들림이나 이질감 없이 너무 편하네요,5,1
smil*****,2024-04-23T13:41:33.880+00:00,상품선택: 러닝벨트 / 색상: 블랙 / 사이즈: L,빠른배송감사해요 제품이 좋아요,5,1
flic****,2024-05-05T16:08:52.652+00:00,상품선택: 러닝벨트 / 색상: 블랙 / 사이즈: S,달릴 때 정말 편해요,5,1
snow***,2024-05-03T04:02:05.099+00:00,상품선택: 러닝벨트 / 색상: 블랙 / 사이즈: M,배송이 빨랐습니다.,5,1
shap****,2024-04-10T08:10:21.236+00:00,상품선택: 러닝벨트 / 색상: 블랙 / 사이즈: M,쫀쫀하니 만족스럽슴다,5,1
shap****,2024-04-10T08:09:55.858+00:00,상품선택: 러닝벨트 / 색상: 블랙 / 사이즈: S,아직 뛰어보기 전이지만 쫀쮼하네요,5,1
in****,2024-03-26T01:45:55.396+00:00,상품선택: 러닝벨트 / 색상: 형광 / 사이즈: S,"쫀쫀하고 튼튼해서 오래쓸 것 같습니다.
타이트한감이 있어 배를 좀 눌러 오래달릴 때 약간의 근육통이 느껴지긴했지만 엄청 불편한 정도는 아닙니다.
핸드폰 들고뛰는 것보다 훨씬 편해서 좋습니다.",4,1
kj****,2024-05-02T02:15:24.604+00:00,상품선택: 러닝벨트 / 색상: 블랙 / 사이즈: S,"핸드폰 넣기 편해요
몸무게  54키로 S잘맞아요",5,1
hoon******,2024-04-15T08:10:22.265+00:00,상품선택: 러닝벨트 / 색상: 블랙 / 사이즈: M,러닝 할때 핸드폰 넣으려고 구매했는데...   완전 딱입니다.   폰 이외에도 다양하게 넣을 수 있어요.   진짜 편리합니다.,5,1
lee2****,2024-04-07T05:54:55.377+00:00,상품선택: 러닝벨트 / 색상: 블랙 / 사이즈: M,간편하게 쏙쏙 물건 수납 좋네요.,5,1
nacu******,2024-04-26T02:29:18.291+00:00,상품선택: 러닝벨트 / 색상: 형광 / 사이즈: M,가장 단순하지만 그렇기에 가장 편리하고 튼튼합니다,5,1
smop******,2024-04-15T04:18:13.686+00:00,상품선택: 러닝벨트 / 색상: 블랙 / 사이즈: L,"가성비 좋아요
다음에 기회되면 또 구매할게요",5,1
ba****,2024-04-25T12:43:42.157+00:00,상품선택: 러닝벨트 / 색상: 블랙 / 사이즈: M,가볍고 신축성좋고 좋습니다,4,1
pooh****,2024-04-23T01:20:10.961+00:00,상품선택: 러닝벨트 / 색상: 블랙 / 사이즈: S,손이 자유로워져서 좀 더 러닝에 집중하기가 수월합니다,4,1
chak****,2024-04-26T02:15:16.640+00:00,상품선택: 러닝벨트 / 색상: 블랙 / 사이즈: M,배송이 신속합니다 추천,5,1
feve****,2024-04-07T12:41:33.004+00:00,상품선택: 러닝벨트 / 색상: 블랙 / 사이즈: M,가격만큼합니다요 허허,3,1
auto********,2024-03-31T07:27:52.360+00:00,상품선택: 러닝벨트 / 색상: 블랙 / 사이즈: L,허리골반에 불편하지 않고 가성비로 딱 좋음,5,1
ppas*******,2024-04-04T11:08:10.888+00:00,상품선택: 러닝벨트 / 색상: 블랙 / 사이즈: L,잘받았습니다. 잘쓸께요,5,1
xs****,2024-04-03T14:27:12.799+00:00,상품선택: 러닝벨트 / 색상: 블랙 / 사이즈: M,좋습니다 잘쓸게요오,5,1
love********,2024-04-23T11:20:20.003+00:00,상품선택: 러닝벨트 / 색상: 블랙 / 사이즈: M,쫀쫀하니 아주 좋습니다,5,1
wo****,2024-03-27T13:37:45.782+00:00,상품선택: 러닝벨트 / 색상: 블랙 / 사이즈: M,아직 달리지는 못했지만 입기만 했을때 폰 넣어봤는데 고정 잘될거같네여,4,1
ch****,2024-04-16T04:37:14.525+00:00,상품선택: 러닝벨트 / 색상: 블랙 / 사이즈: M,주 2~3회 런닝중인데 흘러내림 없고 노트20울트라도 문제없이 수납가능하고 편리합니다.,5,1
tmd1***,2024-04-19T03:56:47.681+00:00,상품선택: 러닝벨트 / 색상: 형광 / 사이즈: M,배송빠르고 상품좋아요,5,1
mong*****,2024-04-17T07:21:27.322+00:00,상품선택: 러닝벨트 / 색상: 블랙 / 사이즈: S,편하네요. 잘 쓰겠습니다.,5,1
qhal*******,2024-04-25T11:03:11.757+00:00,상품선택: 러닝벨트 / 색상: 블랙 / 사이즈: L,열심히 잘 뛸게요!,5,1
wkvk*****,2024-03-24T01:28:25.704+00:00,상품선택: 러닝벨트 / 색상: 블랙 / 사이즈: S,잘썼어요  아이폰무거운데 너무 좋어요,5,1
radu*******,2024-03-23T02:08:45.058+00:00,상품선택: 러닝벨트 / 색상: 블랙 / 사이즈: M,"쫀쫀하게 잘 늘어나네요
러닝하면서 잘 사용하도록 하겠습니다",5,1
feve******,2024-04-04T09:38:15.259+00:00,상품선택: 러닝벨트 / 색상: 블랙 / 사이즈: M,허리 30-32인데 M사이즈 맞아요,5,1
rony****,2024-04-22T03:28:21.379+00:00,상품선택: 러닝벨트 / 색상: 블랙 / 사이즈: L,흘러내리지 않고 편해요~,5,1
beco***,2024-03-28T04:25:31.736+00:00,상품선택: 러닝벨트 / 색상: 블루 / 사이즈: M,배송도 빠르고 제품도 좋아요!!,5,1
hr****,2024-03-10T14:33:23.108+00:00,상품선택: 러닝벨트 / 색상: 블랙 / 사이즈: S,3년전에 산거 계속 쓰다가 잃어버려서 재구매해요 세탁도 여러번하고 해도 크게 변형없고 아주 잘씁니다 러닝필수템,5,1
koun*****,2024-05-20T05:43:52.539+00:00,상품선택: 러닝벨트 / 색상: 블랙 / 사이즈: M,very good.,5,1
pdp6***,2024-04-18T11:02:23.050+00:00,상품선택: 러닝벨트 / 색상: 블랙 / 사이즈: S,너무 좋아요 좋습니다,5,1
da****,2024-04-21T03:55:21.734+00:00,상품선택: 러닝벨트 / 색상: 블랙 / 사이즈: M,배송 뺘르고 가격 저렴,5,1
cjrn********,2024-04-18T06:48:40.164+00:00,상품선택: 러닝벨트 / 색상: 블랙 / 사이즈: M,재구매 의사가 있습니다!,5,1
temp********,2024-03-19T12:19:22.346+00:00,상품선택: 러닝벨트 / 색상: 블루 / 사이즈: M,너무맘에들어서 또구매했어요 파랑색도 구매했어오,5,1
jjuw******,2024-04-01T09:34:08.869+00:00,상품선택: 러닝벨트 / 색상: 블랙 / 사이즈: S,추가 구매사용 입니다^^,5,1
sixl********,2024-04-09T02:33:47.632+00:00,상품선택: 러닝벨트 / 색상: 블루 / 사이즈: M,암 밴드만  쓰다가 처음 써보는데 확실히 좋습니다.  갤럭시 울트라 23인데  들어갑니다.,5,1
temp********,2024-03-19T12:18:55.442+00:00,상품선택: 러닝벨트 / 색상: 블랙 / 사이즈: M,두번째구매입니다! 너무 맘에 쏙들어요,5,1
dltm******,2024-04-12T07:30:38.281+00:00,상품선택: 러닝벨트 / 색상: 블랙 / 사이즈: M,좋아요 폰도 안빠지고 편해요,5,1
joss****,2024-04-09T07:49:44.572+00:00,상품선택: 러닝벨트 / 색상: 블랙 / 사이즈: M,"이거에 핸드폰넣고 뛰기 좋아요
감사합니다",3,1
nsm7***,2024-04-07T23:38:03.826+00:00,상품선택: 러닝벨트 / 색상: 블랙 / 사이즈: L,"하의 34입는데 L사이즈 딱이네요.
잘쓰겠습니다.",5,1
rbgu*****,2024-04-15T07:11:43.822+00:00,상품선택: 러닝벨트 / 색상: 블랙 / 사이즈: M,저렴하게 쓰기 딱 좋아요.,5,1
lgw4***,2024-04-08T00:16:31.094+00:00,상품선택: 러닝벨트 / 색상: 블랙 / 사이즈: S,오늘 사용해봤는데 확실히 편해서 좋아요,5,1
lolo***,2024-03-19T14:39:29.599+00:00,상품선택: 러닝벨트 / 색상: 블랙 / 사이즈: S,"10키로 폰쥐고 뛰다가 불편해서 구매
다음 러닝때 착용해볼게요",5,1
rlat********,2024-04-05T21:49:40.686+00:00,상품선택: 러닝벨트 / 색상: 블랙 / 사이즈: M,어우 좋네요 배송도 너무 빠르고,5,1
kcgp******,2024-04-07T03:31:48.112+00:00,상품선택: 러닝벨트 / 색상: 블루 / 사이즈: L,두번째 구매에요 정말 잘 맞고 잘 어울려요,5,1
kr10***,2024-04-10T03:35:41.141+00:00,상품선택: 러닝벨트 / 색상: 블루 / 사이즈: L,이거 왠만한 백팩보다 유용합니다 추천해요,5,1
gmld*****,2024-03-25T23:31:14.654+00:00,상품선택: 러닝벨트 / 색상: 블루 / 사이즈: S,27인데 꽉 잡아주네요,5,1
rhgt*****,2024-03-19T13:57:56.776+00:00,상품선택: 러닝벨트 / 색상: 블랙 / 사이즈: M,역시 두번째 구맨데 최고내요,5,1
unic******,2024-03-26T08:16:26.557+00:00,상품선택: 러닝벨트 / 색상: 블랙 / 사이즈: M,"아직 착용하기 전이지만, 재질이 부드러워요...
휴대폰을 넣고 러닝하면 위아래로 많이 움직이지 않을까 걱정은 됩니다.",4,1
pakd****,2024-04-08T12:46:25.714+00:00,상품선택: 러닝벨트 / 색상: 블랙 / 사이즈: M,오늘 쓰고 달려보니 딱 좋네요,5,1
kari****,2024-03-07T21:52:58.612+00:00,상품선택: 러닝벨트 / 색상: 블랙 / 사이즈: S,좋아요. 스몰 샀는데 좀 큰 것 같아요. 250미리 물을 넣으면 조금 처지는 느낌이 나네요.,4,1
hhck****,2024-03-22T04:00:15.402+00:00,상품선택: 러닝벨트 / 색상: 블랙 / 사이즈: S,약간 촌스러운데 그냥쓸께요 ㅋ,3,2
hhck****,2024-03-22T03:59:45.830+00:00,상품선택: 러닝벨트 / 색상: 블랙 / 사이즈: M,약간 촌스러운데 그냥쓸께요 ㅋ,5,1
bios********,2024-04-07T02:52:23.236+00:00,상품선택: 러닝벨트 / 색상: 블랙 / 사이즈: M,딱 필요한 것입니다 잘쓸게요,5,1
lms1***,2024-03-18T05:17:22.199+00:00,상품선택: 러닝벨트 / 색상: 블랙 / 사이즈: S,편리하게 사용할꺼 같아요,5,1
goar*****,2024-03-15T04:17:16.309+00:00,상품선택: 러닝벨트 / 색상: 블랙 / 사이즈: S,잘 늘어나는데 얼른 입고 달려보고 싶어요!,5,1
kook********,2024-03-22T15:00:28.244+00:00,상품선택: 러닝벨트 / 색상: 블랙 / 사이즈: M,잘 받았습니다...,5,2
heyh******,2024-04-09T04:02:16.463+00:00,상품선택: 러닝벨트 / 색상: 블랙 / 사이즈: M,동아마라톤 잘 마쳤습니다,5,1
ma****,2024-04-07T14:12:54.949+00:00,상품선택: 러닝벨트 / 색상: 블랙 / 사이즈: L,가성비가 좋았습니다.,5,1
brea*****,2024-03-14T09:48:14.140+00:00,상품선택: 러닝벨트 / 색상: 블랙 / 사이즈: S,"괜찮아요
편합니다 쓰기좋아요",3,1
gpwl****,2024-04-07T06:33:58.556+00:00,상품선택: 러닝벨트 / 색상: 블랙 / 사이즈: S,뛰다보면 조금 올라가요ㅠ,4,1
mech***,2024-02-20T12:44:30.749+00:00,상품선택: 러닝벨트 / 색상: 블랙 / 사이즈: S,"잘 늘어나고 허리에 차면 쫀쫀하니 착 붙어서 뜅때 걸리적거리지 않고 좋네요. 폰, 차키, 에너지젤 같은 간단한거 넣기 편합니다.",4,1
tssh****,2024-04-07T09:07:16.907+00:00,상품선택: 러닝벨트 / 색상: 블루 / 사이즈: M,바느질이 안촣아요.,2,1
ther*******,2024-04-02T02:28:32.078+00:00,상품선택: 러닝벨트 / 색상: 블랙 / 사이즈: M,가볍게 쓰기 나쁘지 않아요~,5,1
kz****,2024-03-13T04:45:49.745+00:00,상품선택: 러닝벨트 / 색상: 블랙 / 사이즈: L,"허리 사이즈 딱 맞고, 꺼내기 쉽네요",5,1
hhee****,2024-03-01T11:36:56.401+00:00,상품선택: 러닝벨트 / 색상: 블랙 / 사이즈: S,이런 신박한 아이템이 있었다니요 좋네요~ 그런데뱃살 때문인지 자꾸 위로 올라가네욬ㅋㅋ?,5,1
beco***,2024-03-28T04:26:43.214+00:00,상품선택: 러닝벨트 / 색상: 블랙 / 사이즈: M,배송도 빠르고 제품도 아주 좋아요!!,5,1
diji****,2024-03-29T04:02:35.489+00:00,상품선택: 러닝벨트 / 색상: 형광 / 사이즈: M,재구매   좋습니다 좋아요,5,1
42****,2024-03-05T22:46:30.932+00:00,상품선택: 러닝벨트 / 색상: 블랙 / 사이즈: M,"잘 사용해서 두번째 구매 했습니다.
착용하고 10km 마라톤도 잘 뛰었어요",5,1
diji****,2024-03-24T18:46:59.551+00:00,상품선택: 러닝벨트 / 색상: 블랙 / 사이즈: M,"타제품보다 얇아서 좋아요
하나더 주문함니다",5,1
lims****,2024-03-25T01:25:42.909+00:00,상품선택: 러닝벨트 / 색상: 블랙 / 사이즈: M,괜찮아요 무리없이 잘 쓰고 있습니다,4,1
kkan********,2024-03-30T04:44:10.294+00:00,상품선택: 러닝벨트 / 색상: 블랙 / 사이즈: L,"러니용으로써요
편해요",5,1
beco***,2024-03-28T04:24:53.633+00:00,상품선택: 러닝벨트 / 색상: 형광 / 사이즈: M,배송도 빠르고~ 제품도 좋습니다!!,5,1
ao****,2024-03-05T09:12:06.788+00:00,상품선택: 러닝벨트 / 색상: 블랙 / 사이즈: L,배송이 빠르고 착용이 편합니다,5,1
ha****,2024-03-25T01:49:06.795+00:00,상품선택: 러닝벨트 / 색상: 블루 / 사이즈: M,안흔들리고 정말 좋아요~,5,1
gywj*****,2024-02-20T13:15:44.995+00:00,상품선택: 러닝벨트 / 색상: 블루 / 사이즈: S,사진보다는 좀 더 예쁜? 파란색이에요ㅎ 사이즈도 잘맞고 만족합니다!,5,1
jins*****,2024-03-31T03:08:02.820+00:00,상품선택: 러닝벨트 / 색상: 블랙 / 사이즈: L,좋습니다!!!!!!@,5,1
ro****,2024-02-21T10:32:32.502+00:00,상품선택: 러닝벨트 / 색상: 블랙 / 사이즈: M,얇고 신축성 좋습니다. 평소 바지 32~34입는데 M사이즈가 맞네요.,4,1
okey****,2024-03-21T15:01:17.462+00:00,상품선택: 러닝벨트 / 색상: 블랙 / 사이즈: M,약간 폭이 두껍지만 좋네요.,5,1
high*******,2024-03-14T02:07:21.886+00:00,상품선택: 러닝벨트 / 색상: 블랙 / 사이즈: S,"남자 허리 31 s사이즈 적당합니다
작은걸로가는게 늘어남방지도되고좋을듯",5,1
alwk****,2024-03-18T23:26:49.710+00:00,상품선택: 러닝벨트 / 색상: 형광 / 사이즈: M,"편하고 좋네요
만족합니다",5,1
ckst*******,2024-02-17T08:46:41.954+00:00,상품선택: 러닝벨트 / 색상: 블랙 / 사이즈: L,"런닝할때 필요해서 구매했어요~
남편이 마음에들어하네요~",5,1
dltk*******,2024-02-14T10:11:55.836+00:00,상품선택: 러닝벨트 / 색상: 블랙 / 사이즈: M,벨트가 아니고 그냥 탄성잇는 허리띠네요 생각햇던거랑 달라서 잘 못산거 같지만 사용해보게요,2,1
enko***,2024-02-06T13:27:07.038+00:00,상품선택: 러닝벨트 / 색상: 블랙 / 사이즈: S,"신축성 좋고 착용감편해요!
오늘 헬스장에서 사용했는데
러닝시 편핬어요!
입고 운동하다보니 위로 올라오긴해요",4,1
tkad*****,2024-03-14T05:55:06.029+00:00,상품선택: 러닝벨트 / 색상: 블랙 / 사이즈: L,가성비 좋아요 감사합니다.,5,1
brea*****,2024-02-23T10:14:14.625+00:00,상품선택: 러닝벨트 / 색상: 블랙 / 사이즈: S,좋은것같아요 좋아요,3,1
popo*****,2024-03-09T01:29:35.089+00:00,상품선택: 러닝벨트 / 색상: 블랙 / 사이즈: M,만족합니다 만족합니다,3,1
shin*******,2024-03-09T13:31:22.550+00:00,상품선택: 러닝벨트 / 색상: 블랙 / 사이즈: S,사진 등록이 왜 안되나요 ㅜㅜ,4,1
spec********,2024-02-14T07:23:31.475+00:00,상품선택: 러닝벨트 / 색상: 블랙 / 사이즈: S,아직 착용 전이지만 좋을 거라 기대해요.,5,1
choi*******,2024-03-07T12:39:49.775+00:00,상품선택: 러닝벨트 / 색상: 블랙 / 사이즈: S,젛아요 아직 안써좠지난,5,1
lims****,2024-02-22T06:46:45.767+00:00,상품선택: 러닝벨트 / 색상: 블랙 / 사이즈: M,쫀쫀하고 튼튼해서 좋네요 그리고 수납할수있는 공간도 많구요,4,1
inno****,2024-02-09T05:24:19.701+00:00,상품선택: 러닝벨트 / 색상: 블랙 / 사이즈: S,잘쓰겠습니다. 감사합니다,5,1
2tkd***,2024-01-30T01:35:44.572+00:00,상품선택: 러닝벨트 / 색상: 블랙 / 사이즈: M,딱 한번 쓰긴했는데 차키랑 휴대폰 넣고 뛰니까 편하고 좋더라구요 여름에 다 유용할듯,5,1
ko****,2024-02-25T11:23:17.514+00:00,상품선택: 러닝벨트 / 색상: 블랙 / 사이즈: M,착용감이 타이트하지 않고 편안하게 밀착되는 느낌이 좋습니다.,5,1
22wh*****,2024-02-29T04:02:19.445+00:00,상품선택: 러닝벨트 / 색상: 블랙 / 사이즈: S,부드럽고 가성비 아주 좋습니다,5,1
ggum***,2024-03-01T03:06:14.698+00:00,상품선택: 러닝벨트 / 색상: 블랙 / 사이즈: S,러닝할 때 편할 것 같아요~,5,1
ehfp********,2024-01-30T07:06:57.603+00:00,상품선택: 러닝벨트 / 색상: 블랙 / 사이즈: S,좋아요 ㅎㅎ 운동할때 잘 쓸듯,5,1
tr****,2024-02-10T11:43:50.602+00:00,상품선택: 러닝벨트 / 색상: 블랙 / 사이즈: M,아주 만족합니다. 재구매 의사 있습니다.,5,1
xpro*****,2024-02-16T13:16:33.307+00:00,상품선택: 러닝벨트 / 색상: 형광 / 사이즈: S,"아주 좋습니다 

하프 성공기원!!!",5,1
da****,2024-01-07T02:56:43.591+00:00,상품선택: 러닝벨트 / 색상: 블랙 / 사이즈: M,"폰연동 걸음수때문에 구매했는데 신박하고 편해요 
허리33인데 다만 금방늘어나서 제일작은걸로구매할껄 ㅠ또구매해야할것같아요.벨크로형식이면 어땠을까싶어요",3,1
jiyo******,2024-02-14T05:09:39.559+00:00,상품선택: 러닝벨트 / 색상: 블랙 / 사이즈: S,차라리 허리 사이즈 조절되는 밴드가 나을 것 같습니다,3,1
love*******,2024-01-28T02:46:38.392+00:00,상품선택: 러닝벨트 / 색상: 블랙 / 사이즈: M,추워서 안쓰고 있는데 편해요,5,1
max0****,2024-01-15T23:08:08.767+00:00,상품선택: 러닝벨트 / 색상: 블랙 / 사이즈: M,만족스러워요! 재구매 의사 있습니다~!,5,1
dpeo****,2024-02-05T01:30:07.638+00:00,상품선택: 러닝벨트 / 색상: 블랙 / 사이즈: M,"빠른배송, 허리에 촥 감기는 느낌 좋습니다",5,1
cxdn******,2024-03-02T01:01:20.341+00:00,상품선택: 러닝벨트 / 색상: 블랙 / 사이즈: S,아주아주 좋습니다!!,5,1
jjuw******,2024-01-23T04:30:17.388+00:00,상품선택: 러닝벨트 / 색상: 블랙 / 사이즈: S,잘 사용하구 있어요^^,5,1
dlsv*****,2024-02-09T02:13:24.429+00:00,상품선택: 러닝벨트 / 색상: 블랙 / 사이즈: M,편하게 사용 중 입니다,5,1
gide******,2024-01-30T05:08:35.929+00:00,상품선택: 러닝벨트 / 색상: 블루 / 사이즈: S,흘러내리지않고 탄탄해서 러닝할 때 잘 사용했습니당,5,1
qora****,2024-01-30T11:08:44.762+00:00,상품선택: 러닝벨트 / 색상: 블랙 / 사이즈: S,운동할때  유툽켜서 넣고 운동해도 안꺼지네요.,5,1
from***,2024-02-01T13:49:55.414+00:00,상품선택: 러닝벨트 / 색상: 블루 / 사이즈: M,한사이즈 또는 두사이즈 작게 구매 추천,5,1
si****,2024-02-02T08:59:27.301+00:00,상품선택: 러닝벨트 / 색상: 블랙 / 사이즈: M,생각한대로 좋네요.,5,1
limn***,2024-01-24T09:22:10.005+00:00,상품선택: 러닝벨트 / 색상: 블랙 / 사이즈: M,부드럽고 자극적이지않아서 오래차고있어도 불편하지않아요,5,1
cold****,2024-01-03T12:01:38.343+00:00,상품선택: 러닝벨트 / 색상: 블랙 / 사이즈: L,뛸때 주머니에 넣지않고 뛸수있어서 좋네요,5,1
terr*******,2023-12-14T09:33:17.312+00:00,상품선택: 러닝벨트 / 색상: 블랙 / 사이즈: M,다이소3천원짜리 쓰다가 폰이 고정안되고 덜렁거려서 여기서 샀어요! 확실히 탄탄하게 고정시켜줘서 뛸때 안거슬릴것같아요 32인치 허리에 m사이즈 추천!,5,1
dw****,2023-12-30T05:44:07.839+00:00,상품선택: 러닝벨트 / 색상: 블랙 / 사이즈: M,기대한 것보다 잘 흘러내려서 아쉬워요.,2,1
2300***,2023-12-13T07:49:50.832+00:00,상품선택: 러닝벨트 / 색상: 블랙 / 사이즈: S,넘넘 좋아용 핸드폰이 두개라 앞뒤로 넣었는데 뒤로 다시 넣는건 좀 힘들지만 ㅎㅎ안늘어나규 오래쓰고싶네용 ㅠㅠ엉덩이40인치인데도 s사이즈 잘맞아용ㅋㅋ,5,1
chld*******,2023-12-26T13:55:50.558+00:00,상품선택: 러닝벨트 / 색상: 블랙 / 사이즈: S,확실히 팔에 장착하는것보단 편합니다 굿,5,2
chld*******,2023-12-26T13:55:20.159+00:00,상품선택: 러닝벨트 / 색상: 블랙 / 사이즈: M,확실히 팔에 장착하는것보단 편합니다 굿,5,1
ey****,2023-12-12T11:16:31.642+00:00,상품선택: 러닝벨트 / 색상: 블랙 / 사이즈: L,"이 정도 가격에 이정도 품질이면 만족함.
착용하고 뛰어보지는 못했음.

겔럭시 노트20울트라 케이스와 함께 잘 들어감.",5,1
bc04*******,2023-11-16T22:26:37.308+00:00,상품선택: 러닝벨트 / 색상: 형광 / 사이즈: M,"조깅 및 런닝시 매번 착용하는데요 
핸드폰 주머니로 손색없음
적당한 음식 주머니로도 안성맞춤
유선이어폰 사용해봤지만 선이 앞으로 나와
팔치기 할때 잘걸리지 않는 장점
힙색 제품에비해 러닝시 흔들림 적어 불편함 거슬림 안느껴짐 
여하튼 디자인보고 구매했는데 기능이 탁월함
감사히 잘사용하겠습니다",4,1
hyou*****,2024-01-04T10:21:09.797+00:00,상품선택: 러닝벨트 / 색상: 블랙 / 사이즈: L,음 아직 착용 전인데 한번 러닝해보고 좋으면 주변에게 추천할께요.,5,1
tw****,2024-01-08T15:52:45.889+00:00,상품선택: 러닝벨트 / 색상: 블랙 / 사이즈: M,완벽합니다 다음에 또 주문할게여,4,1
jiyo******,2024-01-09T04:46:59.607+00:00,상품선택: 러닝벨트 / 색상: 블랙 / 사이즈: S,사이즈 조절이 안 돼서 아쉽지만 알고 산 거니..!,3,1
jaso*****,2023-12-13T14:03:52.093+00:00,상품선택: 러닝벨트 / 색상: 블랙 / 사이즈: L,핸드폰이 커서 넣기는 힘든데 생각보다 안쳐지고 좋아요,4,1
xhxh****,2023-12-13T01:30:41.581+00:00,상품선택: 러닝벨트 / 색상: 블랙 / 사이즈: S,있는지 없는지 모르게 몸에 촥 달라붙어있어 너무 좋아요.,5,2
xhxh****,2023-12-13T01:30:06.056+00:00,상품선택: 러닝벨트 / 색상: 형광 / 사이즈: S,있는지 없는지 모르게 몸에 촥 달라붙어있어 너무 좋아요.,5,1
chig***,2024-01-17T14:41:27.314+00:00,상품선택: 러닝벨트 / 색상: 블랙 / 사이즈: S,좋아요~~~~~~~~,5,1
meme******,2023-11-30T14:18:16.744+00:00,상품선택: 러닝벨트 / 색상: 블랙 / 사이즈: S,"레깅스위에 딱 맞네요
허리가 커서 벨트용으로 구입했는데
딱 이네요^^
좋은상품 감사합니다~",5,1
rina***,2023-12-09T05:02:32.511+00:00,상품선택: 러닝벨트 / 색상: 블랙 / 사이즈: S,마라톤 하려고 샀는데 휴대폰넣기가 좀 귀찮지만 괜찮아요,5,1
jsm0***,2023-12-30T04:41:26.878+00:00,상품선택: 러닝벨트 / 색상: 블랙 / 사이즈: S,완전편하고 이가격에 최고의가성비,5,1
fly1****,2024-01-04T13:32:34.993+00:00,상품선택: 러닝벨트 / 색상: 블랙 / 사이즈: S,진작살걸~ 달릴때 착붙어서 넘 편해요,5,1
call***,2024-01-02T23:57:31.220+00:00,상품선택: 러닝벨트 / 색상: 블랙 / 사이즈: L,생각보다 짱짱함이 좋았습니다.,3,1
clth****,2023-11-30T13:18:09.948+00:00,상품선택: 러닝벨트 / 색상: 블랙 / 사이즈: M,착용감 좋네요~! 많이 입다보면 늘어날 것 같지만 가성비 좋은 것 같아요~,5,1
wint******,2023-12-29T01:41:28.704+00:00,상품선택: 러닝벨트 / 색상: 형광 / 사이즈: S,달리기 할 때 사용하려고 구매하였는데 Z-폴드를 넣어도 뛸 수 있습니다.,5,1
didi********,2023-12-03T03:08:25.248+00:00,상품선택: 러닝벨트 / 색상: 블랙 / 사이즈: S,너무 편하고 좋아요^^또 주문하려구여,5,1
seon*******,2023-12-10T22:11:22.021+00:00,상품선택: 러닝벨트 / 색상: 블랙 / 사이즈: S,넓어서쓰기가 편한데 입을때 조금 불편하네요,3,1
abts***,2024-01-03T14:04:27.402+00:00,상품선택: 러닝벨트 / 색상: 블랙 / 사이즈: L,좋습니다마누좋흡니다멤,5,1
didi********,2023-12-08T14:25:16.801+00:00,상품선택: 러닝벨트 / 색상: 블랙 / 사이즈: S,인슐린 펌프 착용하기 좋아요,5,1
love*****,2023-12-30T09:31:42.028+00:00,상품선택: 러닝벨트 / 색상: 블랙 / 사이즈: S,운동할때 잘 쓰겠습니다!!!,5,1
jihy*****,2023-11-29T17:07:57.897+00:00,상품선택: 러닝벨트 / 색상: 블랙 / 사이즈: S,너무 잘 쓰고 있어요 :) 만족합니다,5,1
sire***,2023-12-27T06:11:07.763+00:00,상품선택: 러닝벨트 / 색상: 블랙 / 사이즈: S,달려도 내려오지 않고 좋아요,5,1
didi********,2023-12-08T14:25:56.325+00:00,상품선택: 러닝벨트 / 색상: 블루 / 사이즈: S,늘어나지 않고 좋아오,5,1
blue*****,2023-12-21T16:37:26.439+00:00,상품선택: 러닝벨트 / 색상: 블랙 / 사이즈: S,정말 빠른배송  감사합니다,5,1
dhs0***,2023-11-23T12:47:29.406+00:00,상품선택: 러닝벨트 / 색상: 블랙 / 사이즈: S,러닝할때 휴대폰 들고하기 불편해서 구매했어요 폰 안떨어지고 좋습니다,5,1
yuri****,2023-11-27T13:48:58.705+00:00,상품선택: 러닝벨트 / 색상: 블랙 / 사이즈: L,처음 써보는거라 어색하지만 착용하고 달리니까 편하네요~~,5,1
kpk9***,2023-12-02T10:10:34.622+00:00,상품선택: 러닝벨트 / 색상: 블랙 / 사이즈: S,마라톤 뛸 때 좋아요,5,1
yhs8****,2023-11-27T02:52:35.556+00:00,상품선택: 러닝벨트 / 색상: 블랙 / 사이즈: L,마라톤 뛰면서 썻는데 짱짱하니 좋네요 ㅎㅎ 굿굿,5,1
pjh3***,2023-12-02T06:21:29.875+00:00,상품선택: 러닝벨트 / 색상: 블랙 / 사이즈: M,사이즈 잘 맞고 흔들림 없네오,5,1
vict***********,2023-12-26T02:32:51.553+00:00,상품선택: 러닝벨트 / 색상: 블루 / 사이즈: L,사용하기 편하내요~~,5,1
cik7***,2023-12-21T06:02:18.848+00:00,상품선택: 러닝벨트 / 색상: 블랙 / 사이즈: M,런닝시 편합니다.. 감사합니다..,5,1
hhb5***,2023-12-12T07:52:53.320+00:00,상품선택: 러닝벨트 / 색상: 블랙 / 사이즈: M,넘 좋습니다. 배송도 빠릅니다.,4,1
jsm0***,2023-12-19T22:24:30.043+00:00,상품선택: 러닝벨트 / 색상: 블랙 / 사이즈: L,생각보다 가성비 베리굿,5,1
gaur*******,2023-12-11T11:43:03.845+00:00,상품선택: 러닝벨트 / 색상: 블랙 / 사이즈: M,좋아요 내구성은 더 사용해봐야 알겠지만.,5,1
fu****,2023-11-24T00:43:37.770+00:00,상품선택: 러닝벨트 / 색상: 블랙 / 사이즈: S,전에쓰던 버클형식보다 착용시에만 불편하지 모든부분 더 좋습니다,5,1
rhlf*****,2024-01-03T13:39:27.978+00:00,상품선택: 러닝벨트 / 색상: 블랙 / 사이즈: S,좋아요 좋아요 좋아요 좋아요,5,2
bbae*****,2023-11-22T09:46:14.577+00:00,상품선택: 러닝벨트 / 색상: 블랙 / 사이즈: M,"예전에 s를 사용했는데
살이 쪄서 m사이즈로 구매합니다

허리 30-32  정도면 m사이즈가 적당한 듯 합니다.",5,1
cwch******,2023-12-12T01:14:31.278+00:00,상품선택: 러닝벨트 / 색상: 블랙 / 사이즈: M,"다용도로 활용가능 강추함(런닝, 여행시 허리지갑등)",5,1
n_nj****,2023-11-13T02:49:20.633+00:00,상품선택: 러닝벨트 / 색상: 블랙 / 사이즈: S,날씨가 영하로 떨어져서 아직 사용 못해봤는디 핸드폰 잘 들어가고 뛸때 어떨지는 뛰고나서 다시 리뷰 쓰겠습미다,4,1
taks********,2023-12-05T02:49:30.013+00:00,상품선택: 러닝벨트 / 색상: 형광 / 사이즈: S,엄청 쨍쨍해여~ 쉽사리 늘어나는 재질이 아님. 가끔 배아퍼요,5,1
king****,2023-12-03T04:57:01.311+00:00,상품선택: 러닝벨트 / 색상: 블랙 / 사이즈: M,"러닝벨트의 쫀쫀함이 덜 한것 같습니다.
M싸이즈 허리싸이즈가 29~31이라고 했는데,
제 허리가 32인데 느슨합니다.
쫀쫀함이 있으면, 좀 여유가 있을것 같은데,
헐겁다는 느낌이 듭니다.",3,1
nono***,2023-12-18T23:24:52.039+00:00,상품선택: 러닝벨트 / 색상: 블랙 / 사이즈: M,음~ 그냥 쓸만 해요 ㅎㅎ,3,1
syny****,2023-11-08T09:59:44.569+00:00,상품선택: 러닝벨트 / 색상: 형광 / 사이즈: S,"좋아요
짱짱하고
팔목아대도 주시고 감사히 잘쓸께요
머리띠 이뿌네요",5,1
mir2***,2023-11-28T00:37:14.326+00:00,상품선택: 러닝벨트 / 색상: 블랙 / 사이즈: L,친구 선물하며 저도 사서 사용중인데.. 원단이 기능성 소재라 땀에 젖어도 문제 없더군요 좋습니다,5,1
lhj1****,2023-12-15T10:26:02.550+00:00,상품선택: 러닝벨트 / 색상: 블루 / 사이즈: S,그리 편하진 않아요.,3,1
logi*******,2023-11-03T14:33:57.693+00:00,상품선택: 러닝벨트 / 색상: 블랙 / 사이즈: M,현재쓰고 있는데 만족스러워서 지인 선물로 하나 더 주문했어요. 지인도 엄청 만족하네요.,5,1
tlsd****,2023-12-12T08:02:52.121+00:00,상품선택: 러닝벨트 / 색상: 블루 / 사이즈: M,러닝할때 굿 입니다,5,1
chlo********,2023-11-11T08:10:09.655+00:00,상품선택: 러닝벨트 / 색상: 블랙 / 사이즈: S,"여자 에스 사이즈 좋습니다
러닝할때 괜찮네요",5,1
hanb******,2023-12-03T08:27:31.048+00:00,상품선택: 러닝벨트 / 색상: 블랙 / 사이즈: M,항상 구매하고 있어요. 싸고 좋아요.,4,1
seve****,2023-11-02T06:36:56.690+00:00,상품선택: 러닝벨트 / 색상: 블랙 / 사이즈: M,"신축성 좋고 몸에 착 붙어서 안정감 있네요. 
허리 32인치, M 사이즈가 딱 입니다.",5,1
ryan***,2023-12-05T02:50:13.327+00:00,상품선택: 러닝벨트 / 색상: 블랙 / 사이즈: M,한달동안 써도 늘어나는거 잘 없이 잘 사용하고 있습니다!,5,1
sona***,2023-11-16T11:12:40.988+00:00,상품선택: 러닝벨트 / 색상: 블랙 / 사이즈: M,착용감 편하고 좋아요,5,1
mbfl****,2023-10-10T14:18:18.177+00:00,상품선택: 러닝벨트 / 색상: 블랙 / 사이즈: S,늘어나서 뛰다보면 원래위치에 고정되지 않고 위아래로 움직여요 첨에 잘 고정됐는데... 그리고 문구도 하도 빨아서 그런지 다 떨어지고 지금은 아무것도 없이 민짜상태 ㅋㅋ 안에 사이주표도 부분적으로 없음 ㅎㅎ 그래도 가성비는 좋아요 저는 선수가 아니라서 그냥 운동겸 취미로 런닝하는거라 그냥 계속 쓰려고요  감사합니다^^,5,1
shin*****,2023-11-17T00:24:31.809+00:00,상품선택: 러닝벨트 / 색상: 블랙 / 사이즈: S,짱짱하고 좋아요-!,5,1
ksu3***,2023-10-08T09:26:03.146+00:00,상품선택: 러닝벨트 / 색상: 블랙 / 사이즈: M,"몇년 전에 사서 지금까지 쓰다가 많이 헐어서 재구매 했습니다. 버클식이 아니어서 바지 입고 벗듯이 해야하는 수고는 있지만 확실히 안정적이고 편합니다. 휴대폰이 무거워도 위아래로 거의 흔들리지 않고 카드, 키 등 다른것들도 동시에 휴대할 수 있어서 좋습니다. 이번엔 지인것까지 L, M 둘다 주문했습니다. 사이즈는 사진을 참고해주세요.
M size : 28~
L size : 34~
휴대폰 : 아이폰11 pro
사이즈 선정에 도움이 되셨으면 좋겠습니다.",5,1
mong***,2023-10-19T02:26:19.679+00:00,상품선택: 러닝벨트 / 색상: 블랙 / 사이즈: M,러닝시에 없으면 안될 아이템으로 자리매김 하였습니다. 러닝벨트/플립벨트는 제조사마다 여러가지를 써봤지만 간단하게 쓰기 너무 좋고 휴대폰만 딱 보관하고 뛰기에 너무 완벽하게 좋습니다. 많이 파세요.,5,1
blin*******,2023-11-13T14:04:28.771+00:00,상품선택: 러닝벨트 / 색상: 블랙 / 사이즈: M,착 달라붙어서 덜렁덜렁 출렁출렁 없어요~,5,1
w6****,2023-12-05T00:33:44.827+00:00,상품선택: 러닝벨트 / 색상: 블랙 / 사이즈: M,잘사용하고 있어요 굿,3,1
rudf*****,2023-11-12T11:10:24.509+00:00,상품선택: 러닝벨트 / 색상: 블랙 / 사이즈: S,너무 편하고 좋아요,5,2
show****,2023-10-31T14:40:12.204+00:00,상품선택: 러닝벨트 / 색상: 블랙 / 사이즈: M,"무난하고 사이즈도 좋네요
런닝할 때 좋을 것 같습니다.",5,1
obas***,2023-11-23T11:08:22.205+00:00,상품선택: 러닝벨트 / 색상: 블랙 / 사이즈: S,내려가지 않고 단단하나 여름에는 더웠고 겨울에는 사용하면 좋을 거 같아요,5,1
k930***,2023-11-29T04:28:12.193+00:00,상품선택: 러닝벨트 / 색상: 블랙 / 사이즈: M,잘 흘러내리지도 않고 잘 잡아줘서 좋아요!,5,1
hell*****,2023-10-23T07:33:40.553+00:00,상품선택: 러닝벨트 / 색상: 블랙 / 사이즈: S,핸드폰이 커서 걱정했는데 무리없이 들어가고 고정도 잘 되네요. 달리기 할 때마다 잘 쓰고 있습니다!,5,1
hyh5***,2023-11-03T06:46:57.423+00:00,상품선택: 러닝벨트 / 색상: 블랙 / 사이즈: M,흔들리지않고 이어폰이랑 핸드폰을 보관할 수 있어서 좋아요,5,1
comi******,2023-11-02T09:06:44.622+00:00,상품선택: 러닝벨트 / 색상: 블랙 / 사이즈: M,"정말 맘에 들어요
아주 좋습니다
추천드려요",5,1
seve****,2023-11-02T06:38:20.746+00:00,상품선택: 러닝벨트 / 색상: 형광 / 사이즈: M,버클이나 벨크로 제품들은 세탁이 힘든데 이 제품은 바로 물세탁이 가능해서 좋아요.,5,1
83****,2023-11-26T12:26:57.663+00:00,상품선택: 러닝벨트 / 색상: 블랙 / 사이즈: M,너무 편해요!! 달리기의 신세계,5,1
oros****,2023-11-09T11:20:10.144+00:00,상품선택: 러닝벨트 / 색상: 블랙 / 사이즈: M,남자허리 29 m 사이즈 골반정도에 잘맞음,5,1
js****,2023-11-16T06:52:40.644+00:00,상품선택: 러닝벨트 / 색상: 블랙 / 사이즈: S,폰이랑 젤 넣고 뛰면 빠지진 않습니다. 짱짱해요. 다만 폰케이스가 실리콘 케이스인 경우 뻑뻑해서 들어가지 않아요,4,1
para******,2023-11-04T11:13:21.061+00:00,상품선택: 러닝벨트 / 색상: 블랙 / 사이즈: M,착용전인데 생각보다 무게감이있네요,5,1
w0****,2023-10-12T02:05:46.633+00:00,상품선택: 러닝벨트 / 색상: 블랙 / 사이즈: L,"벨트가 짱짱해서  핸드폰, 무선이어폰 넣고 뛸 때 좋습니다!!!

첨부사진은 함께 구매한 머리띠 입니다. 
머리띠 너무 좋아요, 머리의 땀이 얼굴로 내려오는것을 방지해줘서 불편함을 덜어줍니다.",5,1
kpk9***,2023-12-02T10:10:58.724+00:00,상품선택: 러닝벨트 / 색상: 블랙 / 사이즈: M,마라톤 시 필수품ㅜ,5,1
jaew*******,2023-11-06T08:35:42.207+00:00,상품선택: 러닝벨트 / 색상: 블랙 / 사이즈: M,쫀쫀하고 안정감있고 좋아요! ㅋㅋ,5,1
dong*******,2023-11-03T11:43:24.810+00:00,상품선택: 러닝벨트 / 색상: 블랙 / 사이즈: L,잘쓰고 있습니다!! 많이 파세요!!,3,1
tlsg********,2023-11-07T23:29:34.771+00:00,상품선택: 러닝벨트 / 색상: 블랙 / 사이즈: L,적당히 잘 맞고 좋습니다!,5,1
sunn*****,2023-11-24T06:16:05.146+00:00,상품선택: 러닝벨트 / 색상: 블랙 / 사이즈: M,감사합니다 감사합니다,5,3
jeon****,2023-10-31T13:04:21.006+00:00,상품선택: 러닝벨트 / 색상: 블랙 / 사이즈: S,배송 빠르고 아주 좋아요,5,1
kang***,2023-10-19T10:53:11.236+00:00,상품선택: 러닝벨트 / 색상: 블랙 / 사이즈: S,갤럭시 s23 울트라 잘 들어갑니다~ 빠른배송 감사합니다. 66-77 여자분들도 s 사셔도 됩니다~,5,1
wkh0***,2023-10-26T14:33:38.586+00:00,상품선택: 러닝벨트 / 색상: 블랙 / 사이즈: M,가볍고 잘 맞네요 사이즈 딱 좋습니다^^,5,1
whss*****,2023-11-01T02:51:11.294+00:00,상품선택: 러닝벨트 / 색상: 블랙 / 사이즈: M,신박하네요 잘 쓰겠습니다,5,1
burs***,2023-11-13T01:13:14.999+00:00,상품선택: 러닝벨트 / 색상: 블루 / 사이즈: M,배송 빠르고 쓸만합니다.휴대폰도 들어가네요,3,1
vict***********,2023-11-20T13:23:27.445+00:00,상품선택: 러닝벨트 / 색상: 블루 / 사이즈: L,착용감좋고 편할것같아요,5,1
ghrm*******,2023-11-18T14:02:59.273+00:00,상품선택: 러닝벨트 / 색상: 형광 / 사이즈: S,최고... 아주 좋아요,5,1
ymh3***,2023-10-31T03:05:26.941+00:00,상품선택: 러닝벨트 / 색상: 블랙 / 사이즈: M,운동할따 편하고 좋습니다,5,1
qkrg*****,2023-11-21T01:51:40.091+00:00,상품선택: 러닝벨트 / 색상: 블랙 / 사이즈: M,저렴이로 괜찮습니다,5,1
ksu3***,2023-10-08T09:28:02.627+00:00,상품선택: 러닝벨트 / 색상: 블랙 / 사이즈: L,"러닝할 때 유동이 없어서 굉장히 안정적이고 편안합니다. 자주 휴대폰 꺼내보셔야하는 분들은 불편하시겠지만, 그렇지 않은분들은 분명히 편하고 유용하실 것입니다. 사진 속 휴대폰은 아이폰11pro 입니다.",5,1
dram*****,2023-10-27T23:30:06.862+00:00,상품선택: 러닝벨트 / 색상: 형광 / 사이즈: M,가격대비 가성비 좋아요,4,1
nl****,2023-11-10T04:12:54.674+00:00,상품선택: 러닝벨트 / 색상: 블랙 / 사이즈: S,좋습니다. 폭이 조금 더 넓은것도나왔으면 좋겠네요,5,1
hms0***,2023-11-10T07:51:14.791+00:00,상품선택: 러닝벨트 / 색상: 블루 / 사이즈: M,"팔에 사용하는 벨트보다 훨씬 좋습니다.
러닝이나 산책이 자주 사용합니다.",5,2
hms0***,2023-11-10T07:51:05.692+00:00,상품선택: 러닝벨트 / 색상: 블랙 / 사이즈: L,"팔에 사용하는 벨트보다 훨씬 좋습니다.
러닝이나 산책이 자주 사용합니다.",5,1
00****,2023-10-19T08:35:11.888+00:00,상품선택: 러닝벨트 / 색상: 블랙 / 사이즈: S,"단단하니 좋아요
당분간 적응기간이 필요할듯요",5,1
cnrr*****,2023-10-27T08:10:30.899+00:00,상품선택: 러닝벨트 / 색상: 블랙 / 사이즈: M,달리기할때 폰 휴대하기 편해졌어요,5,1
bc04*******,2023-11-11T22:09:11.245+00:00,상품선택: 러닝벨트 / 색상: 블랙 / 사이즈: M,너무 마음에 듭니다 잘쓸게요,4,1
sj****,2023-10-11T09:19:10.803+00:00,상품선택: 러닝벨트 / 색상: 블랙 / 사이즈: M,"찾던 제품 여기서 득템합니다~ 많이파세요~
저렴하고 배송빠르고 굿입니다~",5,1
st****,2023-10-20T04:03:29.360+00:00,상품선택: 러닝벨트 / 색상: 블랙 / 사이즈: S,너무너무 편해서 뛸때도 쓰고 등산갈때도 써요 진작 살걸 그랬어요!!!,5,1
xm****,2023-10-17T14:52:19.428+00:00,상품선택: 러닝벨트 / 색상: 블랙 / 사이즈: S,정말 좋응거 같아요ㅜ퀄리티가 상당합니다,5,1
556m****,2023-10-22T09:47:15.453+00:00,상품선택: 러닝벨트 / 색상: 블랙 / 사이즈: S,배송이 늦엇지만 물건은 잘 받앗어요,4,1
allf*******,2023-11-08T01:54:23.709+00:00,상품선택: 러닝벨트 / 색상: 블랙 / 사이즈: L,사용하기 아주 편하고 좋습니다. 재구매했습니다~,5,1
ddon***,2023-11-14T04:35:57.086+00:00,상품선택: 러닝벨트 / 색상: 블랙 / 사이즈: L,좋은제품잘받았습니다.,5,1
jinh*****,2023-11-03T04:24:41.831+00:00,상품선택: 러닝벨트 / 색상: 블랙 / 사이즈: M,"앞, 뒤 심지어 옆에도 넣을 수 있어서 매번 삽니다. 신축성도 오래 써도 변함없어서 좋아요~",5,1
ed****,2023-10-14T07:33:10.676+00:00,상품선택: 러닝벨트 / 색상: 블랙 / 사이즈: L,"구매확정하긴했는데 이거 사이즈가 뭔가요?
L을 샀는데 택은 M이네요",5,1
mbfl****,2023-10-10T14:14:56.136+00:00,상품선택: 러닝벨트 / 색상: 형광 / 사이즈: S,음... 거의 매일 뛰고 매일 빨아서 구런가 늘어낫어요 그래서 형광운 엄마가 일할때 쓰신다고 가져가심 ㅋㅋ,5,1
a123****,2023-10-09T02:15:46.106+00:00,상품선택: 러닝벨트 / 색상: 블랙 / 사이즈: L,핸드폰 넣는부위가 신축성은 있으나 갤22기본에 얇은 케이스 쓴 상태로도 운동중에 넣고 빼기 편하진 않습니다 가로로 0.5~1cm 정도 더 찢어져있는 형태면 더 편할듯합니다,4,1
tlad*****,2023-11-14T13:50:03.222+00:00,상품선택: 러닝벨트 / 색상: 블랙 / 사이즈: M,쫀쫀하고 좋아요!ㅎ,5,1
ss****,2023-11-12T03:42:29.453+00:00,상품선택: 러닝벨트 / 색상: 블랙 / 사이즈: L,허리34 l사이즈 딱좋아요,5,1
if****,2023-11-14T01:03:42.875+00:00,상품선택: 러닝벨트 / 색상: 블랙 / 사이즈: L,잘 받았습니다...,3,1
sire***,2023-11-11T11:49:27.923+00:00,상품선택: 러닝벨트 / 색상: 블랙 / 사이즈: S,좋아요 잘 쓸게요!,5,1
mili*****,2023-10-28T10:59:10.387+00:00,상품선택: 러닝벨트 / 색상: 블랙 / 사이즈: S,"매우 편합니다. 러닝시 강추합니다. 물건이
절대 안떨어지네여",5,1
lily******,2023-10-14T14:18:04.139+00:00,상품선택: 러닝벨트 / 색상: 블랙 / 사이즈: S,조아요 만족해요 굿,5,1
dla1***,2023-09-25T16:04:56.220+00:00,상품선택: 러닝벨트 / 색상: 블랙 / 사이즈: L,사이즈표대로 주문하니까 잘 맞아서 좋았습니다. 물건 넣고 빼기 좋아요. 오래 사용할 수 있을것 같습니다.,5,1
jhyu*****,2023-10-11T08:50:11.059+00:00,상품선택: 러닝벨트 / 색상: 블랙 / 사이즈: S,마라톤때 잘썼어요 S랑 M 입니다,5,1
yjs9*****,2023-11-05T23:09:00.481+00:00,상품선택: 러닝벨트 / 색상: 블랙 / 사이즈: M,아주 만족스렂습니다요,5,1
sd****,2023-11-06T01:52:38.380+00:00,상품선택: 러닝벨트 / 색상: 블루 / 사이즈: S,러닝할 때 완전 편해용!! 강추,5,1
mrww****,2023-10-27T10:19:26.732+00:00,상품선택: 러닝벨트 / 색상: 블루 / 사이즈: M,"허리 32~33남자입니다.
M 샀는데 너무 땡기네요
저랑 비슷한 신체사이즈분들 L 사세요",5,1
band******,2023-10-29T12:20:55.331+00:00,상품선택: 러닝벨트 / 색상: 형광 / 사이즈: M,다른 라닝 벨트와 다르게 버클부분이 없너서 그냥 세탁기에 넣고 빨기 부담이 없네요,5,1
w6****,2023-11-01T00:01:48.218+00:00,상품선택: 러닝벨트 / 색상: 블랙 / 사이즈: M,배송도 느리고 그냥 그래요,2,1
sona***,2023-10-17T10:56:50.854+00:00,상품선택: 러닝벨트 / 색상: 블랙 / 사이즈: M,편해보여요 기대됩니다,5,1
kr07***,2023-10-26T11:55:00.814+00:00,상품선택: 러닝벨트 / 색상: 형광 / 사이즈: L,늘어나지않고 딱맞아서 좋아요 밀착잘됨,5,1
jwoo****,2023-10-25T21:08:01.012+00:00,상품선택: 러닝벨트 / 색상: 블랙 / 사이즈: L,착용감이 좋아요.배송도 빨라요,5,1
99ji****,2023-10-11T11:44:49.264+00:00,상품선택: 러닝벨트 / 색상: 블랙 / 사이즈: M,아이폰 수납도 되고 양손이 러닝할때 자유로워졌습니다,5,1
hush****,2023-10-14T10:00:40.832+00:00,상품선택: 러닝벨트 / 색상: 블랙 / 사이즈: L,좋아요 2개째 구매입니다,5,1
a123****,2023-10-15T02:56:57.071+00:00,상품선택: 러닝벨트 / 색상: 블루 / 사이즈: M,작은 사이즈로 재구매했습니다,4,1
chig***,2023-11-06T11:20:46.411+00:00,상품선택: 러닝벨트 / 색상: 블랙 / 사이즈: M,가격대비 좋아요~~,5,2
sh12***,2023-10-13T08:18:13.130+00:00,상품선택: 러닝벨트 / 색상: 블랙 / 사이즈: M,좀 헐렁한데 떨어지진 않을거 같아영,5,1
o24d***,2023-10-21T03:45:14.048+00:00,상품선택: 러닝벨트 / 색상: 블랙 / 사이즈: S,S이 생각보다 타이트 해요. 움직이지 않아 안정감은 좋아요.,3,1
sy****,2023-11-04T12:47:31.570+00:00,상품선택: 러닝벨트 / 색상: 형광 / 사이즈: S,러닝벨트를 구매했스니다.,3,1
kiss******,2023-10-08T12:44:20.982+00:00,상품선택: 러닝벨트 / 색상: 블랙 / 사이즈: M,"82키로인데적당히 딱맞네요~~^^
42.195키로 뛸준비합니다!!!화이팅",5,1
lora****,2023-10-30T23:31:07.812+00:00,상품선택: 러닝벨트 / 색상: 블랙 / 사이즈: M,너무 만족합니다 좋아요!!,5,1
tjtn******,2023-11-02T00:57:42.448+00:00,상품선택: 러닝벨트 / 색상: 블랙 / 사이즈: S,안떨어지고 안흔들려서 좋아요,5,2
tjtn******,2023-11-02T00:57:37.273+00:00,상품선택: 러닝벨트 / 색상: 블랙 / 사이즈: L,안떨어지고 안흔들려서 좋아요,5,1
chos*****,2023-10-11T12:03:10.439+00:00,상품선택: 러닝벨트 / 색상: 블랙 / 사이즈: S,착용하기 불편해서 잘 안 쓸 것 같아요,4,1
ybs9***,2023-10-12T06:25:01.245+00:00,상품선택: 러닝벨트 / 색상: 블랙 / 사이즈: M,마라톤때 잘썼습니다,5,1
mist*****,2023-11-01T01:38:59.498+00:00,상품선택: 러닝벨트 / 색상: 블랙 / 사이즈: M,스마트폰도 들어가고 잘 쓰고 있습니다.,4,1
taks********,2023-09-09T11:09:43.358+00:00,상품선택: 러닝벨트 / 색상: 형광 / 사이즈: S,"스몰과 미디엄 비교샷입니다
쨍쨍한 원단에 아이폰13프로맥스도 들어가니 신축성도 있어요. 늘어지지않기만 바랄뿐. 
바지처럼 입어야(?) 한다는게 좀 현타가 오긴 하는데 낼모레 마라톤이라 선택의 여지가 없네여. 
쓰돈 버클형은 지퍼가 고장나서 버렸고 달릴때마다 느슨햐지며 핸드폰이 무거워서 좀 덜렁거리는 단점이 있었어요. 이건 어떨지 기대되네요",5,1
yuns*****,2023-10-31T10:04:29.303+00:00,상품선택: 러닝벨트 / 색상: 블랙 / 사이즈: S,사이즈가 약간 더 작았으면 좋겠어요,4,1
bell********,2023-10-26T17:35:31.562+00:00,상품선택: 러닝벨트 / 색상: 블랙 / 사이즈: M,잘 받았습니다 재구매입니다  사용하기 편합니다,3,1
bum7***,2023-09-19T06:49:49.561+00:00,상품선택: 러닝벨트 / 색상: 블랙 / 사이즈: S,"와~ 왜 진즉에 안샀을까요 ^^ 사용법에 따라 골반에 걸쳐 착용했고 흘러내림 1도 없음. 차키, 폰, 요렇게 넣고 달렸는데 무게감 전혀 못느꼈어요. 그간 폰 손에 들고 뛰느라 어깨 아펐는데 완전 좋아여",5,1
dla1***,2023-09-25T16:06:00.169+00:00,상품선택: 러닝벨트 / 색상: 블랙 / 사이즈: S,사이즈표 대로 주문하니까 딱 맞았어요. 물건 넣고 빼기 좋아서 자주 사용할것 같습니다.,5,1
kj****,2023-10-11T15:58:41.138+00:00,상품선택: 러닝벨트 / 색상: 블랙 / 사이즈: L,저번에 사고 좋아서 또 삽니다,5,1
hush****,2023-10-06T08:41:02.643+00:00,상품선택: 러닝벨트 / 색상: 블랙 / 사이즈: L,"아주좋아요
하나더주문해야겠습니다",5,1
b093****,2023-10-25T00:05:44.108+00:00,상품선택: 러닝벨트 / 색상: 블랙 / 사이즈: S,배송 빠르고 쓰기 편해서 좋아요,5,1
thsv****,2023-10-06T11:31:41.690+00:00,상품선택: 러닝벨트 / 색상: 블랙 / 사이즈: S,손으로 들고 뛰었는데 간편할것 같아요,4,1
yong****,2023-09-12T06:37:54.051+00:00,상품선택: 러닝벨트 / 색상: 블랙 / 사이즈: M,"거의 1년주기로 바꿔주는거 같아요, 벨트안에 고리있어서 집열쇠 걸어놓고 열쇠안으로 밀어넣으면 분실위험 없고, 핸드폰도 안으로 집어넣으면 벨트의 쫀쫀한 탄성때문에 밖으로 튀어나오지 않아 파손위험도 덜하네요. 가성비 좋아요",5,1
pooh*****,2023-10-05T10:00:04.814+00:00,상품선택: 러닝벨트 / 색상: 블랙 / 사이즈: L,몇년 사용하니 늘어나서 새로 구입했네요,5,1
juno*****,2023-10-20T02:17:21.171+00:00,상품선택: 러닝벨트 / 색상: 블랙 / 사이즈: S,손이 자유를 찾았어요. 넘 편하고 좋아요,5,1
pare*****,2023-09-29T07:43:14.618+00:00,상품선택: 러닝벨트 / 색상: 블랙 / 사이즈: M,허벅지주머니 없는 옷입을 때 착용하려고 샀는데 가성비 좋네요!,5,1
hw****,2023-10-19T05:17:28.490+00:00,상품선택: 러닝벨트 / 색상: 블랙 / 사이즈: M,마라톤 할 때 잘 썼어요. 좋아요,5,1
allb****,2023-10-02T14:22:15.100+00:00,상품선택: 러닝벨트 / 색상: 블랙 / 사이즈: M,좋아요 굿굿 추천!,5,1
bigb******,2023-10-21T11:36:01.368+00:00,상품선택: 러닝벨트 / 색상: 블랙 / 사이즈: M,여러제품 많이 써봤지만 가성비 너무 좋아요,5,1
poly****,2023-10-19T04:31:37.079+00:00,상품선택: 러닝벨트 / 색상: 블랙 / 사이즈: L,아주 좋아요... 벨트체결 타입보다 좋아요...,5,1
elf9***,2023-10-25T03:49:18.481+00:00,상품선택: 러닝벨트 / 색상: 블랙 / 사이즈: L,러닝시 유용하게 사용하고 있습니다.,5,1
hanb******,2023-10-19T00:38:23.244+00:00,상품선택: 러닝벨트 / 색상: 블랙 / 사이즈: M,좋아요. 만족합니다.,4,1
imoo****,2023-09-19T22:56:24.779+00:00,상품선택: 러닝벨트 / 색상: 형광 / 사이즈: M,"휴대폰, 차키, 이어폰케이스 넣고 달리기 좋습니다.. 다만.. 방수가 안되는지라.. 휴대폰이 켜있는상태에서 터치가 실행되어.. 노래가 넘어간다던지.. 끊어진다든지 하는 문제점은 있어요.. 방수가 된다면 또다른 단점이 있을겁니다.. 무겁다던지 이런.. 여튼.. 쫀쫀하고 구매하길 잘했다 생각합니다.. 그리고 머리띠도 무슨원리에서 인지.. 땀이 얼굴쪽을 많이 안흘러서 사용하기 편합니다..",5,1
kyui*****,2023-10-07T07:58:32.496+00:00,상품선택: 러닝벨트 / 색상: 블랙 / 사이즈: S,사실 여러 소지품 넣기에는 전 좀 100%로 만족보다는 한 60% 만족이네용... 160/50 정도되는데 저한테는 사이즈 S이 좀커서 내려가서 골반에 걸쳐는 지는데 딱맞는 느낌은 아니에요!,3,1
blue*****,2023-09-12T08:14:42.435+00:00,상품선택: 러닝벨트 / 색상: 블루 / 사이즈: M,제품 좋은거 같아요. 얼마나 쓸수 있을지는 모르지만 거의 매일 러닝하고 있는데 오래 쓰면 좋겠네요. 노트9쓰는데 커버 벗기면 딱 맞게 들어가네요. ??,5,1
simg******,2023-10-17T04:18:21.154+00:00,상품선택: 러닝벨트 / 색상: 형광 / 사이즈: M,늘어나지 않아서 오랫동안 사용할 수 있을 것 같애요,5,1
xhxh****,2023-09-15T00:40:00.819+00:00,상품선택: 러닝벨트 / 색상: 블루 / 사이즈: S,러닝 할 때 차키. 핸폰이 출렁거렸었는데 이제 몸에 딱 밀착되어 단단하게 잡아주니 없는것같아요. 덕분에 기록도 향상되고 있답니다.,5,3
xhxh****,2023-09-15T00:39:35.084+00:00,상품선택: 러닝벨트 / 색상: 형광 / 사이즈: S,러닝 할 때 차키. 핸폰이 출렁거렸었는데 이제 몸에 딱 밀착되어 단단하게 잡아주니 없는것같아요. 덕분에 기록도 향상되고 있답니다.,5,1
xhxh****,2023-09-15T00:38:52.752+00:00,상품선택: 러닝벨트 / 색상: 블랙 / 사이즈: S,러닝 할 때 차키. 핸폰이 출렁거렸었는데 이제 몸에 딱 밀착되어 단단하게 잡아주니 없는것같아요. 덕분에 기록도 향상되고 있답니다.,5,1
ryan***,2023-10-18T08:35:21.400+00:00,상품선택: 러닝벨트 / 색상: 블랙 / 사이즈: M,신축성이 좋고 핸드폰도 잘 들어가서 편해요!,5,1
gksz******,2023-10-16T22:13:30.100+00:00,상품선택: 러닝벨트 / 색상: 블랙 / 사이즈: S,"배송 빨리 보내 주시고 상품
도 좋아요",5,1
na88****,2023-10-16T06:23:29.141+00:00,상품선택: 러닝벨트 / 색상: 블랙 / 사이즈: M,가성비좋아요오로도로모,5,1
adol****,2023-10-15T15:19:51.368+00:00,상품선택: 러닝벨트 / 색상: 블랙 / 사이즈: L,"조여서 좋습니다.

달리다가 혹시나 폰 떨어질까봐 

배를 자꾸 만지게 되는데

곧 익숙해지겠죠",5,1
real*****,2023-10-25T00:15:25.292+00:00,상품선택: 러닝벨트 / 색상: 블랙 / 사이즈: M,편하게 잘 사용했습니다.,5,1
smc3***,2023-09-30T00:08:37.015+00:00,상품선택: 러닝벨트 / 색상: 블랙 / 사이즈: S,생각보다 두껍고 잘 돌아가요,3,1
bigb******,2023-09-19T18:25:06.620+00:00,상품선택: 러닝벨트 / 색상: 블랙 / 사이즈: M,몇년 쓰다보니 늘어나서 버리고 새로 샀어요 가성비 너무 좋아요,5,1
nn****,2023-10-19T07:28:22.032+00:00,상품선택: 러닝벨트 / 색상: 블랙 / 사이즈: S,그냥 구멍 같은 곳에 폰을 넣는 구조네요,4,1
cute******,2023-09-24T03:58:49.255+00:00,상품선택: 러닝벨트 / 색상: 블랙 / 사이즈: S,싸고 좋아요! 핸드폰도 다 들어감^^,5,1
tree***,2023-09-21T00:22:30.358+00:00,상품선택: 러닝벨트 / 색상: 블랙 / 사이즈: M,안흘러내려요! 핸드폰에 신경 안쓰고 달릴 수 있어서 좋아요~,5,1
qntm****,2023-09-20T21:04:29.683+00:00,상품선택: 러닝벨트 / 색상: 블랙 / 사이즈: M,사이즈 미스로 재구매해요 상품은 좋아요,5,1
capo***,2023-10-17T02:08:56.301+00:00,상품선택: 러닝벨트 / 색상: 블랙 / 사이즈: L,개인 체격에 맞게 주문하여야 할 꺼 갇습니다,2,1
qntm****,2023-09-20T21:03:35.379+00:00,상품선택: 러닝벨트 / 색상: 블랙 / 사이즈: L,런닝하는데 소지품때문에 구매했어요 잘 사용할께요,5,1
rkdr*******,2023-10-10T09:26:46.195+00:00,상품선택: 러닝벨트 / 색상: 블랙 / 사이즈: M,휴대폰 넣는 구멍이 살짝 작지만 착용하고 뛰어보니 거부감 없네요 잘쓸께요,5,1
real*****,2023-10-14T03:04:03.199+00:00,상품선택: 러닝벨트 / 색상: 블랙 / 사이즈: S,런닝할때 좋아요 최고입니다,5,1
sb****,2023-09-19T13:38:01.213+00:00,상품선택: 러닝벨트 / 색상: 블랙 / 사이즈: S,휴대폰 넣을 수 있어서 너무 좋고 쫀쫀해서 달려도 전혀 흘러내리지 않아요,5,1
phso****,2023-10-17T08:02:27.906+00:00,상품선택: 러닝벨트 / 색상: 블랙 / 사이즈: S,아주 아주 좋아요 굿굿굿,4,1
imjj*****,2023-08-29T09:19:47.010+00:00,상품선택: 러닝벨트 / 색상: 블랙 / 사이즈: L,착용해보니 아주 편하네요. 수납구멍이 4군데 있고 신축성이 좋으면서 뛰어도 몸에 착붙네요. 늘어나지않고 오래 사용했으면 좋겠네요.,5,1
mini****,2023-10-19T09:34:15.311+00:00,상품선택: 러닝벨트 / 색상: 블루 / 사이즈: L,편합니다. 잘 활용하고 있습니다.,5,2
mini****,2023-10-19T09:34:07.745+00:00,상품선택: 러닝벨트 / 색상: 형광 / 사이즈: S,편합니다. 잘 활용하고 있습니다.,5,1
lhj1****,2023-10-09T04:03:18.182+00:00,상품선택: 러닝벨트 / 색상: 블루 / 사이즈: S,"마라톤뛸때 썼는데 좋아요.
흔들림도 없고",5,1
bazz***,2023-10-06T07:40:38.640+00:00,상품선택: 러닝벨트 / 색상: 블랙 / 사이즈: L,너무 만족합니다! 다른사람들한테 추천할 예정입니다,5,1
yjmh***,2023-10-11T06:28:40.694+00:00,상품선택: 러닝벨트 / 색상: 블루 / 사이즈: L,원래 이전에 사용 하고 있었는데 여분과 남편것도 사주려고 샀어요!,5,2
yjmh***,2023-10-11T06:28:26.528+00:00,상품선택: 러닝벨트 / 색상: 블랙 / 사이즈: S,원래 이전에 사용 하고 있었는데 여분과 남편것도 사주려고 샀어요!,5,1
baef******,2023-10-22T15:17:49.530+00:00,상품선택: 러닝벨트 / 색상: 블랙 / 사이즈: L,별로인것 같아요. ㅋㅋㅋ,4,1
gun0***,2023-10-15T02:37:08.661+00:00,상품선택: 러닝벨트 / 색상: 블랙 / 사이즈: M,핸드폰 보관하기에 좋아요,5,1
eunh*****,2023-10-20T02:35:12.355+00:00,상품선택: 러닝벨트 / 색상: 블랙 / 사이즈: S,짱짱하니 좋습니다!,5,1
imjj*****,2023-10-09T14:28:36.252+00:00,상품선택: 러닝벨트 / 색상: 블랙 / 사이즈: L,손에 들고 뛰다가 밸트사용하니 너무 편하고 좋아요,5,1
wa****,2023-10-10T21:55:55.605+00:00,상품선택: 러닝벨트 / 색상: 블랙 / 사이즈: L,좋아요 흘러내라지 않고 맘에 들어요,5,1
rz****,2023-09-14T07:33:18.266+00:00,상품선택: 러닝벨트 / 색상: 블랙 / 사이즈: M,"배송 빠르고 전에 사용하던 제품이어서 한치의 망설임없이 샀습니다

주변 지인들에게 선물할려고 몇 개 더샀어요 ㅎㅎ",5,1
os****,2023-10-05T03:34:07.980+00:00,상품선택: 러닝벨트 / 색상: 블랙 / 사이즈: M,싼맛에 사용하기 좋습니다. 세게 뛰면 튀어나오네요 ㅎ,4,1
xncj***,2023-10-17T03:10:01.922+00:00,상품선택: 러닝벨트 / 색상: 블랙 / 사이즈: S,만족스러워요 ㅎㅎ 굳,3,1
dj****,2023-09-18T00:20:45.777+00:00,상품선택: 러닝벨트 / 색상: 블랙 / 사이즈: M,"빠른배송감사합니다
전에사서 잘쓰다가 하나 더 구매합니다",5,1
kmia****,2023-09-08T06:07:47.778+00:00,상품선택: 러닝벨트 / 색상: 블랙 / 사이즈: S,조깅할때 핸드폰을 주머니에 넣으니 너무 불편해서 구입했어요. 손이 자유로우니 아주 좋아요.,5,1
lo****,2023-09-18T12:27:40.254+00:00,상품선택: 러닝벨트 / 색상: 블랙 / 사이즈: S,156 키인데 젤 작은 사이즈 딱 맞고 안흘러내리고 넘 조아요!,5,1
10ar*****,2023-09-29T09:12:25.610+00:00,상품선택: 러닝벨트 / 색상: 블랙 / 사이즈: M,타이트한 느낌이 조금 덜하지만 가성비 좋아요.  차키 등 작은건 흘러 나오네요,4,1
lavo***,2023-09-19T01:14:20.757+00:00,상품선택: 러닝벨트 / 색상: 블랙 / 사이즈: S,"운동할때 손이 자유로와지니까 더 운동효과가 있는거같고 편하고 좋네요
지플립 넣을때 졸 빡시지만 이동할때 불편함전혀없고 좋아요
추천받아서 구매했는데 아주 잘한듯요 ㅎ",4,1
prol*******,2023-10-08T00:52:15.438+00:00,상품선택: 러닝벨트 / 색상: 블랙 / 사이즈: L,아주 좋습니다 말이 파세요 수고하세요,5,1
dong*******,2023-09-21T08:29:31.270+00:00,상품선택: 러닝벨트 / 색상: 블랙 / 사이즈: L,일단 한번 써볼게요 많이 파세요,3,1
bbor***,2023-07-28T14:08:57.291+00:00,상품선택: 러닝벨트 / 색상: 블랙 / 사이즈: S,"163/53kg s사이즈 쫀쫀하게 좋습니다.
운동할 때 폰이랑 열쇠 넣으려고 구매했는데 편리합니다. 
만족한 점
1. 쫀쫀해서 몸에 피트되어 러닝할때도 흔들거리지 않습니다.
2. 벨크로나 버클형식이 아니어서 등에 베기는 것이 없습니다(눕거나 머신사용시 등받이에)
3. 지퍼형식이 아니라 오픈형태라서 운동중에 쉽게 물건을 꺼낼 수 있습니다.

아쉬운 점
1. 입구가 매우 타이트해서 휴대폰을 넣고 뺄 때 약간 불편합니다. 원치 않는 터치로 다른게 재생되거나 꺼지는 불편함이 있습니다.
2. 제품의 퀄리티나 기능성 대비 가격이 조금 높은 감이 있습니다. 7900~8900원 정도가 적당한 것 같습니다.

가방들고 다니던 때와 비교하면 운동 중 신경쓰이는 부분이 없어져서 운동에 집중하게 되었습니다. 매우 만족합니다.",4,1
koob******,2023-10-11T02:52:02.063+00:00,상품선택: 러닝벨트 / 색상: 블랙 / 사이즈: S,"제품, 배송 모두 만족합니다.",5,1
choc*******,2023-09-20T08:11:10.418+00:00,상품선택: 러닝벨트 / 색상: 블랙 / 사이즈: S,쫀쫀하고 튼튼해서 좋아요!!,5,1
taks********,2023-09-09T11:12:10.976+00:00,상품선택: 러닝벨트 / 색상: 블랙 / 사이즈: M,보통체격의 남자는 m 사이즈가 맞아여 라지는 안사봤지만 너무 크지않을까싶네요 아주 덩치크신분이 아니라면 남지는 m 여자는 s이면 맞아요,5,1
qkrg*****,2023-10-19T02:31:53.079+00:00,상품선택: 러닝벨트 / 색상: 블랙 / 사이즈: M,좀 써볼께요~~~~~,3,1
elf9***,2023-10-09T21:44:21.541+00:00,상품선택: 러닝벨트 / 색상: 블랙 / 사이즈: L,러닝시 유용하게 사용하고 있어요,4,1
chao****,2023-09-14T08:34:06.574+00:00,상품선택: 러닝벨트 / 색상: 블랙 / 사이즈: M,한달이상 썻는데 생각보다 늘어남도 없고 좋네요.,5,1
gofl***,2023-10-09T03:28:31.655+00:00,상품선택: 러닝벨트 / 색상: 블랙 / 사이즈: M,아직써보진못했어요 잘받앗어요 ㅡ,5,1
baes******,2023-08-30T01:14:30.887+00:00,상품선택: 러닝벨트 / 색상: 블랙 / 사이즈: M,"핸드폰도 잘들어가고 너무 좋아요!
에어팟은 조금 빠질것 같지만 그래도 크게 무리는 없어요! 골반이 있어서 m을 샀는데 살짝 헐렁거려요. s도 구매해야겠어요!",5,1
yjs9*****,2023-10-08T06:19:37.792+00:00,상품선택: 러닝벨트 / 색상: 블랙 / 사이즈: S,너머 편리하네여 잘 쓸게요,5,1
yjs9*****,2023-10-08T06:19:53.528+00:00,상품선택: 러닝벨트 / 색상: 블랙 / 사이즈: M,쳔리합니다 잘 쓸게요 하하,5,1
myon*****,2023-09-22T11:03:23.980+00:00,상품선택: 러닝벨트 / 색상: 블랙 / 사이즈: M,Full set으로 사이 마음이 든든해요 ㅎ,5,1
ohmy********,2023-10-08T12:21:03.081+00:00,상품선택: 러닝벨트 / 색상: 블랙 / 사이즈: M,사이즈도 맞고 좋습니다.,5,2
smar*****,2023-09-13T05:10:08.627+00:00,상품선택: 러닝벨트 / 색상: 블랙 / 사이즈: L,배송에 조금 문제가 있었지만 상품 좋아요,5,1
bia0***,2023-08-17T12:52:07.385+00:00,상품선택: 러닝벨트 / 색상: 블랙 / 사이즈: M,"구멍이 여러군데 있습니다
앞두개 뒤쪽 두개
그런데 구멍 끝이 막혀있지않고
전부 연결되어있어요 
벨트가 딱 맞아서 다 제자리에 있으면 다행이고 
작은물건은 좀 흐르지않을까 우려스럽습니다
구멍이 지퍼가 없어서여.. 
허리31~32  입는거같은데 
m 쫄리지도 않고 골반에 딱 맞아요
벨트나 고무줄에 두드러기 잘 나는데
일부러 이거샀어요",5,1
lega*******,2023-09-13T00:11:52.653+00:00,상품선택: 러닝벨트 / 색상: 블랙 / 사이즈: L,러닝할때 이용할려고 구매했는데 좋아요,4,1
glar*****,2023-10-13T00:00:52.722+00:00,상품선택: 러닝벨트 / 색상: 블랙 / 사이즈: S,가볍고 좋습니다~~,5,1
smfr***,2023-08-27T01:40:39.396+00:00,상품선택: 러닝벨트 / 색상: 블랙 / 사이즈: M,지퍼가 없는것이 조금 아쉽지만 저렴한 가격에 쓰기 좋아요~ 배송도 빠르고~,5,1
auro******,2023-09-12T09:36:45.778+00:00,상품선택: 러닝벨트 / 색상: 블랙 / 사이즈: S,착용해보니 핏하게 맞아서 뛰어도 안흔들려서 좋네요,5,1
kc****,2023-09-09T03:16:30.913+00:00,상품선택: 러닝벨트 / 색상: 블랙 / 사이즈: M,운동시 흔들림없규요 핸드폰 보관용으로 최고입니다,5,1
mong***,2023-08-17T11:42:45.483+00:00,상품선택: 러닝벨트 / 색상: 블랙 / 사이즈: M,가성비 정말 훌륭합니다!! 예전에 쓰던 제품이 더이상 없어서 후기 많은 것으로 샀는데 사이즈와 휴대폰 수납 완벽했습니다. 또한 폰 꺼내기도 좋아서 사진찍기도 좋았습니다.,5,1
chee********,2023-10-08T04:32:08.591+00:00,상품선택: 러닝벨트 / 색상: 블랙 / 사이즈: L,사이즈 잘 맞습니다,5,1
tall*******,2023-09-13T21:05:03.109+00:00,상품선택: 러닝벨트 / 색상: 블랙 / 사이즈: L,"런닝 시 S23 울트라 케이스.씌운 째 겨우 넣고 뺍니다.
구멍 찾고 벌리고 어려워요. 폰만 넣으면 좀 나을 듯 한데.
500ml 생수도 겨우 들어가는데, 이렇게 둘다 넣고 뛰면 출렁 대다가 물통이 빠집니다.
그래서 폰만 넣고 뜁니다.",3,2
tall*******,2023-09-13T21:04:34.673+00:00,상품선택: 러닝벨트 / 색상: 블랙 / 사이즈: S,"런닝 시 S23 울트라 케이스.씌운 째 겨우 넣고 뺍니다.
구멍 찾고 벌리고 어려워요. 폰만 넣으면 좀 나을 듯 한데.
500ml 생수도 겨우 들어가는데, 이렇게 둘다 넣고 뛰면 출렁 대다가 물통이 빠집니다.
그래서 폰만 넣고 뜁니다.",3,1
w9****,2023-09-12T10:07:30.358+00:00,상품선택: 러닝벨트 / 색상: 블랙 / 사이즈: L,러닝할때 잘쓰고 있어요,5,1
bazz***,2023-10-06T07:40:53.595+00:00,상품선택: 러닝벨트 / 색상: 블랙 / 사이즈: M,편하고 가볍고 좋네요,5,1
ghgu*****,2023-09-26T09:21:57.689+00:00,상품선택: 러닝벨트 / 색상: 블랙 / 사이즈: M,잘 왔습니다. 가격대비 품질 괜찮은 것 같아요,5,1
shmh*****,2023-09-07T12:47:05.545+00:00,상품선택: 러닝벨트 / 색상: 블랙 / 사이즈: M,요긴하게 잘쓸꺼같아요! 휴대폰도 잘 들어가네요,5,1
manb*****,2023-09-25T12:55:59.750+00:00,상품선택: 러닝벨트 / 색상: 블랙 / 사이즈: M,러닝할 때 주머니에 핸드폰 같은 소지품 넣는 것 보다 훨씬 편하고 좋습니다,5,1
dark***,2023-09-13T22:02:02.137+00:00,상품선택: 러닝벨트 / 색상: 블랙 / 사이즈: L,잘받았습니다 좋네요,5,1
hwan***,2023-09-08T11:48:26.136+00:00,상품선택: 러닝벨트 / 색상: 형광 / 사이즈: M,사이즈 잘 맞고 착용감 좋습니다,5,2
hwan***,2023-09-08T11:48:06.196+00:00,상품선택: 러닝벨트 / 색상: 형광 / 사이즈: S,사이즈 잘 맞고 착용감 좋습니다,5,1
mulk******,2023-09-03T14:52:20.491+00:00,상품선택: 러닝벨트 / 색상: 블랙 / 사이즈: S,"이걸 왜 이제야 샀을까요ㅠ
워치도 없어서 매번 손에 쥐고 경보를 했었는데ㅠ 과거의 제가 너무 후회됩니다
짱짱해서 허리에 잘 고정되어 있고요, 핸드폰도 아주 잘 들어가요. 에어팟 넣는데도 큰 무리는 없어 보입니다.
많이 파세요!",5,1
kd****,2023-09-09T11:13:09.458+00:00,상품선택: 러닝벨트 / 색상: 블랙 / 사이즈: S,받자마자 착용해봤는데 신축성이 있어착용이 편하네요,5,1
sumi*****,2023-09-24T14:15:46.425+00:00,상품선택: 러닝벨트 / 색상: 블랙 / 사이즈: S,러닝할때 꼭 필요한거 같아요. 가격대비 잘 나온거 같아요,5,1
jong******,2023-09-07T22:20:19.725+00:00,상품선택: 러닝벨트 / 색상: 블랙 / 사이즈: M,"빠른 배송, 달리기 할 때 완벽한 편안함과 착용감",5,1
w0****,2023-09-09T16:32:31.058+00:00,상품선택: 러닝벨트 / 색상: 블랙 / 사이즈: L,목요일 주문하고 토요일에 받았습니다.,5,1
imoo****,2023-08-17T23:41:18.314+00:00,상품선택: 러닝벨트 / 색상: 형광 / 사이즈: M,쫀쫀하고 좋음.. 방수가 안돼 땀에 젓으면 휴대폰이 눌리는 경우 발생.. 그외 대만족.. 특히 사은품의 헤어밴드.. 성능 대박.. 아대도 땀닦기 적당하고.. 구매 완전만족..,5,1
sisi****,2023-09-25T14:29:07.934+00:00,상품선택: 러닝벨트 / 색상: 블랙 / 사이즈: M,"매우만족하며쓰는중
두번째구입",5,1
baef******,2023-10-04T06:59:04.577+00:00,상품선택: 러닝벨트 / 색상: 블랙 / 사이즈: L,좋은 것 같아요 ㅎㅎㅎ,5,1
ac****,2023-09-06T13:44:23.006+00:00,상품선택: 러닝벨트 / 색상: 블랙 / 사이즈: L,허리에 차 보았는데 짱짱하고 좋네요,5,1
runn*****,2023-08-18T04:58:36.784+00:00,상품선택: 러닝벨트 / 색상: 블랙 / 사이즈: M,"착용감 좋고, 흘러내리지 않으며, 핸드폰 넣고 뛰어도 불편함이 전혀 없네요. 32인치 허리에 M사이즈 딱입니다. 추천!",5,1
5b****,2023-09-22T01:55:12.288+00:00,상품선택: 러닝벨트 / 색상: 블랙 / 사이즈: M,쓸만합니다. 이래저래 잘쓰고있습니다.,4,1
wooj******,2023-08-21T05:51:52.251+00:00,상품선택: 러닝벨트 / 색상: 블랙 / 사이즈: L,"착용이 편하고. 간편해서 좋습니다
사용하는 핸드폰이 갤럭시 23울트라인데
주머니 넣을때 조금 작습니다
집어넣을때 재봉선이 찢어질것 같아요",4,1
kimd******,2023-10-02T07:19:34.923+00:00,상품선택: 러닝벨트 / 색상: 블랙 / 사이즈: S,생각버다 커요 ㅋㅋ ㅠ,4,1
yu****,2023-09-24T04:22:51.074+00:00,상품선택: 러닝벨트 / 색상: 블랙 / 사이즈: M,몸에 착붙고 달릴때 너무 좋네요~^^,5,1
as****,2023-09-25T06:48:07.377+00:00,상품선택: 러닝벨트 / 색상: 블랙 / 사이즈: M,러닝할때 사용하니 편하고 좋습니다.,5,1
nnal****,2023-09-23T06:09:15.996+00:00,상품선택: 러닝벨트 / 색상: 형광 / 사이즈: M,확실히 암밴드보다 몇배는 편하고 좋네요,5,1
re****,2023-08-28T22:13:47.956+00:00,상품선택: 러닝벨트 / 색상: 블랙 / 사이즈: S,배송도 빠르고.제품도 마음에 들어요,5,1
hw****,2023-09-15T01:14:00.953+00:00,상품선택: 러닝벨트 / 색상: 블랙 / 사이즈: S,아직 뛰어보진 않았어요. 착용감은 괜찮습니다.,4,1
gusw******,2023-10-04T12:39:18.512+00:00,상품선택: 러닝벨트 / 색상: 블랙 / 사이즈: M,좋아요 좋아요 좋아요 좋아요 좋아요 좋아요 좋아요 좋아요 좋아요 좋아요,5,1
inpo********,2023-09-13T08:01:48.039+00:00,상품선택: 러닝벨트 / 색상: 블랙 / 사이즈: S,쫀쫀하고괜찮네요! 근데 핸드폰 넣기엔 약간 빡빡,4,1
choc*****,2023-08-31T14:26:37.802+00:00,상품선택: 러닝벨트 / 색상: 블랙 / 사이즈: S,러닝하려고 샀는데 만족해요.,5,1
mbfl****,2023-08-10T01:59:39.081+00:00,상품선택: 러닝벨트 / 색상: 블랙 / 사이즈: S,좋아요~ 형광색 쓰다가 넘 좋아서 친구도 구매해줬어요~ 검정색도 괜찮네요 잘 쓸게요! 감사합니다^^,5,1
tuni*******,2023-10-23T07:02:04.566+00:00,상품선택: 러닝벨트 / 색상: 형광 / 사이즈: M,21312312312312312,5,1
re****,2023-09-10T13:07:15.112+00:00,상품선택: 러닝벨트 / 색상: 블랙 / 사이즈: M,운동용으로 쓰려고 샀는데 아이 데리고 놀이터 갈 때 쓰고 있습니다;; 너무 편해요;;,5,1
cute****,2023-08-25T10:47:18.996+00:00,상품선택: 러닝벨트 / 색상: 블루 / 사이즈: M,몸에 핏하게 맞습니다 핸드폰이 많이 무거운편이면 좀 덜렁거릴거 같긴해요,5,2
cute****,2023-08-25T10:46:58.387+00:00,상품선택: 러닝벨트 / 색상: 블랙 / 사이즈: S,몸에 핏하게 맞습니다 핸드폰이 많이 무거운편이면 좀 덜렁거릴거 같긴해요,5,1
wa****,2023-10-10T21:56:17.639+00:00,상품선택: 러닝벨트 / 색상: 형광 / 사이즈: L,좋아요 좋아요 좋어요,5,1
y-****,2023-09-18T00:09:41.394+00:00,상품선택: 러닝벨트 / 색상: 블랙 / 사이즈: M,남자고 몸무게 70kg 정도 되는데 M사이즈가 딱 맞는거 같네요,5,1
2wjd****,2023-09-18T01:51:39.134+00:00,상품선택: 러닝벨트 / 색상: 블랙 / 사이즈: S,아직 안뛰어봤는데 좋은것 같아요!!,5,1
gogo***,2023-09-02T10:55:13.355+00:00,상품선택: 러닝벨트 / 색상: 블랙 / 사이즈: M,쫀쫀하니 잘맞습니다,5,1
sj****,2023-09-19T03:08:21.676+00:00,상품선택: 러닝벨트 / 색상: 블랙 / 사이즈: M,배송 빠르고 두손이 자유로워서 좋네요,5,1
yang****,2023-09-19T00:01:02.702+00:00,상품선택: 러닝벨트 / 색상: 블랙 / 사이즈: L,운동시 땀이 이마로 흐르지 않아요,5,1
won2*****,2023-09-12T23:17:29.279+00:00,상품선택: 러닝벨트 / 색상: 블랙 / 사이즈: M,너무 편하고 손에 핸드폰이나 물병을 들지 않아 너무 좋습니다.,5,1
gina*****,2023-08-10T01:54:51.956+00:00,상품선택: 러닝벨트 / 색상: 블랙 / 사이즈: S,한달 후기입니다. 팔에 차는 것보다 훨씬 편합니다. 나중에 또 구입하려고요. 감사합니다.,5,1
rkxp***,2023-08-13T01:24:11.840+00:00,상품선택: 러닝벨트 / 색상: 블랙 / 사이즈: M,가성비 최고네요 허리밑으로 안내려가고 노트8도 잘들어가서 좋아요,5,1
kr07***,2023-09-15T03:36:08.592+00:00,상품선택: 러닝벨트 / 색상: 형광 / 사이즈: L,다시 구매했지만 역시 좋아요,5,1
9960***,2023-08-20T03:15:00.745+00:00,상품선택: 러닝벨트 / 색상: 블랙 / 사이즈: S,핸드폰 안들고 뛰니까 넘 편해요~ 몸에도 편안하고 좋네요~,4,1
dydg******,2023-09-16T03:25:31.037+00:00,상품선택: 러닝벨트 / 색상: 블랙 / 사이즈: M,배송 빨리왔고 착용해보니 좋네요!,5,1
sjlo*****,2023-09-08T07:19:07.088+00:00,상품선택: 러닝벨트 / 색상: 블랙 / 사이즈: S,러닝 할때 핸드폰이 늘 골치였는데 이걸로 넣고 뛰었더니 전혀 거부감 없고 좋았습니다.,5,2
sjlo*****,2023-09-08T07:19:00.495+00:00,상품선택: 러닝벨트 / 색상: 블랙 / 사이즈: M,러닝 할때 핸드폰이 늘 골치였는데 이걸로 넣고 뛰었더니 전혀 거부감 없고 좋았습니다.,5,1
ak****,2023-09-14T09:00:31.626+00:00,상품선택: 러닝벨트 / 색상: 형광 / 사이즈: L,딱 제가 원하던 제품이에요,5,1
lora****,2023-09-15T06:26:49.617+00:00,상품선택: 러닝벨트 / 색상: 블랙 / 사이즈: M,빠른 배송 좋은 상품 굳,5,1
mbfl****,2023-08-03T12:13:59.168+00:00,상품선택: 러닝벨트 / 색상: 형광 / 사이즈: S,최근에 런닝시작햇는데 핸드폰 들고 뛰기가 너무 귀찮아서 하나 장만햇어요 ㅎㅎ 아직까지는 좋아요 늘어나지 않길 바라고 있어요 ㅎㅎ 감사합니다^^,5,1
leek*****,2023-09-15T00:16:00.863+00:00,상품선택: 러닝벨트 / 색상: 블랙 / 사이즈: M,노트20 울트라 기준 넣고 빼기 힘듭니다,5,1
circ***,2023-08-09T09:39:37.458+00:00,상품선택: 러닝벨트 / 색상: 블랙 / 사이즈: S,배송빠르고 운동할때 정말편해요. 너무 세지도 않고 약하지도않고 폰넣고 달려도 움직임없이 정말 좋아요,5,1
dj****,2023-08-12T05:02:23.444+00:00,상품선택: 러닝벨트 / 색상: 형광 / 사이즈: M,"일단 빠른배송 만족합니다
사용은 아직안해봤지만 착용 괜찮습니다
가격대비 성능은 어떨지&hellip;
 한달써보고 후기올릴게요~",5,1
mylo*****,2023-08-25T10:36:15.908+00:00,상품선택: 러닝벨트 / 색상: 블랙 / 사이즈: L,짱짱해서 안흘러 내릴것 같아요!,5,1
only*****,2023-09-13T07:04:00.690+00:00,상품선택: 러닝벨트 / 색상: 블루 / 사이즈: S,부드럽고 수납도 좋아요,5,1
west******,2023-09-01T06:50:39.181+00:00,상품선택: 러닝벨트 / 색상: 블랙 / 사이즈: S,"러닝 10년차/ 주3~4회 입니다.
암밴드형, 허리밸트형 여러가지를 써봤지만 이거만한 제품이 없습니다.
기존 사용하던 제품이 장기간(7년)정도 사용하니 탄력이 줄어서 재구매합니다.",5,1
gg****,2023-09-07T14:05:42.183+00:00,상품선택: 러닝벨트 / 색상: 블랙 / 사이즈: L,헤어밴드가 가늘고 가벼워서 땀만 막아주고 달리는데 전혀 답답함이 없어요.,5,1
lshg****,2023-09-15T00:38:58.174+00:00,상품선택: 러닝벨트 / 색상: 형광 / 사이즈: M,제일 편합니다 무료배송 굿,5,1
full****,2023-08-26T02:22:00.855+00:00,상품선택: 러닝벨트 / 색상: 블랙 / 사이즈: L,편하게 이용 가능합니다,5,1
wooj******,2023-08-21T05:52:31.694+00:00,상품선택: 러닝벨트 / 색상: 형광 / 사이즈: S,색상이 이쁘고 머리띠도 좋습니다,4,1
flyu*****,2023-09-01T04:03:45.578+00:00,상품선택: 러닝벨트 / 색상: 블랙 / 사이즈: M,처음에 하나사고 너무 좋아서 추가로 삽니다. 쫀쫀하고 덜렁거리지 않아 최고예요.,5,1
suny***,2023-08-18T21:45:05.898+00:00,상품선택: 러닝벨트 / 색상: 블랙 / 사이즈: S,잘받았어요~아직 사용전이지만 잘 쓸꺼같아요,5,1
pian*****,2023-09-06T23:02:24.519+00:00,상품선택: 러닝벨트 / 색상: 형광 / 사이즈: M,"물건이 빠지려고 하는 경우도 있지만, 대체로 만족해요",4,1
pres*******,2023-09-06T06:19:07.521+00:00,상품선택: 러닝벨트 / 색상: 블랙 / 사이즈: M,가성비 좋아요. 또 구매할께요.,5,1
furn***,2023-08-23T06:49:25.989+00:00,상품선택: 러닝벨트 / 색상: 블랙 / 사이즈: L,빠른 배송 감사합니다,4,1
mj****,2023-08-30T00:09:23.867+00:00,상품선택: 러닝벨트 / 색상: 블랙 / 사이즈: S,런닝할때 필수네요 암밴드 사려다가 이거 보고 샀는데 너무 편하고 좋아요!! 강추,5,1
stor*****,2023-10-13T04:38:04.984+00:00,상품선택: 러닝벨트 / 색상: 블랙 / 사이즈: L,.................................................................,1,1
shc3***,2023-09-10T05:50:13.397+00:00,상품선택: 러닝벨트 / 색상: 블랙 / 사이즈: M,사용하기 편리하고 신축성도 뛰어나네요,5,1
sgaa***,2023-09-02T14:07:52.912+00:00,상품선택: 러닝벨트 / 색상: 블랙 / 사이즈: L,좋아요~~~~~^^,5,1
whru*****,2023-09-10T10:09:20.256+00:00,상품선택: 러닝벨트 / 색상: 형광 / 사이즈: M,잘 사용힐게요 감사합니다,5,1
kl****,2023-08-05T03:33:14.281+00:00,상품선택: 러닝벨트 / 색상: 블랙 / 사이즈: L,대박 완전 좋아요 잘늘어나고 달릴때 너무 편해요 최고에요 무조건 구매 하세요,5,1
jong****,2023-08-31T03:18:13.014+00:00,상품선택: 러닝벨트 / 색상: 블랙 / 사이즈: M,배송 지연없이 잘 받았네요  s22울트라도 쏙 잘 들어감니다 번창하세요,4,1
zi****,2023-09-08T13:51:16.196+00:00,상품선택: 러닝벨트 / 색상: 블랙 / 사이즈: L,사이즈만 잘 선택하면 정말 편하게 잘 사용할거 같아요,5,1
mand****,2023-08-06T00:42:48.382+00:00,상품선택: 러닝벨트 / 색상: 형광 / 사이즈: M,주머니 없는 바지 입을때 착용하면 아주 편합니다. 수납한 물건들도 크게 덜렁거림없이 런닝이 가능합니다.,5,1
dram*****,2023-08-26T00:03:59.803+00:00,상품선택: 러닝벨트 / 색상: 블랙 / 사이즈: L,가격이 저렴해서...,3,1
lg****,2023-08-18T03:57:56.518+00:00,상품선택: 러닝벨트 / 색상: 블랙 / 사이즈: M,가성비좋게 잘사용하고있습니다,5,1
cksd****,2023-09-07T23:56:05.344+00:00,상품선택: 러닝벨트 / 색상: 형광 / 사이즈: M,운동할때 최고입니다.,5,1
sjs6***,2023-09-07T09:25:09.745+00:00,상품선택: 러닝벨트 / 색상: 블랙 / 사이즈: M,런닝시 핸드폰 수납용으로 강추,5,1
tomb****,2023-09-09T12:58:22.646+00:00,상품선택: 러닝벨트 / 색상: 블랙 / 사이즈: S,안흔들리고 좋습니다,5,1
sain******,2023-08-14T10:06:49.524+00:00,상품선택: 러닝벨트 / 색상: 블랙 / 사이즈: L,주머니 없는 운동복 입고 뛰러갈때 엄청 편해요,5,1
kh01****,2023-08-21T04:44:53.109+00:00,상품선택: 러닝벨트 / 색상: 블랙 / 사이즈: L,"사이즈를 라지로했는데 미디움사이즈로했으면 더 좋았을거같아요ㅠㅠ
제품은 훌륭합니다!!!",5,1
nefe***,2023-08-25T07:11:18.757+00:00,상품선택: 러닝벨트 / 색상: 블랙 / 사이즈: L,가볍고 착용감 좋습니다. 차키랑 핸드폰 넣어 쓰기 딱입니다.,5,1
gasa****,2023-09-07T09:23:33.439+00:00,상품선택: 러닝벨트 / 색상: 블랙 / 사이즈: L,생각보다 그냥그럼..,4,1
hank*****,2023-08-13T02:11:47.583+00:00,상품선택: 러닝벨트 / 색상: 형광 / 사이즈: M,뛸 때 핸드폰 빠질까 조마조마하는데 아직 빠진적 없음,5,1
7434***,2023-09-01T07:16:22.163+00:00,상품선택: 러닝벨트 / 색상: 형광 / 사이즈: M,총알베송 사용해보니 핸드폰 신경쓸 일 없어요 짱짱해요,5,1
yang********,2023-08-21T23:47:37.775+00:00,상품선택: 러닝벨트 / 색상: 블랙 / 사이즈: M,손이 편해서 너무 좋아요. 잘만 조절하면 벨트를 차고 있는줄도 모르겠어요.,5,1
stor*****,2023-08-10T05:34:56.142+00:00,상품선택: 러닝벨트 / 색상: 블랙 / 사이즈: L,"물건 넣는곳이 지퍼나 똑딱이 형태였다면 100점인데
그게 좀 아숩네요~",4,1
dudn*****,2023-07-29T13:22:15.775+00:00,상품선택: 러닝벨트 / 색상: 블루 / 사이즈: S,색상을 잘못 선택하긴했는데 만족스러움. 재구매의사 있음,5,1
engi******,2023-08-28T00:54:22.335+00:00,상품선택: 러닝벨트 / 색상: 블랙 / 사이즈: L,신랑것도 하나 더 샀네요 저렴하고 편해요,5,1
ohjy****,2023-08-31T02:12:07.414+00:00,상품선택: 러닝벨트 / 색상: 블랙 / 사이즈: S,뛸때 살려고 했는데 좋아요,5,1
jych***,2023-08-18T08:59:02.000+00:00,상품선택: 러닝벨트 / 색상: 블랙 / 사이즈: M,"착 달라붙는게 너무 좋아요.
걸리적거리는것도 없고 만족스러워요",5,1
tsan****,2023-08-09T06:59:58.725+00:00,상품선택: 러닝벨트 / 색상: 형광 / 사이즈: S,색깔 산뜻해서 좋아요. 입고 벗는 방식이라 탈착이 좀 불편합니다. 두께감도 있어서 손빨래해서 짜면 탈수가 잘 안되요. 탄성 좋아서 부피 있는 물건도 수납하기 편리해요.,4,1
jiho******,2023-09-12T04:48:04.565+00:00,상품선택: 러닝벨트 / 색상: 블랙 / 사이즈: M,??????????,5,1
kgs8***,2023-08-29T09:28:33.650+00:00,상품선택: 러닝벨트 / 색상: 블랙 / 사이즈: S,저번에사서 잊어버렸어요  뛰기에 아주좋네요,5,1
10ar*****,2023-08-22T09:14:53.379+00:00,상품선택: 러닝벨트 / 색상: 블랙 / 사이즈: M,편하네요 구멍으로 쏙 빠질까 걱정이지만 잘 사용해 볼깨용,5,1
7434***,2023-09-01T07:16:45.014+00:00,상품선택: 러닝벨트 / 색상: 형광 / 사이즈: L,와이프와 잘 사용하겠습니다,5,1
kc****,2023-08-13T15:37:52.632+00:00,상품선택: 러닝벨트 / 색상: 블랙 / 사이즈: M,잘 받았습니다. 감사해요!,5,1
xodn****,2023-08-08T10:35:49.439+00:00,상품선택: 러닝벨트 / 색상: 블랙 / 사이즈: S,사이즈도 잘맞고 런닝시 편해요^^,5,1
ou****,2023-08-21T05:18:08.258+00:00,상품선택: 러닝벨트 / 색상: 형광 / 사이즈: M,가성비 좋아요 재구매입니다,5,1
supe********,2023-08-12T10:08:25.081+00:00,상품선택: 러닝벨트 / 색상: 블랙 / 사이즈: M,"가볍고 매우 편함. 단점은 1. 탈착이 좀 불편함. 2. 달리기를 하면 살이 빠지는데, 벨트는 늘어남. 3. 한 번 늘어나면 다시 줄일 수 없음.",4,1
fond****,2023-08-02T14:28:03.200+00:00,상품선택: 러닝벨트 / 색상: 블랙 / 사이즈: S,운동할때 핸드폰 안들어도되고 너무 좋네요,5,1
nefe***,2023-08-25T07:11:47.799+00:00,상품선택: 러닝벨트 / 색상: 형광 / 사이즈: L,가볍고 차키랑 핸드폰 넣고 운동하기 딱입니다.,5,1
ljyf****,2023-07-29T06:17:32.516+00:00,상품선택: 러닝벨트 / 색상: 블랙 / 사이즈: M,편해요. 허리에서 안 흔들리게 잘 잡고 있는데 조이지도 않아요.,5,1
nefe***,2023-08-25T07:12:03.116+00:00,상품선택: 러닝벨트 / 색상: 블랙 / 사이즈: M,가볍고 작은 소품 넣고 운동하기 딱입니다.,5,1
ekfv*****,2023-08-27T01:37:16.298+00:00,상품선택: 러닝벨트 / 색상: 블랙 / 사이즈: M,"짱짱해요
추천받아서 샀어요",5,1
unvm***,2023-08-08T00:22:26.417+00:00,상품선택: 러닝벨트 / 색상: 블랙 / 사이즈: S,싸게 잘 산거 같아요,4,1
hans****,2023-08-25T01:28:09.480+00:00,상품선택: 러닝벨트 / 색상: 블랙 / 사이즈: M,잘받았습니다 좋아요,5,2
dhsw*****,2023-08-20T02:53:06.491+00:00,상품선택: 러닝벨트 / 색상: 블랙 / 사이즈: M,주머니에 지퍼가 없어서 아쉽습니다 그래도 탄력있네요,4,1
sjc1***,2023-08-01T13:08:21.447+00:00,상품선택: 러닝벨트 / 색상: 블랙 / 사이즈: L,배송빠르고 편해요 감사합니다,5,1
kcg0***,2023-07-20T07:22:09.432+00:00,상품선택: 러닝벨트 / 색상: 블랙 / 사이즈: L,친구한케 추천 받아서 구매했습니다. 배에 착용하니 무게 부담도 안되서 좋네요.,4,1
ef****,2023-08-13T04:55:01.570+00:00,상품선택: 러닝벨트 / 색상: 블랙 / 사이즈: M,배송빠르구여 싸게잘샀네요 아주조아요 가성비조아요,5,1
snip*****,2023-08-05T02:18:07.702+00:00,상품선택: 러닝벨트 / 색상: 블랙 / 사이즈: M,좋아요 사이즈 딱이네요,5,1
sisi****,2023-08-23T00:53:10.503+00:00,상품선택: 러닝벨트 / 색상: 블랙 / 사이즈: M,맘에 들어 2번째구입입니다,5,1
shc3***,2023-08-20T03:58:17.988+00:00,상품선택: 러닝벨트 / 색상: 블랙 / 사이즈: M,사용하기 편리하고 디자인도 이뻐요,5,1
wlsg***,2023-08-20T01:15:52.516+00:00,상품선택: 러닝벨트 / 색상: 블랙 / 사이즈: M,저렴한데 품질은 좋아요,5,1
yooj***,2023-07-29T08:36:18.702+00:00,상품선택: 러닝벨트 / 색상: 블랙 / 사이즈: M,가격대비 훌륭합니다. 32인치 M사이즈 적당한듯해요,5,1
kwj4***,2023-08-22T10:30:19.448+00:00,상품선택: 러닝벨트 / 색상: 블랙 / 사이즈: S,흔들림없이 최고좋아요!!,5,1
0811***,2023-08-22T01:47:48.056+00:00,상품선택: 러닝벨트 / 색상: 블랙 / 사이즈: S,"뛰기 운동하기 편하네요
흔들리지않고..",5,1
sisi****,2023-08-18T23:03:26.527+00:00,상품선택: 러닝벨트 / 색상: 블랙 / 사이즈: M,가성비좋아서 또구입하려고요,5,1
kc****,2023-07-30T04:02:17.558+00:00,상품선택: 러닝벨트 / 색상: 블랙 / 사이즈: M,쫀쫀하고 배송 겁나 빠르고 포장 깔끔합니다,5,1
kmuv******,2023-08-20T03:00:14.704+00:00,상품선택: 러닝벨트 / 색상: 블랙 / 사이즈: L,빠른 배송에 감사합니다,5,1
kkkk***,2023-07-15T08:36:35.191+00:00,상품선택: 러닝벨트 / 색상: 블랙 / 사이즈: M,"다른 어떤거보다 강추 
흘러내리지 않고 짱짱합",5,1
dbwj*****,2023-07-25T04:33:38.791+00:00,상품선택: 러닝벨트 / 색상: 블랙 / 사이즈: S,"편하고좋네요. 
늘어나지만 않으며뉴 좋겠어요",5,1
week*******,2023-08-20T01:14:39.684+00:00,상품선택: 러닝벨트 / 색상: 블랙 / 사이즈: L,정말 흘러내리지않고 탄탄합니다,5,1
doyu********,2023-08-24T08:57:42.145+00:00,상품선택: 러닝벨트 / 색상: 블랙 / 사이즈: S,핏하니 좋습니다 ㅎㅎ,5,2
doyu********,2023-08-24T08:57:33.378+00:00,상품선택: 러닝벨트 / 색상: 블랙 / 사이즈: M,핏하니 좋습니다 ㅎㅎ,5,1
as****,2023-08-10T23:21:35.020+00:00,상품선택: 러닝벨트 / 색상: 블랙 / 사이즈: M,키 172 체중 63인데 M 사이즈 잘 맞습니다. 흔들림없이 잘 고정되고 폰을 넣고 빼는것도 편하네요,5,1
autu*****,2023-08-20T14:58:30.395+00:00,상품선택: 러닝벨트 / 색상: 블랙 / 사이즈: S,정말 좋네요~!!!,5,1
simg******,2023-07-26T04:55:20.288+00:00,상품선택: 러닝벨트 / 색상: 형광 / 사이즈: M,짱짱해서 오래 쓸것같애여,5,1
5412***,2023-07-12T23:37:46.304+00:00,상품선택: 러닝벨트 / 색상: 블랙 / 사이즈: M,"배송 빠름!
여러가지 수납 가능!
특히 핸드폰!! 손에 들고 뛰지 마세요!",5,1
mr****,2023-07-25T10:39:04.872+00:00,상품선택: 러닝벨트 / 색상: 블랙 / 사이즈: S,편하고 좋아요 ㅎㅎ,5,1
i0****,2023-07-04T11:02:26.010+00:00,상품선택: 러닝벨트 / 색상: 블랙 / 사이즈: M,"한치수 낮게 주문하면 좋을것 같고, 접촉면이 부드러워 착용감도 나쁘진 않겠네요. 다만 여러번 착용하면 다소 늘어날 우려가 있습니다.",4,1
engi******,2023-08-11T06:50:27.908+00:00,상품선택: 러닝벨트 / 색상: 블랙 / 사이즈: S,하나 더 구매해서 잘 쓰고있어요,5,1
hann*****,2023-08-11T01:41:54.403+00:00,상품선택: 러닝벨트 / 색상: 블랙 / 사이즈: S,달릴 때 흔들리지 않아요 좋습니다^^,5,1
won2*****,2023-08-12T05:51:22.583+00:00,상품선택: 러닝벨트 / 색상: 블랙 / 사이즈: M,잘 받았습니다. 많이 파세요.,5,1
pps3*****,2023-08-08T13:10:03.874+00:00,상품선택: 러닝벨트 / 색상: 블랙 / 사이즈: L,177/75인데 꽉 잡아주는 느낌이없어서 조금 아쉽습니다,3,1
doke***,2023-07-20T02:35:42.364+00:00,상품선택: 러닝벨트 / 색상: 블랙 / 사이즈: M,군더더기 없이 깔끔해요!,5,1
306a***,2023-05-31T05:40:48.001+00:00,상품선택: 러닝벨트 / 색상: 블랙 / 사이즈: M,"허리 29인치 남자인데요  'M' 조금 덜 타이트합니다.(골반에 걸쳐서) 참고하세요 

9900원에 무료배송에 이정도면 가성비 좋네요 플립벨트 정품 살려면 2만원후반대 줘야되기도하고 이거 입고 티셔츠로 가려도 별로 티 안나는거같네요 티 밖에 입으면 뭔가 좀 어색할거같아서 걱정했는데
9900원에 이정도면 가성비 좋습니다.

그래도 좀 헐렁한 감이 없지않아 있는데  뛰면 어떻게 될지 모르겠네요

-------
참고로 저는 휴대폰 보급형 쓰는데 요즘 나오는 휴대폰보다 작아서 그럭저럭 꽉 끼게 들어가긴합니다.
이거 착용하고 몇번 뛰어봤는데 꽤 괜찮네요 배를 치긴해도 만원에 이정도면 좋습니다, 비싼돈 들여서 워치 살필요 없어서 좋음",5,1
howa*********,2023-07-29T06:19:01.252+00:00,상품선택: 러닝벨트 / 색상: 블랙 / 사이즈: S,운동할 때 정말 유용하게 쓰고 있어요. 한 사이즈 작게 구매 추천합니다,5,1
west******,2023-08-02T00:48:42.126+00:00,상품선택: 러닝벨트 / 색상: 블랙 / 사이즈: S,짱짱하니 좋습니다. 세탁해도 쉽게 늘어나지않고 탄력유지가 오래 되면 좋겠어요.,5,1
anne****,2023-07-27T02:48:15.446+00:00,상품선택: 러닝벨트 / 색상: 블랙 / 사이즈: S,처음에는 보고 휴대폰이 들어갈까 생각했는데 잘 늘어나고 착용했을때도 안정감있고 너무 좋네용!!,5,1
os****,2023-08-09T13:38:30.525+00:00,상품선택: 러닝벨트 / 색상: 블랙 / 사이즈: M,자전거 저자 안입어도 되요 ㅎ,5,1
baby***,2023-07-14T06:33:25.849+00:00,상품선택: 러닝벨트 / 색상: 형광 / 사이즈: S,빨리 잘 왔습니다~ 얼른 사용해보고싶내요,5,1
ty****,2023-06-28T06:36:21.124+00:00,상품선택: 러닝벨트 / 색상: 블랙 / 사이즈: M,가방처럼 된 러닝벨트는 바깥에 보여서 이 제품으로 구매했는데 티 안에 넣어도 티 안나서 좋아요 여름동안 잘 쓸게요!,4,1
0193******,2023-07-27T04:20:15.646+00:00,상품선택: 러닝벨트 / 색상: 블루 / 사이즈: M,"차고 러닝 여러번 해봤는데 만족함.
좀 늘어나긴 함 사용할수록",5,1
yang****,2023-08-07T07:50:37.165+00:00,상품선택: 러닝벨트 / 색상: 블랙 / 사이즈: L,가성비가 우수합니다.,5,1
dmft*****,2023-08-06T08:59:03.222+00:00,상품선택: 러닝벨트 / 색상: 블랙 / 사이즈: S,흔들림 없이 편하게 뛸수 있네요,5,1
dala******,2023-08-03T16:42:29.841+00:00,상품선택: 러닝벨트 / 색상: 블랙 / 사이즈: M,제품 짱짱하고 마음에 듭니다.,4,2
dala******,2023-08-03T16:42:16.356+00:00,상품선택: 러닝벨트 / 색상: 블랙 / 사이즈: S,제품 짱짱하고 마음에 듭니다.,4,1
soaj*******,2023-07-13T08:59:49.894+00:00,상품선택: 러닝벨트 / 색상: 블랙 / 사이즈: M,달릴때마다 핸드폰 넣고 잘 쓰고 있습니다,5,1
0503*****,2023-07-07T03:25:53.961+00:00,상품선택: 러닝벨트 / 색상: 블랙 / 사이즈: S,지퍼가 아니라 소지품들이 안 떨어질 지는 모르겠지만 지금으로서는 만족합니다,5,1
cho9*****,2023-08-01T03:13:25.141+00:00,상품선택: 러닝벨트 / 색상: 블랙 / 사이즈: M,무난해서 사용하기 나쁘지않아요,5,1
eric****,2023-08-06T01:30:13.867+00:00,상품선택: 러닝벨트 / 색상: 블랙 / 사이즈: S,배송빠르고 조으네요,5,1
mail******,2023-07-13T20:46:01.534+00:00,상품선택: 러닝벨트 / 색상: 블랙 / 사이즈: L,빠른 배송 감사합니다,4,1
whru*****,2023-08-04T03:58:30.813+00:00,상품선택: 러닝벨트 / 색상: 형광 / 사이즈: M,"잘시용 할게여 미음에
들어요",5,1
jaey*******,2023-07-16T04:41:28.547+00:00,상품선택: 러닝벨트 / 색상: 블랙 / 사이즈: S,벨트가 고정되지 않아서 러닝하는데 계속 위아래로 움직입니다ㅠㅠ 옷 주머니에서 핸드폰 덜렁거리는게 싫어서 산건데 해결되지 않았어요..ㅠ,3,1
hank*****,2023-07-06T16:42:28.365+00:00,상품선택: 러닝벨트 / 색상: 블루 / 사이즈: M,아주 편해요 가방 없이 러닝 쌉가능,5,1
xncj***,2023-07-30T12:27:30.392+00:00,상품선택: 러닝벨트 / 색상: 블랙 / 사이즈: S,배송빠르고 만족스러워요,4,1
b2am****,2023-07-28T04:29:01.210+00:00,상품선택: 러닝벨트 / 색상: 블랙 / 사이즈: M,착용감 좋습니다. 잘 차고 운동중입니다,5,1
ab02****,2023-07-16T02:59:24.585+00:00,상품선택: 러닝벨트 / 색상: 블랙 / 사이즈: M,"착용해봤는데 잘맞아요
아이폰14프로 쓰는데 잘들어가고요
장마그치면 얼른 조깅이든 등산이든 가고싶네요",5,1
leet*****,2023-08-01T08:32:13.347+00:00,상품선택: 러닝벨트 / 색상: 블랙 / 사이즈: S,흔들리지 않아서 좋습니다,5,1
mobu********,2023-07-26T07:26:12.815+00:00,상품선택: 러닝벨트 / 색상: 블랙 / 사이즈: M,"좋은제품이에요. 
끈으로 된 제품보다는 튼튼하게 물건도 많이 들어가요.",5,1
dehy****,2023-07-13T03:57:39.496+00:00,상품선택: 러닝벨트 / 색상: 블랙 / 사이즈: M,잘 사용하고 있습니다.,5,2
306a***,2023-07-13T13:25:40.481+00:00,상품선택: 러닝벨트 / 색상: 블랙 / 사이즈: M,"잘쓰고있습니다, 아무리 품질이 조금 그래도 없는것보다는 낫습니다.
오른손에 휴대폰 들고 뛸때보다 좌우 밸런스 맞추는거에 집중도되고, 달리기 리듬,박자에 온전히 집중할수있어서 좋습니다.",5,1
anql******,2023-06-21T13:28:31.607+00:00,상품선택: 러닝벨트 / 색상: 블랙 / 사이즈: M,"열고닫는거없이 두 다리 다 넣어야하네요 ㅎ
오늘 착용해봤는데 편하네요~
대신 폰케이스는 빼고 (그립톡이있어서 ㅋ)폰만 넣고 달렸습니당",5,1
gkpa******,2023-07-14T14:43:08.422+00:00,상품선택: 러닝벨트 / 색상: 블랙 / 사이즈: S,"런닝을 위해 구매했는데 어쩜 이렇게 좋아요.
최고에요. 사세요~",5,1
sa****,2023-07-27T16:54:05.959+00:00,상품선택: 러닝벨트 / 색상: 블랙 / 사이즈: M,원하는 목적 대로 잘 쓸수 있을거 같네요,5,1
owsj*****,2023-06-12T07:04:27.570+00:00,상품선택: 러닝벨트 / 색상: 블랙 / 사이즈: L,생각보다 두께감이 있어서 여름에 쓰기에는 좀 덥고 땀이 많이 차네요. 땀이 많이 배는 소재인데 통기성이 좋지는 않은듯? 사이즈는 딱 핸드폰이랑 카드지갑정도 들어갈 크기. 이 가격에 많은 욕심 부리면 안되겠지만 딱 가격 만큼의 물건인듯 합니다.,4,1
7832***,2023-06-28T05:09:59.907+00:00,상품선택: 러닝벨트 / 색상: 블랙 / 사이즈: L,런닝할태 핸드폰 들고 뛰니깐 불편해서 주문. 허리에 핸드폰 차고  뛰는데 불편함 없이 좋아요..추천,5,1
aron****,2023-07-25T12:20:22.457+00:00,상품선택: 러닝벨트 / 색상: 블랙 / 사이즈: M,진짜 고정 잘되고 티안나고 편해요!,5,1
gymy****,2023-07-30T03:54:59.781+00:00,상품선택: 러닝벨트 / 색상: 블랙 / 사이즈: M,흘러내리지 않고 좋습니다.,5,1
clov****,2023-07-25T01:19:14.885+00:00,상품선택: 러닝벨트 / 색상: 블랙 / 사이즈: M,짱짱해서 소지품 넣고 뛰어도 흔들림 없어 좋습니다,5,1
tedd****,2023-07-04T07:07:15.772+00:00,상품선택: 러닝벨트 / 색상: 블랙 / 사이즈: M,암웨어는 더 불편한거같아서 허리에 차는걸로 사봤어요 ㅎㅎ,5,1
sdj4***,2023-07-25T11:58:54.637+00:00,상품선택: 러닝벨트 / 색상: 블랙 / 사이즈: M,러닝하기 딱 좋은 아이템이네요.,5,1
wise*******,2023-06-20T09:48:29.066+00:00,상품선택: 러닝벨트 / 색상: 블랙 / 사이즈: S,"사진을 찍으려다보니 착샷이 어렵네요^^;;
착용해보니 플립도 들어가고 편하게 착용할 수 있을거 같아요. 고리도 있어서 유선 이어폰 분실방지 될거 같아요",5,1
wooc****,2023-07-04T06:00:45.666+00:00,상품선택: 러닝벨트 / 색상: 블랙 / 사이즈: L,골반에 걸치니 사이즈 괜찮네요.,5,1
hshc***,2023-07-12T08:00:44.968+00:00,상품선택: 러닝벨트 / 색상: 블랙 / 사이즈: S,"운동하느라 새벽산행 다니는데 너무 편해요
손도 자유롭고 수납도 꽤 되어서 저렴한값에 잘 산것같애요",5,1
si****,2023-07-06T01:48:43.093+00:00,상품선택: 러닝벨트 / 색상: 블랙 / 사이즈: M,잘 도착했어요 허리 32인데 M이 맞는거 같아요,5,1
gd****,2023-07-25T04:32:43.931+00:00,상품선택: 러닝벨트 / 색상: 블랙 / 사이즈: M,배송빠르고 만족합니다,5,1
jeon****,2023-07-06T12:02:06.273+00:00,상품선택: 러닝벨트 / 색상: 블랙 / 사이즈: M,편하고 너무 좋네요~,5,1
wind****,2023-06-28T03:58:39.125+00:00,상품선택: 러닝벨트 / 색상: 블랙 / 사이즈: M,"편하고 좋아요
런닝할때 좋을듯",5,1
jdh3***,2023-07-21T08:36:23.958+00:00,상품선택: 러닝벨트 / 색상: 블랙 / 사이즈: S,짱짱해요~ 흔들리지 않아서 좋아요^^,5,1
jong****,2023-07-26T09:45:15.668+00:00,상품선택: 러닝벨트 / 색상: 블랙 / 사이즈: M,운동시 고정 잘되고 좋습니다,5,1
ggor****,2023-07-02T06:45:58.626+00:00,상품선택: 러닝벨트 / 색상: 블랙 / 사이즈: M,폰넣고 달리는데 흔들리지도 않고 편합니다,5,1
lejc****,2023-07-23T07:57:28.486+00:00,상품선택: 러닝벨트 / 색상: 블랙 / 사이즈: S,나쁘지않고 좋습니다,5,1
sm62*****,2023-06-21T22:56:32.296+00:00,상품선택: 러닝벨트 / 색상: 블랙 / 사이즈: M,착용감 굿이에요~^^,5,1
engi******,2023-07-17T06:27:16.354+00:00,상품선택: 러닝벨트 / 색상: 블랙 / 사이즈: S,"살짝 말리긴 하지만, 핸드폰 넣으면 괜찮습니다. 손이 가벼워져서 좋습니다",4,1
jooh*******,2023-07-04T08:53:18.232+00:00,상품선택: 러닝벨트 / 색상: 블랙 / 사이즈: M,빠른배송좋아요...,5,1
cupd***,2023-07-19T19:08:15.462+00:00,상품선택: 러닝벨트 / 색상: 형광 / 사이즈: L,운동하고싶게 만드는 스타일리쉬한 편안함!,5,1
l7****,2023-06-28T12:40:36.845+00:00,상품선택: 러닝벨트 / 색상: 블랙 / 사이즈: S,만족합니다.추천합니다,5,1
jsj2****,2023-07-20T07:23:29.058+00:00,상품선택: 러닝벨트 / 색상: 블랙 / 사이즈: S,편하고 좋습니다 달릴때 편해요,5,1
ksj9*****,2023-07-17T13:42:19.353+00:00,상품선택: 러닝벨트 / 색상: 형광 / 사이즈: M,배달도 빠르고 가성비 좋아요,5,1
hsan******,2023-06-17T13:53:09.930+00:00,상품선택: 러닝벨트 / 색상: 블랙 / 사이즈: S,"허리에 딱 맞아서 안정감 있고 좋네요.
운동할 때 편할 것 같아요.",5,1
yang********,2023-07-09T16:18:11.488+00:00,상품선택: 러닝벨트 / 색상: 블랙 / 사이즈: M,"러닝때마다 핸드폰을 들고다녔는데, 런닝벨트 사용하고 나서 손도 너무 편하고 차고 있는 줄도 모르겠어요",5,1
tr****,2023-07-04T06:00:40.834+00:00,상품선택: 러닝벨트 / 색상: 블루 / 사이즈: M,지난번에 라지로 샀다가  M사이즈로 하나 더 샀어요. M사이즈가 타이트하긴한대 핸드폰을 더 잘 잡아줘서 오히려 맞는거 같네요,5,1
dltj****,2023-06-21T01:06:38.324+00:00,상품선택: 러닝벨트 / 색상: 블랙 / 사이즈: M,배송도 빠르고 가격도 싸서 아직 많이 안 써봤지만 이미 만족합니다,5,1
han8********,2023-07-12T09:54:01.472+00:00,상품선택: 러닝벨트 / 색상: 블랙 / 사이즈: S,운동할때 쓸려고 샀어여! 잘 쓸게영,5,1
shki*****,2023-07-09T15:27:09.982+00:00,상품선택: 러닝벨트 / 색상: 블루 / 사이즈: M,좋아요 34입는데 흔들리는거 싫어서M사이즈 구입했는데 따이트하게 딱맞아요,4,1
juli****,2023-07-13T14:12:19.455+00:00,상품선택: 러닝벨트 / 색상: 블랙 / 사이즈: S,좋아요 좋아요 좋아요,5,3
pepp********,2023-07-19T04:04:23.044+00:00,상품선택: 러닝벨트 / 색상: 블랙 / 사이즈: M,괜찮게 쓰고 있습니다.,5,1
dbtl*******,2023-06-22T04:45:40.452+00:00,상품선택: 러닝벨트 / 색상: 블랙 / 사이즈: S,러닝할때 휴대폰이 항상 거슬렸는데 해결됐어요,5,1
ydgp***,2023-07-04T01:34:02.942+00:00,상품선택: 러닝벨트 / 색상: 블랙 / 사이즈: S,"만족스럽네요
무료배송이라 너무 좋네요",5,1
pklo****,2023-06-18T23:22:54.179+00:00,상품선택: 러닝벨트 / 색상: 블랙 / 사이즈: M,잘 사용하고 있어요. 로고가 떨어지긴 하네요(?),5,1
slee********,2023-06-15T07:00:42.380+00:00,상품선택: 러닝벨트 / 색상: 블랙 / 사이즈: M,"착용해보니, 제트플립도 들어가도라구요.
좋아요!!!",5,1
pi****,2023-08-04T04:58:20.757+00:00,상품선택: 러닝벨트 / 색상: 블랙 / 사이즈: M,좋아요ㅋㅋ좋아요ㅋㅋ,5,1
er****,2023-06-22T07:10:31.691+00:00,상품선택: 러닝벨트 / 색상: 블랙 / 사이즈: M,"러닝할때 매우 유용할듯, 바지32인데 m 딱맞음",5,1
ja****,2023-06-09T08:47:50.518+00:00,상품선택: 러닝벨트 / 색상: 블랙 / 사이즈: M,"몇년전부터 사용중
낡아서 재구매 합니다
편리하고 저렴하고 좋습니다^^",5,1
appl*****,2023-06-08T12:14:40.231+00:00,상품선택: 러닝벨트 / 색상: 블랙 / 사이즈: S,핸드폰이 플립인데 여유있게 잘 들어가네요. 맨날 폰 손에 들고 뛰었는데 신세계네요ㅠㅠ 넘 편해요,5,1
ce****,2023-06-10T03:25:02.429+00:00,상품선택: 러닝벨트 / 색상: 블랙 / 사이즈: M,"허리 32~33정도 남성인데 M사이즈 잘 맞네요
무료배송에 가성비 최고네요",5,1
dina****,2023-06-18T09:33:17.004+00:00,상품선택: 러닝벨트 / 색상: 블랙 / 사이즈: M,러닝할때 마라톤 뛸때 잘 쓰고 있습니다,5,1
perr***,2023-06-19T01:45:52.357+00:00,상품선택: 러닝벨트 / 색상: 블랙 / 사이즈: M,"배송 빠르고, 상품도 좋아요.  여름이라 땀차는건 어쩔 수 없지만 휴대폰이면 주머니에 넣지 않아도 되니까 너무 좋습니다.",5,1
choo****,2023-06-18T10:07:55.986+00:00,상품선택: 러닝벨트 / 색상: 블랙 / 사이즈: M,아직 집에서만 착용해봤는데 잘 맞네요,5,1
jhkw******,2023-06-11T05:55:47.022+00:00,상품선택: 러닝벨트 / 색상: 블랙 / 사이즈: S,55반정도 되는데 s 딱입니다. 흘러내릴 걱정 왜했나 몰라요..,5,1
jiin******,2023-06-18T08:13:06.576+00:00,상품선택: 러닝벨트 / 색상: 블랙 / 사이즈: S,런닝할때 차고나가면 자유롭네요,5,1
pe****,2023-06-19T04:51:36.044+00:00,상품선택: 러닝벨트 / 색상: 블랙 / 사이즈: M,배송빠르고 제품 좋아요~^^,5,1
bblu***,2023-06-13T09:20:48.540+00:00,상품선택: 러닝벨트 / 색상: 블랙 / 사이즈: L,좋아요 가격도 저렴하고 짱!!!,5,1
guyg***,2023-07-06T00:03:11.081+00:00,상품선택: 러닝벨트 / 색상: 블랙 / 사이즈: L,흘러내리지 않아서 좋은거 같아요,5,1
nish******,2023-07-06T03:40:47.839+00:00,상품선택: 러닝벨트 / 색상: 블랙 / 사이즈: M,쫀쫀한 맛이 있어서 여성용품으로 적합하다,5,1
arch*******,2023-06-09T06:07:29.896+00:00,상품선택: 러닝벨트 / 색상: 블랙 / 사이즈: S,집 앞산 및 조깅할 때 쓰려고 남편과 같이 구입합니다 빠른배송 감사합니다,5,1
choe***,2023-06-14T09:47:23.841+00:00,상품선택: 러닝벨트 / 색상: 블랙 / 사이즈: S,무료배송 이라 저렴하게 잘 샀어요,5,1
jang*******,2023-06-26T01:20:44.925+00:00,상품선택: 러닝벨트 / 색상: 블랙 / 사이즈: S,두개째 구매에요 너무 만족해서 와이프꺼도 샀습니다,5,1
inte***,2023-07-06T07:17:37.534+00:00,상품선택: 러닝벨트 / 색상: 블루 / 사이즈: M,몸에 장 달라고 붙어 움직이지않아요,5,1
psj6***,2023-07-29T00:05:51.834+00:00,상품선택: 러닝벨트 / 색상: 블랙 / 사이즈: L,아주아주 좋아좋아요,5,1
ohjy****,2023-07-07T07:07:40.692+00:00,상품선택: 러닝벨트 / 색상: 블랙 / 사이즈: S,운동할때 편하네요 좋아요,5,1
fine***,2023-06-09T15:13:12.948+00:00,상품선택: 러닝벨트 / 색상: 블랙 / 사이즈: M,좋아요 밴드형이 젤 좋은듯,5,1
tr****,2023-06-25T07:03:56.101+00:00,상품선택: 러닝벨트 / 색상: 블랙 / 사이즈: L,바지 밴드쪽에 땀도 안차고 편하네요 핸드폰도 잘 들어가고 좋아요,5,1
psj6***,2023-07-29T00:05:41.650+00:00,상품선택: 러닝벨트 / 색상: 블랙 / 사이즈: M,아주아주 좋아좋아요!!,5,1
anst********,2023-07-08T22:24:58.330+00:00,상품선택: 러닝벨트 / 색상: 블랙 / 사이즈: M,매우 잘쓰고있습니다,5,1
mp****,2023-05-23T11:29:18.668+00:00,상품선택: 러닝벨트 / 색상: 블랙 / 사이즈: M,"잘 받았습니다 배송 빠르네요
오늘 허리에 차고 달려보니 핸드폰이 손에 없어 아주 만족스러워요 달릴때 작은것도 많이 신경쓰이는데 좋아요~",5,1
tc****,2023-06-03T06:52:39.987+00:00,상품선택: 러닝벨트 / 색상: 블랙 / 사이즈: M,"다른 러닝벨트보다 좋고 실용적이네요!
허리 30~31 인데, M 사이즈 딱 좋았습니다!",5,1
park*****,2023-07-04T10:26:01.196+00:00,상품선택: 러닝벨트 / 색상: 블랙 / 사이즈: M,"아주 좋아요
운동할때 편하겠어요",5,1
sdj4***,2023-06-16T12:03:48.440+00:00,상품선택: 러닝벨트 / 색상: 블랙 / 사이즈: M,러닝할때 쓰기 딱이에요,5,1
fine***,2023-06-17T05:13:46.528+00:00,상품선택: 러닝벨트 / 색상: 블랙 / 사이즈: M,재주문했어요 좋아요,5,1
bobo***,2023-06-19T07:37:45.429+00:00,상품선택: 러닝벨트 / 색상: 블랙 / 사이즈: M,"사이즈 선택에 미스가 있어서 기대했던 것 만큼 아주 타이트한 느낌은 아니었지만
가성비도 좋고 충분히 제역할을 해서 만족합니다.",4,1
svol****,2023-07-03T05:06:39.510+00:00,상품선택: 러닝벨트 / 색상: 블랙 / 사이즈: M,배송 빠르고 착용감 좋네요,5,1
jsj2****,2023-07-05T10:21:16.763+00:00,상품선택: 러닝벨트 / 색상: 블랙 / 사이즈: M,런닝할때 너무 편하네요,5,1
bi****,2023-06-25T00:09:34.986+00:00,상품선택: 러닝벨트 / 색상: 블랙 / 사이즈: M,지퍼가 없어서 걱정했는데 워낙 타이트 하니 폰이 떨어지지는  않네요~,5,1
hans*******,2023-06-19T01:01:47.672+00:00,상품선택: 러닝벨트 / 색상: 형광 / 사이즈: L,싸고 빠르고 굿 ㅎㅎ 6,5,1
arch*******,2023-06-09T06:08:25.466+00:00,상품선택: 러닝벨트 / 색상: 블랙 / 사이즈: L,총알배송 좋은상품 감사해요,5,1
jk****,2023-06-13T22:53:49.555+00:00,상품선택: 러닝벨트 / 색상: 블랙 / 사이즈: M,운동할때  잘 ㅆ고 있어요.,5,1
swee******,2023-06-26T14:26:23.131+00:00,상품선택: 러닝벨트 / 색상: 블랙 / 사이즈: S,런닝할때 안늘어나고 안떨어지고 너무 편하고좋아요,5,1
cher******,2023-05-12T06:32:48.630+00:00,상품선택: 러닝벨트 / 색상: 블랙 / 사이즈: M,갤럭시23 울트라를 넣기엔 너무 입구가 좁지 않나 싶습니다 실사용자들은 보통 스마트폰을 많이 넣지요 스마트폰 사이즈 별로 입구랑 너비를 조절한 제품이 나와야 하지 않나 싶어요 착용감은 아주 좋습니다 갤럭시 플러스나 아이폰 프로 모델에 아주 적합할 듯합니다 울트라나 프로맥스 이용자 분들은 참고하시길,4,1
wngu*****,2023-07-01T02:52:11.939+00:00,상품선택: 러닝벨트 / 색상: 블랙 / 사이즈: S,배송빠르고 좋았어요,5,1
ygso******,2023-06-26T07:42:11.019+00:00,상품선택: 러닝벨트 / 색상: 블랙 / 사이즈: M,"잘쓰겠습니다.
런닝할때 열심히  사용하겠습니다",5,1
jbin****,2023-07-07T08:25:51.518+00:00,상품선택: 러닝벨트 / 색상: 블랙 / 사이즈: S,쫀쫀하니 배가 땡겨요.ㅋㅋ ㅈ,4,1
hold******,2023-06-30T11:21:23.707+00:00,상품선택: 러닝벨트 / 색상: 블랙 / 사이즈: S,러닝용으로 적당히 편하고 좋아여,5,1
love******,2023-06-22T23:01:00.506+00:00,상품선택: 러닝벨트 / 색상: 블랙 / 사이즈: M,확실히 뛸때 넘편해요 적극추천,5,1
mobu********,2023-06-04T03:25:55.724+00:00,상품선택: 러닝벨트 / 색상: 블랙 / 사이즈: M,정말 편하고 좋네요. 많이 판매하세요,5,1
jsba*****,2023-06-26T01:42:16.381+00:00,상품선택: 러닝벨트 / 색상: 블루 / 사이즈: L,"기본에 충실한것 같아요
잘 쓰겠습니다",5,1
pa****,2023-06-05T01:47:31.345+00:00,상품선택: 러닝벨트 / 색상: 블랙 / 사이즈: M,"안흔들리고 좋아요.
버클이나 찍찍이보다 내구도도 좋을것같습니다. 세탁하기도 수월할거같고. 사이즈때문에 일단 한개만 주문했는데 몇개 더사려고합니다.",5,1
supe********,2023-06-25T05:56:02.508+00:00,상품선택: 러닝벨트 / 색상: 블랙 / 사이즈: M,가격 부담이 안 돼서 막 쓰기도 좋고 편해요,5,1
gi****,2023-06-05T02:22:13.294+00:00,상품선택: 러닝벨트 / 색상: 형광 / 사이즈: L,허리 34인데 라지사이즈 딱 조아요,5,2
gi****,2023-06-05T02:20:56.965+00:00,상품선택: 러닝벨트 / 색상: 블랙 / 사이즈: L,허리 34인데 라지사이즈 딱 조아요,5,1
sa****,2023-06-07T08:01:23.922+00:00,상품선택: 러닝벨트 / 색상: 블랙 / 사이즈: L,편하고 제품도 빨리왔습니다,5,1
hyuk******,2023-06-25T03:47:02.718+00:00,상품선택: 러닝벨트 / 색상: 블랙 / 사이즈: L,상품배송도 빠르고 제품도 아주 좋아요!!,4,1
stev********,2023-05-23T10:12:12.899+00:00,상품선택: 러닝벨트 / 색상: 블랙 / 사이즈: S,밴드 형태로 되어있어서 좋아요~ 신축성 있어서 물건 넣고 빼기 편해요~,5,1
herr********,2023-06-22T09:54:43.369+00:00,상품선택: 러닝벨트 / 색상: 블랙 / 사이즈: S,잘 사용할께요 아직 써보지 못했네요,4,1
wodl***,2023-07-02T10:44:09.065+00:00,상품선택: 러닝벨트 / 색상: 블랙 / 사이즈: S,잘쓰고있어요.!!!,5,1
dada******,2023-05-23T12:07:10.980+00:00,상품선택: 러닝벨트 / 색상: 블루 / 사이즈: S,잘 구입한거 같아요. 런닝해보니 가볍고전혀 흔들림도 없고 좋아요.,5,1
tjeh****,2023-05-25T11:53:31.047+00:00,상품선택: 러닝벨트 / 색상: 블루 / 사이즈: S,만족해요  러닝할때 폰공간 충분합니다,5,1
keit****,2023-05-18T03:48:13.840+00:00,상품선택: 러닝벨트 / 색상: 블루 / 사이즈: S,여자분들은 S사면 될듯합니다~ 바지L입는데도 S사이즈 넉넉합니다. 하늘색은 생각보다 짙어요~!,5,1
dala******,2023-06-26T00:15:45.750+00:00,상품선택: 러닝벨트 / 색상: 블랙 / 사이즈: M,제품이 편리합니다.,4,2
dala******,2023-06-26T00:15:31.675+00:00,상품선택: 러닝벨트 / 색상: 블랙 / 사이즈: S,제품이 편리합니다.,4,1
jhr0****,2023-06-07T06:13:14.650+00:00,상품선택: 러닝벨트 / 색상: 블랙 / 사이즈: M,살 때는 몰랐는데 안쪽에 고리가 있더라구요. 바지 허리에 고정할 수 있게. 몸에 폰이 밀착돼서 주머니에 넣을 때보다 나아요.,5,1
jero********,2023-05-10T21:01:43.845+00:00,상품선택: 러닝벨트 / 색상: 블랙 / 사이즈: M,지난번에 구입한것을 집에서 찾을수가 없어서 다시 구매 했네요. 러닝을 막시작한 초보인데 달리때 생각보다 허리에 핸드폰 넣은게 신경이 안 쓰여서 좋아요,5,1
viol********,2023-06-11T06:10:54.745+00:00,상품선택: 러닝벨트 / 색상: 블루 / 사이즈: S,"26사이즈 S구매했어요 잘 맞아요! 
잘못 눌러서 블루 구매했는데 나쁘지 않아요",5,1
gkpa******,2023-06-04T14:47:20.980+00:00,상품선택: 러닝벨트 / 색상: 블랙 / 사이즈: S,가볍게 러닝을 해보니 핸드폰을 들고 달리기도 블편해서 주문했습니다. 신세계에요. 달리기 아니아도 가볍게 산책 할 때도 양손 자유롭고 여러모로 편리합니다.,5,1
touc*****,2023-06-02T01:55:23.277+00:00,상품선택: 러닝벨트 / 색상: 블랙 / 사이즈: M,"한번 착용하고 런닝해봤는데, 핸드폰 담기 딱 좋네요 그외 여러가지 넣으면 좀 번잡할거 같고 저처럼 핸폰 하나 정도 넣을거 필요하신 분한테는 좋을듯요",5,1
baee****,2023-06-03T02:17:12.645+00:00,상품선택: 러닝벨트 / 색상: 블랙 / 사이즈: S,배송 잘받았습니다!,5,1
sisi****,2023-06-26T04:09:33.750+00:00,상품선택: 러닝벨트 / 색상: 블랙 / 사이즈: M,좋은것같아요~^^!,5,1
haen****,2023-06-10T01:02:11.568+00:00,상품선택: 러닝벨트 / 색상: 블랙 / 사이즈: M,좋아요  가성비최고입니다,5,1
kimd******,2023-06-17T10:10:39.409+00:00,상품선택: 러닝벨트 / 색상: 형광 / 사이즈: S,"달리기할때 항상 들고 뛰엇눈데
편하긴 허네요~!!",4,1
joke*****,2023-05-25T11:08:01.138+00:00,상품선택: 러닝벨트 / 색상: 블랙 / 사이즈: M,배송도빠르고 제품품질도 좋네요  굿입니다,5,1
nigi******,2023-05-23T05:40:00.450+00:00,상품선택: 러닝벨트 / 색상: 블랙 / 사이즈: M,기존에 쓰던 찍찍이보단 탈부착이 좀 번거롭긴 하네요,3,1
jcs1***,2023-05-16T04:29:45.905+00:00,상품선택: 러닝벨트 / 색상: 블랙 / 사이즈: S,맘에 들어요 빨리 성능 시험해보고 싶네요 ㅎㅎ,5,1
nam7****,2023-06-03T07:16:19.872+00:00,상품선택: 러닝벨트 / 색상: 블랙 / 사이즈: S,"딱~ 좋아요!!! 제가 생각하던 그대로 입니다
강추합니다",5,1
from***,2023-06-17T01:04:32.031+00:00,상품선택: 러닝벨트 / 색상: 블랙 / 사이즈: S,짱짱하게 잘 쓰고 있음,5,1
nang***,2023-06-09T15:58:19.142+00:00,상품선택: 러닝벨트 / 색상: 블랙 / 사이즈: M,착용이 쉽고 간단해 달리기 할 때 유용하게 사용하고 있습니다.,5,1
hand*****,2023-05-19T02:51:03.749+00:00,상품선택: 러닝벨트 / 색상: 블랙 / 사이즈: L,진작 살걸 그랬어요. 뛸 때 너무 편합니다.,5,1
woo0****,2023-06-13T23:14:36.118+00:00,상품선택: 러닝벨트 / 색상: 블랙 / 사이즈: S,흔들림없이 고정되어 편해요,4,1
whal***,2023-06-10T08:00:08.032+00:00,상품선택: 러닝벨트 / 색상: 블랙 / 사이즈: M,잘 늘어나서 흘리고 지퍼가 없어서 뛰면서 빠짐,1,1
hyun******,2023-06-06T15:43:12.285+00:00,상품선택: 러닝벨트 / 색상: 블랙 / 사이즈: S,편하고 좋아요 러닝때 자주써요,5,1
nu****,2023-06-08T14:05:27.084+00:00,상품선택: 러닝벨트 / 색상: 블루 / 사이즈: L,빠른 배송감사합니다 잘 쓰고 있습니다,5,1
noga***,2023-05-15T04:45:04.391+00:00,상품선택: 러닝벨트 / 색상: 블랙 / 사이즈: M,허리 32인치 m사이즈 구매했는데 가볍고 좋기는한데 조금 더 타이트하게 S사이즈 구매하는게 더 좋았을것 같아요.,4,1
puri*******,2023-06-07T07:47:20.589+00:00,상품선택: 러닝벨트 / 색상: 블랙 / 사이즈: S,달릴때 핸드폰때문에 불편했는데 손이 자유로우니 편합니다.,5,1
spic*****,2023-05-20T09:57:09.364+00:00,상품선택: 러닝벨트 / 색상: 형광 / 사이즈: S,"잘 배송받았습니다. 
감사합니다.",4,1
winn****,2023-05-24T01:26:28.841+00:00,상품선택: 러닝벨트 / 색상: 블랙 / 사이즈: M,"올해 산 거 중에 가장 만족스러워요
핸드폰 넣고 달려도 절대 안 내려가고 좋아요 !!",5,1
muti***,2023-06-10T01:55:39.699+00:00,상품선택: 러닝벨트 / 색상: 블랙 / 사이즈: M,생각보다 얇아요 가벼워요,5,1
kgs8***,2023-06-07T10:50:31.501+00:00,상품선택: 러닝벨트 / 색상: 블랙 / 사이즈: S,뛸때 참좋네요 만족합니다,5,1
jang*******,2023-06-06T07:40:45.128+00:00,상품선택: 러닝벨트 / 색상: 블랙 / 사이즈: M,가성비 최고 핸드폰 다 커버됨,5,1
ir****,2023-05-10T11:46:15.870+00:00,상품선택: 러닝벨트 / 색상: 형광 / 사이즈: M,"생각이상으로 괜찮아요
더 사용해보고 한달후기로 찾아오겟습니다",5,1
jinw******,2023-05-19T01:27:36.574+00:00,상품선택: 러닝벨트 / 색상: 블루 / 사이즈: L,가볍고 간편하게 사용할 수 있습니다. 사이즈가 생각 보다 조금(?) 큰 느낌? 그래도 사용하는데는 문제 없슴.,4,1
cksk*******,2023-05-04T10:25:00.052+00:00,상품선택: 러닝벨트 / 색상: 블랙 / 사이즈: S,좋긴한데요.  휴대폰이랑 에어팟(케이스없이)같이 넣으면 꼭 빠질 것만 같아서 좀 불안합니다.,3,1
va****,2023-04-29T11:51:33.898+00:00,상품선택: 러닝벨트 / 색상: 블랙 / 사이즈: S,런닝할때 휴대폰 들고 뛰는게 불편해서 샀는데 편합니다. 휴대폰 케이스 빼고 넣는게 더 잘 넣어지구요. 무난하게 검정색 샀는데 잘 어울리고 좋습니다!!,5,1
kana******,2023-05-17T04:34:12.488+00:00,상품선택: 러닝벨트 / 색상: 블랙 / 사이즈: M,빠른 배송 가성비 좋네요.,5,1
vsky***,2023-05-11T11:25:05.994+00:00,상품선택: 러닝벨트 / 색상: 블랙 / 사이즈: M,짱짱하니 좋고 빠른 배송 감사드립니다.,5,1
visc***,2023-05-21T07:37:23.696+00:00,상품선택: 러닝벨트 / 색상: 블랙 / 사이즈: M,M사이즈로 재구매..허리 32인치..겹치는 사이즈는 한단계 아래가 타이트하고 나은듯 합니다..간단하게 핸드폰 보관하고 런닝용으로는 가성비 최고..,5,1
ind2***,2023-04-08T04:23:53.313+00:00,상품선택: 러닝벨트 / 색상: 블랙 / 사이즈: S,"제가 사용해보는데 너무 좋아서 같이 운동하는 언니들 선물로 구입했어요! 최고입니다. ㅋ
폰 넣으실땐 케이스 빼고~~~
 보너스 손목 보호대는 중국산이라고 그런지 ㅋㅋ 털들이  세탁하면 괜찮겠져?!",5,1
nthm*****,2023-05-30T01:34:57.902+00:00,상품선택: 러닝벨트 / 색상: 블랙 / 사이즈: M,감사합니다 아주 좋아요,5,1
haro******,2023-06-04T02:40:32.951+00:00,상품선택: 러닝벨트 / 색상: 블랙 / 사이즈: L,런닝할때 아주 편해요,4,1
ryon***,2023-05-11T09:45:39.313+00:00,상품선택: 러닝벨트 / 색상: 형광 / 사이즈: L,빠른배송좋은품질만족,5,1
psj6***,2023-06-24T00:05:41.735+00:00,상품선택: 러닝벨트 / 색상: 블랙 / 사이즈: L,아주아주 좋아요!!!,5,1
lkt7******,2023-05-15T10:33:49.763+00:00,상품선택: 러닝벨트 / 색상: 형광 / 사이즈: M,허리 31정도인데 M 딱이에요,5,1
love*****,2023-05-13T04:01:37.429+00:00,상품선택: 러닝벨트 / 색상: 블랙 / 사이즈: M,여행때 잘 썼어요ㅋㅋ,5,1
soji********,2023-05-07T02:24:11.420+00:00,상품선택: 러닝벨트 / 색상: 블랙 / 사이즈: S,탄력있어서 흘러내리지않아서 좋아요,5,1
epsl*****,2023-05-28T06:21:07.321+00:00,상품선택: 러닝벨트 / 색상: 블루 / 사이즈: S,이것저것 사봤지만 이것만큼 짱짱하게 잡아주는게없음,5,1
n662****,2023-04-19T00:04:27.143+00:00,상품선택: 러닝벨트 / 색상: 블랙 / 사이즈: M,허리사이즈 31 남자입니다~ 와이프주려고 산 s사이즈도 타이트하게 입을수 있으나 골반에 걸쳐지는게 아니고 허리에 맞아 뛸때 불편합니다~m사이즈가 골반에 딱 맞습니다~허리 31이상은 m사이즈 추천합니다~,5,1
ldrl***,2023-05-31T10:53:37.046+00:00,상품선택: 러닝벨트 / 색상: 블랙 / 사이즈: M,휴대폰이 빠지지않고 편해요,5,1
epsl*****,2023-05-28T06:20:46.281+00:00,상품선택: 러닝벨트 / 색상: 블랙 / 사이즈: M,운동할때 진짜 폰넣는곳으로 최고!!,5,1
haes***,2023-05-31T06:03:53.431+00:00,상품선택: 러닝벨트 / 색상: 형광 / 사이즈: L,가성비로 잘쓰고 있습니다,4,1
ljj0***,2023-05-07T23:01:02.736+00:00,상품선택: 러닝벨트 / 색상: 블랙 / 사이즈: M,잘쓰고잇습니다 만족해여,5,1
ha****,2023-05-12T07:46:52.845+00:00,상품선택: 러닝벨트 / 색상: 블랙 / 사이즈: S,런닝 조깅용 좋네요,5,1
psj6***,2023-06-24T00:05:55.611+00:00,상품선택: 러닝벨트 / 색상: 블랙 / 사이즈: M,아주아주 좋어요!!!,4,1
kind***,2023-05-06T09:17:16.406+00:00,상품선택: 러닝벨트 / 색상: 블랙 / 사이즈: L,조깅할때 양손이 한층 편해졌고 효율도 좋네요,5,1
mimi****,2023-05-08T15:00:05.161+00:00,상품선택: 러닝벨트 / 색상: 블랙 / 사이즈: M,핸드폰 수납 러닝벨트로 딱 이예요,5,1
bohe*******,2023-05-24T13:43:15.287+00:00,상품선택: 러닝벨트 / 색상: 블랙 / 사이즈: M,아주맘에들어요야호 ㅎㅎ,5,1
ha****,2023-05-12T07:51:17.479+00:00,상품선택: 러닝벨트 / 색상: 블루 / 사이즈: S,확실히 편해요 추천해요,5,1
ghdr********,2023-06-02T03:52:24.269+00:00,상품선택: 러닝벨트 / 색상: 블루 / 사이즈: M,간편하고 좋습니다 ㅎㅎ,5,1
gkwj*****,2023-05-30T01:23:10.106+00:00,상품선택: 러닝벨트 / 색상: 블랙 / 사이즈: M,배송빠르고 제품 좋습니다.,4,2
gkwj*****,2023-05-30T01:23:04.537+00:00,상품선택: 러닝벨트 / 색상: 블랙 / 사이즈: L,배송빠르고 제품 좋습니다.,4,1
emfo********,2023-05-15T02:40:32.298+00:00,상품선택: 러닝벨트 / 색상: 블랙 / 사이즈: M,바지사이즈 28~30 입는 남성입니다. M사이즈 플립벨트 차고 골반쪽에 거치하면 흔들림없이 사용가능합니다.,5,1
gege***,2023-05-13T00:43:41.671+00:00,상품선택: 러닝벨트 / 색상: 블랙 / 사이즈: S,러닝할때 아주 좋아요 러닝 크루들에게 소문듣고 산겁니다.,4,1
unis********,2023-05-22T06:56:32.127+00:00,상품선택: 러닝벨트 / 색상: 블랙 / 사이즈: M,이것저것 사봤는데 이상품이 가장 좋은거같아요,5,1
zcxc****,2023-05-25T22:49:27.805+00:00,상품선택: 러닝벨트 / 색상: 블랙 / 사이즈: S,차고 달리기 아주 좋아요,5,1
ind2***,2023-05-19T22:06:11.014+00:00,상품선택: 러닝벨트 / 색상: 형광 / 사이즈: S,이거 운동파트너나 친구들과 정보공유햤네요 좋아요!,5,1
ind2***,2023-04-08T04:25:00.111+00:00,상품선택: 러닝벨트 / 색상: 형광 / 사이즈: S,선물용으로..  좋으니까 재구매! ㅋ 했습니다. 보내주신 손목보호대도 잘 쓸게요.,5,1
ind2***,2023-05-19T22:05:48.011+00:00,상품선택: 러닝벨트 / 색상: 블랙 / 사이즈: S,잘 쓰고 있어요. 데일로 어딜가나 함께~,5,1
shy1***,2023-05-02T16:00:54.982+00:00,상품선택: 러닝벨트 / 색상: 블랙 / 사이즈: M,폰도 잘들어가고 런닝가볍게 할 수 있겠어요!,5,1
14ti***,2023-04-30T09:51:36.998+00:00,상품선택: 러닝벨트 / 색상: 블랙 / 사이즈: M,찍찍이 없이 쓸 수 있어서 좋아요,5,1
reht***,2023-05-25T21:05:17.938+00:00,상품선택: 러닝벨트 / 색상: 블루 / 사이즈: S,잘 받았습니다. 탄탄해요,5,1
js****,2023-05-20T09:37:02.071+00:00,상품선택: 러닝벨트 / 색상: 형광 / 사이즈: S,만족합니다..번창하세요,5,1
9650****,2023-05-24T06:07:26.024+00:00,상품선택: 러닝벨트 / 색상: 블랙 / 사이즈: M,배송 빠르고 좋아요 ㅎㅎ,5,1
skys*****,2023-03-24T04:30:14.687+00:00,상품선택: 러닝벨트 / 색상: 블랙 / 사이즈: M,"런닝맨에게는 필수품이네요~ 작은 가방을 사야되는지 검색중에 러닝벨트 알게됐구요^^ 제품 넘 만족스럽습니다.
허리는 32~34 정도로 입구요. m사이즈 딱 좋네요^^
핸드폰은 s23+인데 잘들어가요. 케이스 빼고 넣는거 추천드려요. 판매자님 좋은 제품 판매해주셔서 감사합니다^^",5,1
hi****,2023-04-18T06:16:58.664+00:00,상품선택: 러닝벨트 / 색상: 형광 / 사이즈: L,"빠른배송 감사합니다
장거리달리기시 유용합니다
세번째구매하고 있고 주변에서 이쁘다고 여성분들이 더 좋아합니다",5,1
sjho*****,2023-05-09T06:49:56.593+00:00,상품선택: 러닝벨트 / 색상: 블랙 / 사이즈: L,사이즈도 잘 맞고 폰도 잘 들어가네요 내일 조깅해보고 더 확실히 알겠죠,5,1
jinj******,2023-04-26T10:01:04.045+00:00,상품선택: 러닝벨트 / 색상: 블루 / 사이즈: L,가볍고 폰이 들어가도 안정적이고 좋아요,5,1
ykyk****,2023-05-04T16:04:30.065+00:00,상품선택: 러닝벨트 / 색상: 블랙 / 사이즈: M,짱짱하고 좋습니다.,5,1
ro****,2023-04-28T02:10:36.935+00:00,상품선택: 러닝벨트 / 색상: 블랙 / 사이즈: M,한번 착용하고 뛰어봤는데 짱짱하고 좋습니다,5,1
ju****,2023-04-28T07:06:54.766+00:00,상품선택: 러닝벨트 / 색상: 블랙 / 사이즈: S,몸에 딱달라붙어서 좋아요,5,1
1982****,2023-04-19T04:25:54.398+00:00,상품선택: 러닝벨트 / 색상: 블랙 / 사이즈: S,"딱 맞아서 그런지 안정감있게 잘 붙어있네요
단점은 밥 많이 먹은날엔 숨쉬기 힘들 ㅋ",5,1
chic*******,2023-05-15T04:10:04.017+00:00,상품선택: 러닝벨트 / 색상: 블랙 / 사이즈: M,가볍고 핸드폰 고정잘되어서 뛰기 편하네요,4,1
inte***,2023-05-16T12:59:23.305+00:00,상품선택: 러닝벨트 / 색상: 블루 / 사이즈: M,저렴하고 아주 맘에들어요...,5,1
junh*******,2023-05-09T01:04:27.905+00:00,상품선택: 러닝벨트 / 색상: 블랙 / 사이즈: S,"거의 매일 쓰고 있는데 탄성이 죽지 않네요
이 가격에 굉장히 만족하며 사용중입니다!",5,1
shin******,2023-05-10T07:54:26.440+00:00,상품선택: 러닝벨트 / 색상: 블랙 / 사이즈: S,보통체중이시면 s사세요 딱 잘 맞아서 좋아요,5,1
n662****,2023-04-19T00:01:16.818+00:00,상품선택: 러닝벨트 / 색상: 블랙 / 사이즈: S,와이프주려고 샀습니다~런닝할때 너무 편하고 좋은 제품입니다~~,5,1
jmgs*****,2023-04-14T03:06:07.818+00:00,상품선택: 러닝벨트 / 색상: 블랙 / 사이즈: M,벗을 때 조금 불편하긴 하지만 착용감이나 가성비 생각하면 너무 좋네요.,5,1
blue****,2023-04-03T01:03:53.461+00:00,상품선택: 러닝벨트 / 색상: 형광 / 사이즈: S,"넣고 꺼낼 때가 좀 불편하긴 하지만
핸즈프리라 매우 편리합니다
러닝시 전혀 불편함이 없어요
흘러내리지 않아요
형광으로 잘 산 것 같아요 맘에 듭니다!",5,1
sh****,2023-05-07T23:06:39.681+00:00,상품선택: 러닝벨트 / 색상: 블랙 / 사이즈: M,아직 뛰어보지는 않았지만 상품은 좋아요.,5,1
ho****,2023-04-21T04:23:00.867+00:00,상품선택: 러닝벨트 / 색상: 블랙 / 사이즈: M,사이즈 딱맞고 좋아요,5,2
jero********,2023-03-22T10:52:53.822+00:00,상품선택: 러닝벨트 / 색상: 블루 / 사이즈: M,"배송도 빠르고 사이즈도 맞는듯 하네요
이런 제품은 처음 사용해보는데 런닝시 잘 맞았으면 좋겠네요",5,1
lj****,2023-04-22T13:52:27.646+00:00,상품선택: 러닝벨트 / 색상: 블랙 / 사이즈: S,탱탱하게 잘 고정되네요,5,1
enou******,2023-05-04T23:49:02.213+00:00,상품선택: 러닝벨트 / 색상: 블랙 / 사이즈: L,착용후 러닝결과 생각보다 착용감이 무거워서 아쉽네요.,2,1
geni******,2023-04-30T04:06:08.175+00:00,상품선택: 러닝벨트 / 색상: 블랙 / 사이즈: M,첫 번째 착용땐 괜찮았는데 두번째에는 자꾸 허리로 올라와서 ㅠ 불편했어요..,3,1
leew***,2023-04-25T22:39:40.377+00:00,상품선택: 러닝벨트 / 색상: 형광 / 사이즈: M,헤어밴드는 작아서 그런지 땀이 많이 나면 그냥 그렇고 가방은 아직 사용 안해봐서 평을 못하겠지만 다들 좋다고 하니 좋기를 바랍니다,5,1
bl****,2023-05-13T13:11:14.144+00:00,상품선택: 러닝벨트 / 색상: 블랙 / 사이즈: M,편하고 좋아요!!!!,5,1
chel*******,2023-05-08T01:11:59.741+00:00,상품선택: 러닝벨트 / 색상: 블랙 / 사이즈: S,어직 사용은 안했지만 자루쓸게요,3,1
lejc****,2023-05-01T11:46:23.782+00:00,상품선택: 러닝벨트 / 색상: 블랙 / 사이즈: S,사이즈가 작고 지퍼가 없어  불편하네요 지퍼있음 좋을듯해요,3,1
wjdd*******,2023-04-12T12:59:21.806+00:00,상품선택: 러닝벨트 / 색상: 블랙 / 사이즈: M,아이폰 14 프로 쓰는데 들어가네요 ! 조아요 !!,5,1
jang***,2023-04-16T11:35:58.032+00:00,상품선택: 러닝벨트 / 색상: 블랙 / 사이즈: S,좋습니다 잘 쓰겠습니다,5,1
whoa*****,2023-04-13T05:08:14.708+00:00,상품선택: 러닝벨트 / 색상: 블랙 / 사이즈: L,상품 잘 받았습니다,5,1
gh****,2023-04-06T01:28:55.274+00:00,상품선택: 러닝벨트 / 색상: 블랙 / 사이즈: M,허리사이즈 31인데 잘 맞습니다. 달릴때 잘 고정되서 좋아요!,5,1
powe*******,2023-04-21T05:44:31.704+00:00,상품선택: 러닝벨트 / 색상: 블루 / 사이즈: S,처음 사용하는거라 저렴한걸로 구매했는데 매우 만족입니다. 흘러내림도 없고 편해요,5,1
wanb***,2023-04-15T10:11:56.223+00:00,상품선택: 러닝벨트 / 색상: 블랙 / 사이즈: M,배송빠르고 좋아요  ㅋㅋ,5,1
haes***,2023-04-14T02:35:51.024+00:00,상품선택: 러닝벨트 / 색상: 형광 / 사이즈: L,가성비 좋은 러닝밸트 입니다,5,1
amsr******,2023-05-03T05:26:08.547+00:00,상품선택: 러닝벨트 / 색상: 블랙 / 사이즈: M,아직 사용전이지만 좋을것같아요,4,1
gh****,2023-04-06T01:28:22.415+00:00,상품선택: 러닝벨트 / 색상: 형광 / 사이즈: S,허리사이즈 26~28에 딱맞고 쫀쫀해서 달릴때 덜렁거리지 않아서 좋아요!,5,1
fach***,2023-04-04T11:06:28.388+00:00,상품선택: 러닝벨트 / 색상: 블랙 / 사이즈: M,"쪼이는 느낌이 살짝 모자라서 S로 했어야 하나 걱정했는데, 아주 좋읍니다.",5,1
woek***,2023-05-06T15:48:28.882+00:00,상품선택: 러닝벨트 / 색상: 블랙 / 사이즈: S,평소 30 입는데 s 딱맞네요,5,1
sayo*****,2023-04-21T00:54:21.581+00:00,상품선택: 러닝벨트 / 색상: 블랙 / 사이즈: S,"재구매합니다.지인선물용으로^^
여러제품  사용중인데  제일좋은듯합니다.",5,1
agat*****,2023-05-08T03:23:01.217+00:00,상품선택: 러닝벨트 / 색상: 블랙 / 사이즈: L,아아아사조사쇼ㅣ0글,5,1
zcxc****,2023-04-26T10:10:56.650+00:00,상품선택: 러닝벨트 / 색상: 블랙 / 사이즈: S,처음 사용해보는데 쫀쫀하고 편리하고 좋아요,5,1
0193******,2023-05-02T07:06:47.634+00:00,상품선택: 러닝벨트 / 색상: 블루 / 사이즈: M,용도에 맞게 잘 만들어져있음,4,1
k2****,2023-04-07T17:09:00.435+00:00,상품선택: 러닝벨트 / 색상: 블랙 / 사이즈: S,가볍고 핸드폰사이즈에 딱 좋아요,5,1
pcs1***,2023-04-08T08:54:07.325+00:00,상품선택: 러닝벨트 / 색상: 블랙 / 사이즈: M,이번 서울마라톤 때 잘 썼습니다!,5,1
aaaa****,2023-04-07T06:14:37.812+00:00,상품선택: 러닝벨트 / 색상: 블랙 / 사이즈: M,얇아서 안낀듯해서 좋아요.,5,1
kimn*****,2023-04-26T10:40:30.763+00:00,상품선택: 러닝벨트 / 색상: 블루 / 사이즈: S,역시 만족합니다 감사합니다,5,1
euni*****,2023-04-27T07:26:31.601+00:00,상품선택: 러닝벨트 / 색상: 형광 / 사이즈: S,적당히 조여서 흔들리지 않아 좋습니다.,3,1
peti****,2023-04-27T11:00:32.771+00:00,상품선택: 러닝벨트 / 색상: 블랙 / 사이즈: S,달리기 할 때 밀착되서 정말 편합니다.,5,1
maim*****,2023-04-25T15:32:57.959+00:00,상품선택: 러닝벨트 / 색상: 블랙 / 사이즈: S,괜찮아요 쓸만해요 좋아요,4,1
cain*****,2023-05-01T02:53:03.204+00:00,상품선택: 러닝벨트 / 색상: 형광 / 사이즈: S,가성비좋아요 ㅎㅎㅎ,5,1
wjdw*****,2023-04-06T09:34:53.186+00:00,상품선택: 러닝벨트 / 색상: 형광 / 사이즈: L,좋은상품 감사합니다,5,1
arti*****,2023-03-27T11:32:14.171+00:00,상품선택: 러닝벨트 / 색상: 블랙 / 사이즈: S,완전 편해요. 덕분에 즐거운 러닝 완료!! ㅎㅎ,5,1
fast*****,2023-03-28T10:03:06.070+00:00,상품선택: 러닝벨트 / 색상: 블랙 / 사이즈: L,"배송 마감 다 좋네요 허리34 기준, L 적당히 탄력있으면서 딱이네요",5,1
bomi****,2023-04-14T10:05:48.417+00:00,상품선택: 러닝벨트 / 색상: 블랙 / 사이즈: S,정말편하네요. 그런데 배송이 주말빼고 10일일정도 걸렸어요. 내일배송 이라고되어있었는데..,5,1
dlqu******,2023-04-26T03:16:08.835+00:00,상품선택: 러닝벨트 / 색상: 블랙 / 사이즈: M,러닝할때.유용하게 사용되요,5,1
aptx******,2023-04-02T09:40:33.938+00:00,상품선택: 러닝벨트 / 색상: 블랙 / 사이즈: S,신세계에요 너무 편함..,5,1
ti****,2023-03-15T11:44:22.618+00:00,상품선택: 러닝벨트 / 색상: 형광 / 사이즈: M,광고 그대로 신축성 좋고 물건 많이 들어가고 좋네요^^,4,1
hugo****,2023-05-08T12:39:44.037+00:00,상품선택: 러닝벨트 / 색상: 블랙 / 사이즈: L,좋아요 좋아요 좋아요 좋아요,5,1
tghe***,2023-04-22T01:27:55.334+00:00,상품선택: 러닝벨트 / 색상: 블랙 / 사이즈: S,쫀쫀하고 가성비 좋은듯요,5,1
ck****,2023-04-21T18:24:26.096+00:00,상품선택: 러닝벨트 / 색상: 블랙 / 사이즈: M,짱짱하고 가벼워서 좋아요,5,1
elin*****,2023-04-18T23:00:24.035+00:00,상품선택: 러닝벨트 / 색상: 형광 / 사이즈: S,달리기할때필수템 이제이거없음안됨ㅋ,5,1
free****,2023-03-29T15:15:08.275+00:00,상품선택: 러닝벨트 / 색상: 블랙 / 사이즈: S,매우만족스럽습니다 추천합니다,5,1
sw****,2023-04-07T05:48:20.047+00:00,상품선택: 러닝벨트 / 색상: 블랙 / 사이즈: S,"1년 전에 구입해서 사용하던거 지인이 보구 좋다고해서 선물했습니다.
편하고 짱짱해서 좋다고 합니다.
수납이 잘 되서 굿!",5,1
ti****,2023-03-15T11:46:47.982+00:00,상품선택: 러닝벨트 / 색상: 블랙 / 사이즈: M,성능은 물론 색상도 마음에 들어요..^^,4,1
kdh0***,2023-04-14T03:16:12.232+00:00,상품선택: 러닝벨트 / 색상: 블랙 / 사이즈: M,좋은데 작은 물건들(차키)은 뛰다가 빠질수도있어서 배치를 잘해야돼요,4,1
wall*****,2023-04-17T13:24:19.472+00:00,상품선택: 러닝벨트 / 색상: 블랙 / 사이즈: S,탄력 좋고 잘사용하고 있습니다~~,5,1
haem*****,2023-03-29T05:48:52.151+00:00,상품선택: 러닝벨트 / 색상: 블랙 / 사이즈: M,기대안했는데 괜찮아요.,5,1
cu72****,2023-04-11T05:22:26.590+00:00,상품선택: 러닝벨트 / 색상: 블랙 / 사이즈: S,허리가 두툼해지는건 있지만 조깅이나 등산 할때 쓰기 좋아요~,5,1
le****,2023-04-17T05:30:17.361+00:00,상품선택: 러닝벨트 / 색상: 블랙 / 사이즈: M,러닝할 때 유용하게 사용하고 있습니다.,5,1
dkgu****,2023-04-06T03:11:12.705+00:00,상품선택: 러닝벨트 / 색상: 블랙 / 사이즈: S,좋아요 근데 핸드폰 넣으면 네모낳게 튀어나와서 쪼끔웃김,5,1
leer*******,2023-04-08T00:05:04.979+00:00,상품선택: 러닝벨트 / 색상: 블랙 / 사이즈: S,러닝할때 필요해서 구매했습니다. 고정은 잘 되는거 같아요ㅎㅎ,5,1
ghks****,2023-03-28T04:02:45.356+00:00,상품선택: 러닝벨트 / 색상: 블랙 / 사이즈: M,동아마라톤때 운용하게 사용!,5,1
vdoj***,2023-03-14T00:14:13.219+00:00,상품선택: 러닝벨트 / 색상: 블랙 / 사이즈: S,벨트형으로 쓰다보니 늘어나서 흘러내기길래 사봤는데 골반에 내리니 딱 맞고 쩅쨍하니 좋아요,5,1
from*****,2023-03-10T00:25:34.764+00:00,상품선택: 러닝벨트 / 색상: 블랙 / 사이즈: S,오늘 허리에 두르고 뛰어봤는데 좋네요 s보다 작은 거 사도 될 뻔 했어요  뛰고 나니 위로 좀 올라옴,5,1
bng2***,2023-04-17T09:34:16.994+00:00,상품선택: 러닝벨트 / 색상: 블랙 / 사이즈: M,저렴하게 잘샀어요~^,5,1
redj******,2023-04-09T13:22:30.405+00:00,상품선택: 러닝벨트 / 색상: 블랙 / 사이즈: S,"미사용중!
핸드폰 넣어보니 잘들어감",4,1
cds6***,2023-03-23T02:31:20.796+00:00,상품선택: 러닝벨트 / 색상: 블랙 / 사이즈: S,만족합니다 좋아요 ㅎ,5,2
cds6***,2023-03-23T02:31:13.393+00:00,상품선택: 러닝벨트 / 색상: 블랙 / 사이즈: M,만족합니다 좋아요 ㅎ,5,1
ysm0***,2023-03-14T04:55:41.925+00:00,상품선택: 러닝벨트 / 색상: 블랙 / 사이즈: S,재구매 합니다. 가격 적당하고 사이즈도 딱 좋아요,5,1
ashl********,2023-04-15T12:54:07.540+00:00,상품선택: 러닝벨트 / 색상: 블랙 / 사이즈: M,배송 매우 빠르고 편해요,5,1
jjb8***,2023-04-12T03:55:18.986+00:00,상품선택: 러닝벨트 / 색상: 블랙 / 사이즈: M,엄청나게 편리하고 좋아요,5,1
yatt***,2023-04-15T10:03:21.074+00:00,상품선택: 러닝벨트 / 색상: 형광 / 사이즈: M,아주아주 잘 사용하고 있습니다,5,1
rhgt*****,2023-03-19T03:20:24.666+00:00,상품선택: 러닝벨트 / 색상: 블랙 / 사이즈: M,배송도 빠르고 제품이 너무 조아요,5,1
hihi****,2023-04-13T15:58:05.466+00:00,상품선택: 러닝벨트 / 색상: 블랙 / 사이즈: L,쓰던거 잃어버려서 재주문!,5,1
ysm0***,2023-03-14T04:57:24.632+00:00,상품선택: 러닝벨트 / 색상: 블랙 / 사이즈: M,"배송 빠르고 사이즈도 좋습니다.
S 기준 허리 26인치 이상 28미만 딱 일듯해요",5,1
moon****,2023-03-20T12:50:18.265+00:00,상품선택: 러닝벨트 / 색상: 블랙 / 사이즈: M,가격대비 만족합니다,4,3
dear******,2023-04-19T11:05:09.887+00:00,상품선택: 러닝벨트 / 색상: 블랙 / 사이즈: L,보하요어유아웅ㅇ 웅ㅇ,5,1
kimw*******,2023-03-12T10:34:06.427+00:00,상품선택: 러닝벨트 / 색상: 블랙 / 사이즈: L,사용 전인데 평이 좋아 구매했어요 잘 쓸게요,5,1
cksk*******,2023-03-10T04:11:05.131+00:00,상품선택: 러닝벨트 / 색상: 블랙 / 사이즈: S,"입는형식이고요. 
폰 잘 들어가고 좋아요. 
허리25기준 부담없이 잘 맞아요.",5,1
boky*******,2023-03-23T09:23:31.376+00:00,상품선택: 러닝벨트 / 색상: 블랙 / 사이즈: L,빠른배송 고맙습니다.,5,1
norn******,2023-04-07T00:49:32.092+00:00,상품선택: 러닝벨트 / 색상: 블루 / 사이즈: M,배송빠르고 상품이 좋아요,5,2
norn******,2023-04-07T00:49:23.597+00:00,상품선택: 러닝벨트 / 색상: 블랙 / 사이즈: M,배송빠르고 상품이 좋아요,5,1
junh*******,2023-04-05T23:42:37.391+00:00,상품선택: 러닝벨트 / 색상: 블랙 / 사이즈: S,러닝 중 흘러내리지 않고 좋아요!,5,1
kdh3***,2023-04-10T08:27:43.059+00:00,상품선택: 러닝벨트 / 색상: 블랙 / 사이즈: M,잘쓰겠습니 다습니다,5,1
moon****,2023-03-20T12:50:48.409+00:00,상품선택: 러닝벨트 / 색상: 블랙 / 사이즈: S,가격대비.민족합니다,4,1
ehsl******,2023-04-09T08:12:51.307+00:00,상품선택: 러닝벨트 / 색상: 블랙 / 사이즈: S,러닝할때 너무 편해요ㅠㅠ,5,1
bsj8****,2023-03-17T08:33:44.852+00:00,상품선택: 러닝벨트 / 색상: 블랙 / 사이즈: M,"러닝할때 쓰려고 샀습니다.
좋네요ㅋ",5,1
soon****,2023-03-20T00:54:50.986+00:00,상품선택: 러닝벨트 / 색상: 블랙 / 사이즈: M,품질.배송이 좋습니다.,5,1
dnsa*******,2023-03-29T01:53:47.179+00:00,상품선택: 러닝벨트 / 색상: 블랙 / 사이즈: S,탄탄하고 부드러워서 옷안으로 해도 괜찮은것같아요,5,1
enou******,2023-04-05T10:08:59.228+00:00,상품선택: 러닝벨트 / 색상: 블랙 / 사이즈: L,182/89 인데 L 사이즈 살짝 큽니다 참고하세요,4,1
jemj***,2023-03-04T11:16:16.927+00:00,상품선택: 러닝벨트 / 색상: 블랙 / 사이즈: S,"자세히 보고 샀어야 했나봐요
입는 형식이고 핸드폰이 울트라노트인데 잘 안들어가요ㅜㅜ",3,1
kimn*****,2023-03-15T23:51:56.898+00:00,상품선택: 러닝벨트 / 색상: 블루 / 사이즈: S,조아요 제가 색선택틀 잘못해서사버렸지만 그래도좋아요,5,1
sjw8***,2023-03-31T02:52:35.090+00:00,상품선택: 러닝벨트 / 색상: 블루 / 사이즈: M,허접함 가격보다못합니다,1,1
91bl*****,2023-03-26T07:49:46.383+00:00,상품선택: 러닝벨트 / 색상: 블랙 / 사이즈: S,러닝할때 좋습니다. 약간 마른 남자인데 s 는 작긴 하네요,5,1
yong*****,2023-03-06T05:42:51.389+00:00,상품선택: 러닝벨트 / 색상: 블랙 / 사이즈: L,배송빠르고 좋네요 잘쓰겠습니다,5,1
wall*****,2023-03-14T11:37:32.460+00:00,상품선택: 러닝벨트 / 색상: 블랙 / 사이즈: S,이런게 있을까 생각하고 검색했는데 진짜 이런 상품이 있었네요! 맨날 운동나갈때 주머니에 털렁털렁 했는데 참 좋습니다!,5,1
happ*******,2023-02-17T06:16:32.115+00:00,상품선택: 러닝벨트 / 색상: 블랙 / 사이즈: S,사용하기 편리합니다. 재구매했습니다.,5,1
3760****,2023-03-27T00:11:08.067+00:00,상품선택: 러닝벨트 / 색상: 블랙 / 사이즈: M,러닝할때도 쓰고 집앞에 잠깐 나갈때도 하고~ 좋네요~,5,1
rob_***,2023-03-28T08:26:29.810+00:00,상품선택: 러닝벨트 / 색상: 블랙 / 사이즈: S,배송도빠르고 상품도 좋아요~,5,1
kim3****,2023-03-28T02:51:19.825+00:00,상품선택: 러닝벨트 / 색상: 블랙 / 사이즈: S,쫀쫀하니 안 흘러내리고 좋네용,5,1
zeus****,2023-03-27T00:09:26.022+00:00,상품선택: 러닝벨트 / 색상: 블랙 / 사이즈: M,러닝할 때 느낌도 많이 없고 좋습니다.,4,1
moi1***,2023-03-07T00:33:33.154+00:00,상품선택: 러닝벨트 / 색상: 블랙 / 사이즈: S,배송빠르고 핸드폰 잘들어가요,5,1
my_w****,2023-03-16T02:46:01.119+00:00,상품선택: 러닝벨트 / 색상: 블랙 / 사이즈: M,이뻐요 근데 살짝 작은느낌 그래도 조아요,5,1
jong******,2023-03-17T02:08:42.507+00:00,상품선택: 러닝벨트 / 색상: 블랙 / 사이즈: L,계속 쫀쫀하게 밴딩됫으면 좋겟네요 한달후 기대해봅니다,5,1
silv******,2023-03-10T23:28:20.161+00:00,상품선택: 러닝벨트 / 색상: 블랙 / 사이즈: S,운동할때 소지품 챙기기 좋네요. 가격대비 만족합니다. 초5 스몰사이즈가 맞네요.,5,1
li****,2023-03-10T01:07:25.504+00:00,상품선택: 러닝벨트 / 색상: 블랙 / 사이즈: M,편리해요. 따로 길이조절 필요없는 밴드형식이라 번거롭지 않아 좋아요,5,1
nata*******,2023-03-18T05:09:37.732+00:00,상품선택: 러닝벨트 / 색상: 블랙 / 사이즈: M,좋아요 잘쓰겠습니다,5,2
nata*******,2023-03-18T05:09:25.344+00:00,상품선택: 러닝벨트 / 색상: 블랙 / 사이즈: S,좋아요 잘쓰겠습니다,5,1
s2pr****,2023-02-14T09:02:09.421+00:00,상품선택: 러닝벨트 / 색상: 블랙 / 사이즈: M,평소 66입어서 m삿는데 넉넉하네요 밑으로좀 내려서 사용해야하는데 다음엔 한사이즈 낮춰서 사야겠너요,5,1
kkom******,2023-03-16T14:31:31.825+00:00,상품선택: 러닝벨트 / 색상: 블루 / 사이즈: L,골반에 걸쳐서 사용하려고 골반 사이즈로 구매했더니 너무 큽니다,4,1
bcpa***,2023-03-11T03:31:04.770+00:00,상품선택: 러닝벨트 / 색상: 블랙 / 사이즈: L,배송빠르고 제품도 좋아요. 잘쓸께요,5,1
kdw6***,2023-02-22T09:58:26.957+00:00,상품선택: 러닝벨트 / 색상: 블랙 / 사이즈: M,"러닝할때 착용하기 편하고 핸드폰, 자동차키도 잘 들어 가네요!",5,1
tati*****,2023-03-02T09:33:54.256+00:00,상품선택: 러닝벨트 / 색상: 블랙 / 사이즈: S,S와M사이즈 사이즈 차이 많이 나요ㅜㅜ,5,1
blac****,2023-03-14T21:41:39.129+00:00,상품선택: 러닝벨트 / 색상: 블랙 / 사이즈: L,매우만족합니다 감사합니다,5,1
tjsw******,2023-02-19T03:55:04.875+00:00,상품선택: 러닝벨트 / 색상: 형광 / 사이즈: M,"처음 사용해봤는데 좋았어요 
확실히 있으니 편하네요",5,1
hihi****,2023-04-13T15:58:28.137+00:00,상품선택: 러닝벨트 / 색상: 블랙 / 사이즈: M,재주문~~~~~~~~~,5,1
tjsw******,2023-02-19T03:55:30.090+00:00,상품선택: 러닝벨트 / 색상: 블랙 / 사이즈: M,"좋아요 ~~
추천합니다",5,1
cu72****,2023-03-05T01:11:24.301+00:00,상품선택: 러닝벨트 / 색상: 블랙 / 사이즈: S,좋네요~~제 휴대폰이 노트 시리즈라 넘 커서 잘 안들어가기는 히ㅣ지만 편하네요,5,1
fori*****,2023-01-23T05:35:56.900+00:00,상품선택: 러닝벨트 / 색상: 블랙 / 사이즈: S,"2년전인가 3년전 타 사이트에서 사고 너무 잘 쓰다가 세탁시 여유분으로 1개 더 샀어요.
이거 정말 편해
요. 덜렁 거리지 않고 밀착감 좋으면서 1개로 2년 썼는데도 재봉 터지는거 없이 멀쩡해요.
저는 노트8 넣고 다녔어요.",5,1
hure******,2023-03-05T08:08:36.393+00:00,상품선택: 러닝벨트 / 색상: 블랙 / 사이즈: M,허리에 딱 맞고 좋네요 심플하고 클립형보다 괜찮은듯해요,5,1
hure******,2023-03-05T08:09:20.303+00:00,상품선택: 러닝벨트 / 색상: 형광 / 사이즈: M,클립형보다 괜찮네요 안흘러내리고 좋아요,5,1
ky****,2023-03-10T01:20:34.111+00:00,상품선택: 러닝벨트 / 색상: 블랙 / 사이즈: S,마감 깔끔하고 퀄리티 좋네요~~,5,1
ksa9***,2023-03-08T10:42:35.522+00:00,상품선택: 러닝벨트 / 색상: 블랙 / 사이즈: S,착용감도 편하고 잘쓸것 같아요~,5,1
sinh******,2023-03-11T07:45:45.499+00:00,상품선택: 러닝벨트 / 색상: 블루 / 사이즈: L,감사하무니다 잘 쓰겠스무니다,4,1
hugo****,2023-03-06T09:23:27.971+00:00,상품선택: 러닝벨트 / 색상: 블랙 / 사이즈: L,아주좋아요 감사합니다..,5,1
poet****,2023-03-07T01:56:08.934+00:00,상품선택: 러닝벨트 / 색상: 형광 / 사이즈: S,가성비 좋고 무난합니다,5,1
wwin****,2023-03-05T00:56:23.289+00:00,상품선택: 러닝벨트 / 색상: 블랙 / 사이즈: M,달리기할때 너무 편하고 좋아요,5,1
to****,2023-03-08T02:53:32.152+00:00,상품선택: 러닝벨트 / 색상: 블랙 / 사이즈: L,시원하고 편하네요 좋아요,4,2
to****,2023-03-08T02:53:28.281+00:00,상품선택: 러닝벨트 / 색상: 형광 / 사이즈: S,시원하고 편하네요 좋아요,4,1
amzi****,2023-03-03T01:39:22.182+00:00,상품선택: 러닝벨트 / 색상: 블랙 / 사이즈: L,런닝할때 가볍게쓰기좋아요,5,1
ro1r***,2023-02-07T03:41:38.657+00:00,상품선택: 러닝벨트 / 색상: 블랙 / 사이즈: M,"써본순간 진작 살걸 했습니다
그냥 사세요",5,1
74****,2023-02-01T07:44:26.256+00:00,상품선택: 러닝벨트 / 색상: 블랙 / 사이즈: S,얇고 가볍고 좋은 것같아요 착용하고 핸드폰 넣어봤는데 넣고 빼는 거 불편하지 않네요,5,1
tati*****,2023-03-02T09:34:15.063+00:00,상품선택: 러닝벨트 / 색상: 블랙 / 사이즈: M,S와M사이즈 차이  많이 나요,5,1
iblu***,2023-02-18T01:36:17.143+00:00,상품선택: 러닝벨트 / 색상: 블랙 / 사이즈: S,쫀쫀해서 흔들림이 없어요. 핸드폰이 빠지지 않고 허리에 차니 가볍고 좋네요~^^,5,1
seon******,2023-01-13T08:34:58.610+00:00,상품선택: 러닝벨트 / 색상: 블랙 / 사이즈: M,"오. 반신반의하며 샀어요. 
근데 되게 좋네요. 티셔츠 안으로 해도 불룩 튀어나오지않고 착 붙어 좋아요. 
폰 꺼내고 넣기 힘들지않고요~ 뛰어도 안빠져요.",5,1
wint********,2023-02-03T04:48:45.093+00:00,상품선택: 러닝벨트 / 색상: 블랙 / 사이즈: M,쫀쫀해요! 잘 쓸게용!,5,1
seri******,2023-02-24T06:29:36.300+00:00,상품선택: 러닝벨트 / 색상: 블랙 / 사이즈: M,좋아요좋아좋아요좋아,4,1
luck******,2023-02-12T15:33:16.389+00:00,상품선택: 러닝벨트 / 색상: 블랙 / 사이즈: S,에너지젤 수납하기 아주 좋아요,5,1
ind2***,2022-12-20T06:29:39.803+00:00,상품선택: 러닝벨트 / 색상: 형광 / 사이즈: S,"제가 갤럭시 노트20 울트라라 싸이즈가 좀 크거든요.. ㅎ 걱정했는데 케이스 끼우고도 넣어지네요.
원단이 천재질이라 부드럽게 잘 들어가요! ㅎ 겨울이라 런닝머신 사용할때 애매 했는데 잘 사용할듯요
 폰 넣으니 사진을 찍고 싶었지만 ㅋㅋ 폰을 넣으면 찍을수가 ... 식구들이 다 출근한 관계로 ㅋ",5,1
ck****,2023-02-11T02:27:40.574+00:00,상품선택: 러닝벨트 / 색상: 블랙 / 사이즈: M,생각보다 짱짱하네요,5,1
jss0***,2023-01-29T16:05:00.950+00:00,상품선택: 러닝벨트 / 색상: 블랙 / 사이즈: L,러닝하면서 이런저런가방 착용 많이 해봤는데 이거 만한게 없네요~추천합니다!,5,1
phj6***,2023-01-31T05:32:44.071+00:00,상품선택: 러닝벨트 / 색상: 블랙 / 사이즈: M,"골반32-33인데 M사이즈가 딱맞네요.
입다보면 늘어나서 더욱 착 감길듯.",5,1
dlqu******,2023-02-05T13:46:31.115+00:00,상품선택: 러닝벨트 / 색상: 블랙 / 사이즈: M,러닝할때 너무 편하고 좋네요,5,1
je****,2022-12-19T05:13:50.515+00:00,상품선택: 러닝벨트 / 색상: 블랙 / 사이즈: S,핸드폰이 너무 무거워서 바지 주머니에 넣으면 바지 벗겨질것 같고 자켓 주머니에 넣으면 좌우 균형이 안맞아서 불편하고 가방은 번거롭고 덜렁거리길래 플립벨트 주문해봤어요. 이거 쓰니까 폰이 가볍게 느껴지고 훨씬 편해요. 케이스 끼운 아이폰14프로 잘 들어갑니다.,5,1
ange******,2023-01-26T12:26:34.461+00:00,상품선택: 러닝벨트 / 색상: 형광 / 사이즈: M,안녕하세요. 빠른 배송 감사합니다..^^,5,1
lks9***,2023-01-03T08:47:59.287+00:00,상품선택: 러닝벨트 / 색상: 블루 / 사이즈: S,내구성이 좋아보여요! 물론 디자인도 만점^^,5,1
kimj*******,2023-02-06T06:20:04.250+00:00,상품선택: 러닝벨트 / 색상: 블랙 / 사이즈: M,편안해서 좋네요~~~,5,1
ind2***,2023-01-26T14:24:17.876+00:00,상품선택: 러닝벨트 / 색상: 형광 / 사이즈: S,조금 말리는것 빼고는 잘 사용하고 있어요!,4,1
dldj******,2023-01-03T11:33:06.104+00:00,상품선택: 러닝벨트 / 색상: 블랙 / 사이즈: M,감사합니다 잘쓸게요,5,1
coff*******,2023-01-25T05:20:59.140+00:00,상품선택: 러닝벨트 / 색상: 블루 / 사이즈: M,이거 없으면 러닝불가 기록오름,5,1
dek0***,2022-12-30T12:49:40.470+00:00,상품선택: 러닝벨트 / 색상: 블랙 / 사이즈: S,빠른 배송 감사합니다.,5,4
kang*******,2023-01-18T03:05:17.334+00:00,상품선택: 러닝벨트 / 색상: 형광 / 사이즈: M,착용감이 좋아 달릴때 기록이 좋아요,4,1
sson***,2023-01-21T02:02:37.206+00:00,상품선택: 러닝벨트 / 색상: 블랙 / 사이즈: S,잘받았습니다 ~~~,5,1
cheu****,2022-12-03T07:56:44.603+00:00,상품선택: 러닝벨트 / 색상: 블랙 / 사이즈: M,사용한지 좀 됐는데 너무 좋네요 엄청 좋아요 진짜 강추 진짜로,5,1
love******,2022-12-30T13:37:21.103+00:00,상품선택: 러닝벨트 / 색상: 블랙 / 사이즈: M,러닝 벨트중엔 흔들림 없는 면에서는 최고입니다,5,1
jo****,2022-12-11T23:47:47.980+00:00,상품선택: 러닝벨트 / 색상: 블루 / 사이즈: L,정말 편합니다 두손이 자유로와 좋습니다 제가 허리사이즈표보고 라지를 샀는데 미디움으로 사는게 좀 더 낫지 않았나 싶어요 골반쪽으로 내리면 괜찮아지긴 하지만 조금 타이트하게 사는게 나을것같아요,5,1
eunj*******,2023-01-04T09:51:22.821+00:00,상품선택: 러닝벨트 / 색상: 블랙 / 사이즈: S,슬림하고 고정력도 좋네요,5,1
h_****,2022-11-25T15:38:48.548+00:00,상품선택: 러닝벨트 / 색상: 블랙 / 사이즈: S,"고민 많이하고 구매했는데, 잘 사용하고 있습니다. 너무 마음에 들어요 ! 앞으로 계속 잘 사용할 것 같습니다^^",5,1
hi****,2023-01-06T00:06:49.382+00:00,상품선택: 러닝벨트 / 색상: 블랙 / 사이즈: M,사용하기 편합니다.,4,1
jkh9***,2022-12-29T02:37:26.076+00:00,상품선택: 러닝벨트 / 색상: 블루 / 사이즈: M,배송도 엄청 빠르고 너무 좋아요,5,2
jkh9***,2022-12-29T02:37:08.399+00:00,상품선택: 러닝벨트 / 색상: 형광 / 사이즈: M,배송도 엄청 빠르고 너무 좋아요,5,1
1214******,2022-12-09T11:15:44.035+00:00,상품선택: 러닝벨트 / 색상: 블랙 / 사이즈: L,180 / 100 이라서 작을까 걱정했는데 충분하네요,5,1
vala*******,2022-12-14T08:38:12.540+00:00,상품선택: 러닝벨트 / 색상: 블랙 / 사이즈: S,"기존에 갖고있던 러닝벨트들이 너무 헐렁해서 걱정했는데, 핏 플립벨트는 다행히 짱짱이 잡아줘서 풀마라톤때 잘 사용했습니다,",5,1
onk0***,2022-12-08T12:53:16.976+00:00,상품선택: 러닝벨트 / 색상: 블랙 / 사이즈: S,마음에 듭니다요~~,5,1
m_pr***,2022-11-17T01:02:59.163+00:00,상품선택: 러닝벨트 / 색상: 블루 / 사이즈: M,"사자마자 빨래망에 넣어서 빨앗는데, 프린팅 된 글씨가 다 떨어지네요. 사용에 문제는 없어서 그냥 쓰겠지만 앞으로 신경 써서 제작 하셨으면 합니다",3,1
boy3***,2022-12-03T14:29:49.574+00:00,상품선택: 러닝벨트 / 색상: 블랙 / 사이즈: M,밴드가 유연성 좋고 편리해요,5,1
jkh9***,2022-12-29T02:37:19.551+00:00,상품선택: 러닝벨트 / 색상: 블랙 / 사이즈: M,배송이 너무 발라서 만족도 1000,5,1
mesi*****,2022-12-12T07:13:20.423+00:00,상품선택: 러닝벨트 / 색상: 블랙 / 사이즈: S,러닝할때 장거리뛰면 에너지 젤리 수납이 편하고 사이즈도 딱 맞고 핏도 좋아요^^,5,1
jeon******,2022-12-18T06:43:18.043+00:00,상품선택: 러닝벨트 / 색상: 블랙 / 사이즈: M,런닝할때 스마트폰 넣고 운동합니다 사용하기 편해요,5,1
kdew****,2022-12-21T23:02:53.324+00:00,상품선택: 러닝벨트 / 색상: 형광 / 사이즈: L,편하고 아주 좋아요,5,1
sixt********,2022-12-10T08:37:21.442+00:00,상품선택: 러닝벨트 / 색상: 블랙 / 사이즈: S,착용할때가 좀 불편한데 하고나면 편해요 여름에 더 잘쓸거같아요,4,1
whit*****,2022-11-16T08:50:29.545+00:00,상품선택: 러닝벨트 / 색상: 블랙 / 사이즈: S,친구 추천으로 구매했어요 빨리 써보고싶네요,5,1
stra********,2022-11-21T00:09:07.760+00:00,상품선택: 러닝벨트 / 색상: 블랙 / 사이즈: M,한달동안 사용하면서 늘어남도 없고 좋아요,5,1
de****,2022-11-17T05:00:28.670+00:00,상품선택: 러닝벨트 / 색상: 블랙 / 사이즈: S,편하고 사용하기 좋아서 재구매 했습니다,5,1
spac*****,2022-12-12T22:44:47.577+00:00,상품선택: 러닝벨트 / 색상: 형광 / 사이즈: M,탄탄하고 흘러내리지 않네요.,5,1
dhcj***,2022-11-28T01:33:12.653+00:00,상품선택: 러닝벨트 / 색상: 블랙 / 사이즈: M,조아요 호주에있는 친구 한테 선물 해주니 좋아하네요,5,1
lys7***,2022-11-14T11:34:51.308+00:00,상품선택: 러닝벨트 / 색상: 블랙 / 사이즈: S,러닝용으로 잘 쓰고 았어요 가성비 굿입니다,5,1
subt********,2022-11-02T12:22:45.567+00:00,상품선택: 러닝벨트 / 색상: 블랙 / 사이즈: S,가벼워서 마음에 들어요. 가격이 좀 더 비싸다는 느낌은 듭니다. 로고가 더 작거나 없었으면 좋겠어요.,4,1
seur***,2022-11-29T05:24:41.929+00:00,상품선택: 러닝벨트 / 색상: 블랙 / 사이즈: M,신축성 좋아요. 자크가 없어서 조금 불안하긴 하네요...,5,1
airo****,2022-11-08T23:33:05.550+00:00,상품선택: 러닝벨트 / 색상: 블랙 / 사이즈: M,요즘엔 런닝벨트가 옛날보다 굉장히 좋아졌네요.,5,1
chog*******,2022-11-27T13:19:34.383+00:00,상품선택: 러닝벨트 / 색상: 블랙 / 사이즈: S,"넘나 편하고 좋아요, 하나 사용하다가 빨아쓰려고 하나 더 산거에요.",4,1
wkdg*******,2022-11-03T07:06:22.794+00:00,상품선택: 러닝벨트 / 색상: 블랙 / 사이즈: M,"좋아서 몇개 구매해서 쓰고 있는데, 간편하고 좋습니다. 
다만 자크가 없어서 약간 아쉽긴 함",5,2
wkdg*******,2022-11-03T07:06:09.711+00:00,상품선택: 러닝벨트 / 색상: 블루 / 사이즈: M,"좋아서 몇개 구매해서 쓰고 있는데, 간편하고 좋습니다. 
다만 자크가 없어서 약간 아쉽긴 함",5,1
cr****,2022-12-03T09:57:04.932+00:00,상품선택: 러닝벨트 / 색상: 블랙 / 사이즈: S,짱짱합니다. 휴대폰 넣고 달리기 딱이에요.,5,2
cr****,2022-12-03T09:56:42.907+00:00,상품선택: 러닝벨트 / 색상: 블랙 / 사이즈: S,짱짱합니다. 휴대폰 넣고 달리기 딱이에요.,5,1
byou***,2022-11-15T04:33:21.649+00:00,상품선택: 러닝벨트 / 색상: 블랙 / 사이즈: M,저렴하게 잘 샀습니다,5,1
nocc***,2022-11-01T12:18:19.469+00:00,상품선택: 러닝벨트 / 색상: 블랙 / 사이즈: S,다른거 다 필요 없어요 밴드 짱짱하니 쵝오입니다,5,1
dhcj***,2022-11-28T01:33:29.364+00:00,상품선택: 러닝벨트 / 색상: 형광 / 사이즈: M,친구한테 선물해주니 조아합니다,5,1
hand********,2022-11-11T07:27:34.113+00:00,상품선택: 러닝벨트 / 색상: 블루 / 사이즈: M,짐이 안빠져서 좋았습니다,5,1
plut********,2022-11-10T07:57:37.584+00:00,상품선택: 러닝벨트 / 색상: 블랙 / 사이즈: S,늘상 사용 하던거라 계속 구매요^^/,5,1
alru*****,2022-11-06T10:06:49.247+00:00,상품선택: 러닝벨트 / 색상: 블랙 / 사이즈: M,좋아요 운동할때 아주 잘 사용해요,4,1
blin*****,2022-11-03T17:50:46.144+00:00,상품선택: 러닝벨트 / 색상: 형광 / 사이즈: L,가볍고 눈에 잘뛰는 형광색이라 안전하게 뛸 수 있어요,5,1
land***,2022-11-15T04:20:39.597+00:00,상품선택: 러닝벨트 / 색상: 블랙 / 사이즈: M,흘러내리지 않아서 좋습니다. 다이소에서 산 건 금새 헐렁해지더라구요,5,1
ma****,2022-10-28T11:09:08.844+00:00,상품선택: 러닝벨트 / 색상: 블랙 / 사이즈: L,사이즈도 잘맞고 핸드폰 보관하기도 좋아요,5,1
do****,2022-10-20T14:14:13.771+00:00,상품선택: 러닝벨트 / 색상: 블랙 / 사이즈: L,"가격, 편의성 만족합니다.
자전거 라이딩할때 잘 쓸게요",5,1
naeg****,2022-11-02T22:07:12.691+00:00,상품선택: 러닝벨트 / 색상: 블랙 / 사이즈: S,"이게 발끝에서부터 팬티입듯 끌어올려 착용한다는 사실을 몰랐네요. 설명에도 없어서...
구멍이 세개인데 빠져나올것같지는 않지만 넣고 빼는것도 쉽지않읍니다.",1,1
tlqc******,2022-10-28T12:30:33.103+00:00,상품선택: 러닝벨트 / 색상: 블랙 / 사이즈: L,"딴거 다 써봐도 이게 젤 좋음 

  두개삼  

하나 빨래할때 쓰는 용",5,1
hell*****,2022-11-01T11:06:39.147+00:00,상품선택: 러닝벨트 / 색상: 블랙 / 사이즈: S,아직 써보진 않았지만 좋겠지요,5,1
cice****,2022-10-09T13:07:44.530+00:00,상품선택: 러닝벨트 / 색상: 블랙 / 사이즈: S,"러닝메이트 선물용으로 드렸어요, 제거는 사이즈 변경 요청했는데 배송 누락이 돼서 따로 다시 받았어요. 제품은 만족합니다. 31 허리사이즈인데 s했어도 좋았을 것 같네요",4,1
stro****,2022-11-13T00:58:29.645+00:00,상품선택: 러닝벨트 / 색상: 블랙 / 사이즈: S,면이 좋아보여요 사이즈는 좀더 달려봐야 알 듯,4,1
kds8*****,2022-11-12T23:22:02.216+00:00,상품선택: 러닝벨트 / 색상: 형광 / 사이즈: M,"운동할때 편합니다
다만 휴대폰 케이스 크기에따라 잘 안들어 갈 수도 있습니다",4,1
eunj*******,2022-11-21T01:43:00.711+00:00,상품선택: 러닝벨트 / 색상: 블랙 / 사이즈: S,얇고 착붙어서 좋네요,5,1
sile*****,2022-10-24T02:36:00.038+00:00,상품선택: 러닝벨트 / 색상: 블랙 / 사이즈: S,매우좋아요 만족합니다,5,1
seik****,2022-10-15T13:28:20.300+00:00,상품선택: 러닝벨트 / 색상: 블랙 / 사이즈: S,여자가 하기엔 s도  짱짱하진 안아요...핸폰 차키 카드 넣어도 붙지안고 무게감이 느껴져요,4,1
aaaa****,2022-11-15T10:59:27.392+00:00,상품선택: 러닝벨트 / 색상: 블랙 / 사이즈: M,생각보다 헐렁하네요!,5,1
lee1******,2022-10-27T11:51:20.897+00:00,상품선택: 러닝벨트 / 색상: 블랙 / 사이즈: M,배송빠르고 편합니다,5,1
pjhl****,2022-11-14T12:56:49.521+00:00,상품선택: 러닝벨트 / 색상: 블랙 / 사이즈: S,만족합니다.만족합니다.,5,1
yscn***,2022-10-29T02:33:22.602+00:00,상품선택: 러닝벨트 / 색상: 블랙 / 사이즈: S,잘 쓰고 있습니다.,5,2
kukb*****,2022-11-13T06:34:49.896+00:00,상품선택: 러닝벨트 / 색상: 블랙 / 사이즈: M,사이즈맞고 탄력적입니다 굿,5,1
nams*****,2022-11-14T11:43:17.372+00:00,상품선택: 러닝벨트 / 색상: 블루 / 사이즈: M,이거쓰고 달리기 특급,5,1
jung******,2022-10-23T11:59:44.253+00:00,상품선택: 러닝벨트 / 색상: 블랙 / 사이즈: M,러닝할때 핸드폰 넣으면 딱임!!,5,1
dnjs********,2022-09-23T06:04:13.904+00:00,상품선택: 러닝벨트 / 색상: 블랙 / 사이즈: S,목요일날 시켰는데 다음날인 금요일에 바로 배송 왔습니다. 배송이 엄청 빠르네요 그리고 오자마자 착용해보고 휴대폰을 넣어서 뛰어봤는데 짱짱해서 흔들림 없어서 안정감 있게 달릴수있어요! 저는 31~32인치 허리인데 S주문 했습니다 좀 쪼이는 느낌이 있기는 하지만 저한테 딱맞다고 생각이 드네요 !,5,1
z2****,2022-10-21T04:21:35.510+00:00,상품선택: 러닝벨트 / 색상: 블랙 / 사이즈: S,배송이 빨라서 좋았습니다,3,1
jins******,2022-10-31T23:13:03.299+00:00,상품선택: 러닝벨트 / 색상: 블랙 / 사이즈: S,내가 사용하는게 너무좋아 와이프하나더.. 너무조아해요,5,1
rams***,2022-11-07T06:26:58.673+00:00,상품선택: 러닝벨트 / 색상: 블랙 / 사이즈: S,배송도 빠르고 상품도 아주 만족합니다.,5,1
naeg****,2022-11-03T21:52:53.466+00:00,상품선택: 러닝벨트 / 색상: 형광 / 사이즈: S,팬티입듯 입어야해서 불편하고 넣고 빼기도쉽지않아요,1,1
rhhs****,2022-10-17T04:26:38.452+00:00,상품선택: 러닝벨트 / 색상: 블랙 / 사이즈: M,편하고 좋아요. 골반에 걸칠 거라 혹시나 하고 m을 샀는데 s를 사야 맞았을 거 같아요 ㅋㅋ 골반 어느 정도 있다고 해도 164 미만의 여성들은 s 사이즈 쓰시는 게 맞을 거 같아요.,5,1
repl******,2022-10-09T09:29:44.387+00:00,상품선택: 러닝벨트 / 색상: 블랙 / 사이즈: M,"지퍼, 플라스틱 소재의 구성품이 없는 심플한 모델을 찾았는데 딱이네요!",5,1
yesz*****,2022-10-31T05:14:27.225+00:00,상품선택: 러닝벨트 / 색상: 블랙 / 사이즈: S,운동할때너무편해요 잘 늘어나지도 않고 좋습니다,5,1
choy***,2022-11-01T13:15:27.337+00:00,상품선택: 러닝벨트 / 색상: 블랙 / 사이즈: M,뛸때도 안 흔들리고 좋아요!,5,1
suna*****,2022-11-22T01:23:57.396+00:00,상품선택: 러닝벨트 / 색상: 블랙 / 사이즈: M,좋아요 아주 좋아요,5,2
lgd1***,2022-10-26T06:47:50.699+00:00,상품선택: 러닝벨트 / 색상: 블랙 / 사이즈: M,"가성비 대만족
이거 차고 마라톤 완주함 
다음 대회에도 차고 나갈거임",4,1
jj****,2022-09-25T23:24:29.832+00:00,상품선택: 러닝벨트 / 색상: 블루 / 사이즈: S,한 번 세탁했더니 로고부분이 다 떨어지네요 ㅎ;; 그리고 소지품 넣는 부분이 그냥 뚫려있는 스타일이네요 달리면서 좀 신경은 쓰이더라고요,2,1
room*******,2022-09-21T15:16:56.304+00:00,상품선택: 러닝벨트 / 색상: 블랙 / 사이즈: S,"허리 27쯤 입는데 S사이즈를 골반까지 내려입진 못하고, 딱 허리에 맞춰 쓸 수 있었어요.
딱 원하는 기능이고 핸드폰과 손수건, 카드까지 넣고도 자리는 남더라고요.
덕분에 운동 잘 했습니다~ 추천해요~",5,1
seol********,2022-10-08T04:37:53.172+00:00,상품선택: 러닝벨트 / 색상: 형광 / 사이즈: S,운동시 핸드폰 넣기 편하고 좋아요,4,1
para********,2022-11-05T05:49:05.527+00:00,상품선택: 러닝벨트 / 색상: 블랙 / 사이즈: S,잘 써볼게요 ~^^,4,1
chog*******,2022-10-04T01:05:58.266+00:00,상품선택: 러닝벨트 / 색상: 블랙 / 사이즈: S,"바지 30입는데, m 커서 s로 재구매 햇습니다.
흔들림 없이 타이트 하고 좋아요",4,1
lee1******,2022-09-19T11:46:08.024+00:00,상품선택: 러닝벨트 / 색상: 블루 / 사이즈: S,"꽉 낄 줄 알았는데 생각보다는ㅋㅋ안끼네요
그래두 흘러내릴 정도는 아니고 폰 넣으면 잘 맞아요~",5,1
soju*****,2022-10-08T09:00:42.840+00:00,상품선택: 러닝벨트 / 색상: 블랙 / 사이즈: S,배송이 빨라서 좋아요,5,1
gony****,2022-11-02T23:46:50.548+00:00,상품선택: 러닝벨트 / 색상: 형광 / 사이즈: S,허리에 쫙 감기네요~~^^,5,1
jj****,2022-09-14T10:21:52.316+00:00,상품선택: 러닝벨트 / 색상: 블랙 / 사이즈: S,"배송 진짜 빠름 조깅할때 암밴드하면 흘러내리고 손에 폰 들고 뛰면 번거롭고 해서 샀는데 탄탄하고 폰이랑 에어팟, 차키 넣기에 부족하지 않음 허리에 하니까 엄청 편해요 크로스백은 덜렁거려서 별로였는데 아주 좋음",5,1
happ*******,2022-10-03T04:16:00.380+00:00,상품선택: 러닝벨트 / 색상: 블랙 / 사이즈: S,핸드폰을 손에 안들게되니 편리합니다,4,1
ange****,2022-09-14T14:24:40.743+00:00,상품선택: 러닝벨트 / 색상: 블랙 / 사이즈: S,러닝 시작하면서 이 제품 추천받았습니다. 허리에 채우는 것보다 착 달라붙어서 더 편해요. s 사이즈도 생각보다 안작고 골반에 편하게 맞습니다.,5,1
jnrj*****,2022-10-04T13:08:19.802+00:00,상품선택: 러닝벨트 / 색상: 블랙 / 사이즈: S,빠른 배송 감사합니다~~,5,1
tg****,2022-09-28T11:15:27.235+00:00,상품선택: 러닝벨트 / 색상: 블랙 / 사이즈: M,착용감이 편하고 핸드폰이 잘 보관됩니다.,5,1
qntk******,2022-09-16T02:39:07.994+00:00,상품선택: 러닝벨트 / 색상: 블랙 / 사이즈: M,"가볍고 착용감 좋고 가격 착합니다.
10km 한번 뛰었는데 덜렁거리지도 않아요 딱 뛰기 좋습니다",5,1
angk***,2022-09-26T01:20:36.700+00:00,상품선택: 러닝벨트 / 색상: 블랙 / 사이즈: S,예전에 레몬컬러 사서 가끔 필요할때 잘 사용했어서 이번에 블랙 추가로 샀어요. 풀코스 마라톤에서 사용해도 흔들림 없어서 가성비 상품이라 만족합니다,5,1
seon*****,2022-09-15T22:11:30.336+00:00,상품선택: 러닝벨트 / 색상: 블랙 / 사이즈: S,약 3년 3개월 정도 사용했던 플립 벨트가 튿어지는 바람에 새로 하나 주문했습니다. 짱짱하고 좋네요.,5,1
su****,2022-09-26T14:24:10.826+00:00,상품선택: 러닝벨트 / 색상: 형광 / 사이즈: L,"저녁에
달리기
할때

허리에 차고
달립니다
팔에 차는것보단
편합니다",5,1
no****,2022-08-14T02:13:50.126+00:00,상품선택: 러닝벨트 / 색상: 블랙 / 사이즈: M,"등산이나, 핸드폰 한손에 들고서 러닝 하려니 참 불편해서
제품 리뷰가 많은 이 제품을 구매하게 됬습니다.
허리는 32인치 정도 되고 M 사이즈 골랐습니다.

제품 수령 후 착용 해보니 스판 재질이라 
잘 늘어나고 쪼이는 느낌 없이 편하네요.

쓰다 보면 늘어날 것 같아 S사이즈 골라도
됬을것 같은데 뭐 건조기에 돌리면 줄어드니
이 착용감 상태가 괞찬겠네요.
아이폰11Pro,차키도 넣고 딱 좋습니다.",5,1
hand********,2022-09-25T02:47:46.210+00:00,상품선택: 러닝벨트 / 색상: 블루 / 사이즈: M,운동할 때 거슬리지 않고 좋아요,5,1
re****,2022-10-16T02:18:26.695+00:00,상품선택: 러닝벨트 / 색상: 블루 / 사이즈: M,러닝할때 좋아서 하나 사고 남편꺼 또 하나 샀어요,5,1
dms6***,2022-10-19T11:45:21.320+00:00,상품선택: 러닝벨트 / 색상: 블랙 / 사이즈: S,러닝할 때 필수템!,4,1
sitt****,2022-09-29T13:13:41.067+00:00,상품선택: 러닝벨트 / 색상: 형광 / 사이즈: M,배송 빠르고 좋네요,5,1
kdew****,2022-10-17T08:36:04.712+00:00,상품선택: 러닝벨트 / 색상: 형광 / 사이즈: L,편안하고 아주 좋아요!!,5,1
stra********,2022-09-25T15:20:14.674+00:00,상품선택: 러닝벨트 / 색상: 블랙 / 사이즈: M,바지사이즈 32~34 입는데 m으로 주문하니 잘 맞아요,5,1
rina***,2022-08-29T02:53:03.890+00:00,상품선택: 러닝벨트 / 색상: 블랙 / 사이즈: S,장단점이 뚜렷해요 버클을 채우는 형식이 아닌 다리 아랫쪽으로 입고 벗는 형식이라 그 점은 불편합니다 그런데 사이즈만 잘 맞으면 절대 헐겁지 않아서 덜렁거리지 않아 편하네요 아 물건을 넣고 빼는 것도 편하지는 않아요 그치만 절대 떨어뜨리거나 잃어버릴 일이 없다는 것도 장점이겠죠 ㅎㅎ,5,1
nyj2***,2022-10-05T03:04:14.452+00:00,상품선택: 러닝벨트 / 색상: 블랙 / 사이즈: S,"러닝할때 너무 도움되네요~~~
쫀쫀하니 좋아요^^",5,1
insu******,2022-09-24T01:46:54.225+00:00,상품선택: 러닝벨트 / 색상: 블랙 / 사이즈: S,쫀쫀하고 좋은 거 같아요~~,5,1
ock9*****,2022-10-11T03:24:13.452+00:00,상품선택: 러닝벨트 / 색상: 블랙 / 사이즈: S,"가성비 쵝오
급하게 샀는데좋아용",5,1
cjin***,2022-09-14T10:55:02.220+00:00,상품선택: 러닝벨트 / 색상: 형광 / 사이즈: S,단점 하나 구멍이 노출형(지퍼없음)이라 달리다가 휴대폰이 빠질 우려가 있어서 좀 불안하네요.,4,1
yoon****,2022-08-30T05:56:20.702+00:00,상품선택: 러닝벨트 / 색상: 블랙 / 사이즈: M,"도착하자마자 허리에 차고 집생활 3시간정도 했는데
착용한듯 안한듯 편하네요
500물병 넣을때 불편하지만 그만큼 고정은 잘됩니다
휴대전화도 큰편인데 안정적으로 고정되구요
물병 휴대전화 에어팟 차키 넉넉히 들어가요",5,1
ogur******,2022-10-13T11:27:03.633+00:00,상품선택: 러닝벨트 / 색상: 형광 / 사이즈: M,러닝용으로 아주 적합해요,5,1
ck****,2022-09-21T08:43:24.618+00:00,상품선택: 러닝벨트 / 색상: 블랙 / 사이즈: S,이제 양손 편하게 런닝 할 수 있어요,5,1
mcjs****,2022-10-08T01:21:42.430+00:00,상품선택: 러닝벨트 / 색상: 블랙 / 사이즈: M,한달간 사용해보니 좋네요,5,1
jyak***,2022-09-16T01:37:41.813+00:00,상품선택: 러닝벨트 / 색상: 블랙 / 사이즈: M,달리기할때 휴대폰을 안들어도 되니 너무 편해요.,5,1
ca****,2022-10-11T03:19:07.323+00:00,상품선택: 러닝벨트 / 색상: 블랙 / 사이즈: S,가볍고 짱짱하니 좋네요,5,1
lys7***,2022-09-14T05:42:38.692+00:00,상품선택: 러닝벨트 / 색상: 블랙 / 사이즈: S,허리 28-29인데 딱 맞습니다 저렴하게 러닝용 잘 샀어요,5,1
love******,2022-09-18T09:48:21.137+00:00,상품선택: 러닝벨트 / 색상: 블랙 / 사이즈: L,사이즈도 적당하고 편하네요,5,1
osg5***,2022-10-04T02:07:19.429+00:00,상품선택: 러닝벨트 / 색상: 블랙 / 사이즈: M,"뱃살빠지면 어캐될지모르겠지만 
뚠뚠이는 착감좋습니더",4,1
ehdu****,2022-09-15T12:34:54.000+00:00,상품선택: 러닝벨트 / 색상: 블랙 / 사이즈: L,아직 착용은 안했밨지만 화면과 똑같아요,5,1
jmkk****,2022-09-12T10:44:53.451+00:00,상품선택: 러닝벨트 / 색상: 블랙 / 사이즈: S,편하고 좋아요 감사합니다,5,1
sose*****,2022-10-04T07:51:32.879+00:00,상품선택: 러닝벨트 / 색상: 블랙 / 사이즈: L,운동할때 흔들리지 않아서 좋아요.,5,1
an****,2022-09-03T06:24:10.033+00:00,상품선택: 러닝벨트 / 색상: 블랙 / 사이즈: S,생각보다 입구가 불편하네요. 여자분들은 스몰하시면 될 것 같아요.,3,1
yich****,2022-10-02T03:36:14.905+00:00,상품선택: 러닝벨트 / 색상: 블루 / 사이즈: M,간편하게 착용하고 핸드폰 넣고 달려도 덜렁거리지 않아요~~,5,1
worl******,2022-08-28T00:13:01.986+00:00,상품선택: 러닝벨트 / 색상: 블랙 / 사이즈: S,"완전 대박
폰이 갤노트20 울트라라 정말 벽돌들고 뛰는 느낌이었는데 이거 쓰고 너무 좋아요
달리기 기록도 더 좋아진 느낌이랄까
강추합니다",5,1
citi*****,2022-08-30T11:59:56.720+00:00,상품선택: 러닝벨트 / 색상: 블랙 / 사이즈: S,남자 바지 31~32 입는데 사이즈 S 했는데 아주 살짝 타이트하지만 저는 딱 좋네요. 다만 신축성이 얼마나 오래 가지 못할 느낌이네요,4,1
giaa****,2022-08-27T15:02:50.007+00:00,상품선택: 러닝벨트 / 색상: 블랙 / 사이즈: S,러닝때 거슬리는 것 없이 몸이 편안합니다!! 여성분들한테 추천하는 사이즈에요 핸드폰도 에어팟도 수납이 편해요~!,5,1
to****,2022-09-26T23:55:38.076+00:00,상품선택: 러닝벨트 / 색상: 블랙 / 사이즈: M,길이 조정이 안되서 불편할줄 알았는데 짱짱하니 운동시 불편함이 없습니다,4,1
sun1*******,2022-09-26T06:24:28.402+00:00,상품선택: 러닝벨트 / 색상: 블루 / 사이즈: M,너무싼티 나네요. 생각했던 이미지가 아니예요,2,1
pmbo*****,2022-09-29T02:41:07.287+00:00,상품선택: 러닝벨트 / 색상: 블랙 / 사이즈: M,달릴때 몸에 딱 붙어 있어서 좋아요.,5,1
oyg0***,2022-10-25T10:55:23.353+00:00,상품선택: 러닝벨트 / 색상: 형광 / 사이즈: S,"입력글자수0최대글자수5,000",5,2
oyg0***,2022-10-25T10:55:16.137+00:00,상품선택: 러닝벨트 / 색상: 블랙 / 사이즈: M,"입력글자수0최대글자수5,000",5,1
deai*****,2022-09-09T07:44:48.883+00:00,상품선택: 러닝벨트 / 색상: 블루 / 사이즈: L,잘받았습니다 감사합니다~,5,1
miae***,2022-09-08T21:32:15.994+00:00,상품선택: 러닝벨트 / 색상: 블랙 / 사이즈: S,배송이 빨라서 좋았어요,5,1
spac*****,2022-10-03T11:25:57.008+00:00,상품선택: 러닝벨트 / 색상: 블랙 / 사이즈: M,M사이즈 무난하네요,5,1
mirr***,2022-09-29T03:41:16.850+00:00,상품선택: 러닝벨트 / 색상: 블랙 / 사이즈: L,빠른배송감사합니다.,5,1
kjhp******,2022-09-26T09:03:57.605+00:00,상품선택: 러닝벨트 / 색상: 블랙 / 사이즈: L,뛸때짱입이였어요안흘러니ㅣ림,5,1
qufd****,2022-09-09T00:29:25.332+00:00,상품선택: 러닝벨트 / 색상: 블랙 / 사이즈: M,런닝때 항상 쓰는건데 편안해요~~,5,1
newj*****,2022-09-27T05:23:44.709+00:00,상품선택: 러닝벨트 / 색상: 블랙 / 사이즈: S,안정감있고 좋네요 강추,5,1
rntk******,2022-08-24T04:00:21.014+00:00,상품선택: 러닝벨트 / 색상: 블랙 / 사이즈: S,포켓입구가 좀 더 타이트했으면 좋겠어요. 전반적으로 만족합니다,4,1
dkfk*****,2022-09-06T02:57:52.678+00:00,상품선택: 러닝벨트 / 색상: 블랙 / 사이즈: L,잘 쓰고있어요! 굿굿,5,1
bbb3*****,2022-09-04T07:49:50.244+00:00,상품선택: 러닝벨트 / 색상: 형광 / 사이즈: M,두번째 사는제품 좋아요!,5,1
csh4***,2022-08-22T02:54:39.286+00:00,상품선택: 러닝벨트 / 색상: 블랙 / 사이즈: M,"런닝할때 핸드폰 들고 뛰었었는데
너무 좋네요~  흘러내리지 않고
편합니다.",5,1
jung******,2022-08-28T10:00:23.824+00:00,상품선택: 러닝벨트 / 색상: 블랙 / 사이즈: M,쫀쫀하게 잘 잡아줘서 핸폰 가지고 러닝하기 좋아요,5,1
kimy********,2022-08-20T23:17:00.530+00:00,상품선택: 러닝벨트 / 색상: 블루 / 사이즈: M,탄력 좋고 사이즈도 딱 맞네요. 노트9 잘 들어가고 뛸때 흔들림도 없습니다.,5,1
ksi3***,2022-08-19T00:20:15.523+00:00,상품선택: 러닝벨트 / 색상: 형광 / 사이즈: S,"런닝할때 핸드폰 들고 다니기 불편해서 구매했습니다.
일단 착용감은 좋습니다.",5,1
jini******,2022-09-24T04:21:11.358+00:00,상품선택: 러닝벨트 / 색상: 블랙 / 사이즈: S,제가 좀 말라서 s사이즈도 커요 ㅠㅠ,3,1
k3****,2022-08-23T12:45:24.336+00:00,상품선택: 러닝벨트 / 색상: 블랙 / 사이즈: S,핸펀이 안흔들려서 편하긴해요 입는게??좀 번거로워글치,5,1
bout*******,2022-08-19T08:21:00.624+00:00,상품선택: 러닝벨트 / 색상: 블랙 / 사이즈: S,운동할때 간단한 소지품 넣어 다리려고 주문했어요 늘어나지 않고 오래 착용 했으면?좋겠네요,4,1
devi*****,2022-08-22T20:17:49.579+00:00,상품선택: 러닝벨트 / 색상: 블랙 / 사이즈: M,가격대비 소재가 좋네요. 허리 31~32 인치인데 M 사이즈가 잘 맞네요. 잘 쓸게요,5,1
kumd*****,2022-09-17T01:58:24.370+00:00,상품선택: 러닝벨트 / 색상: 블랙 / 사이즈: L,아주 편하며 가벼운 러닝을 할수있어 관찬아요~~,4,1
rmfl*****,2022-09-04T14:35:04.147+00:00,상품선택: 러닝벨트 / 색상: 블랙 / 사이즈: S,산책 운동할 때 손이 자유로워져서 좋아요. 핸드폰 넣고 움직여도 빠지지 않아요.,5,1
daso*****,2022-09-15T11:43:49.459+00:00,상품선택: 러닝벨트 / 색상: 형광 / 사이즈: M,상품 및 배송 모두 만족합니다,5,1
xiph********,2022-08-11T09:53:34.903+00:00,상품선택: 러닝벨트 / 색상: 블랙 / 사이즈: L,"가성비 좋아요. 힙색은 달릴 때 흔들거려서 신경쓰이는데, 이 제품은 그렇지 않아서 좋아요.",5,1
madl********,2022-09-15T17:02:12.308+00:00,상품선택: 러닝벨트 / 색상: 블랙 / 사이즈: M,아주 가성비좋은 러닝 벨트 입니다.,4,1
rlat********,2022-09-16T00:17:14.670+00:00,상품선택: 러닝벨트 / 색상: 블랙 / 사이즈: M,편하게 운동하게 되었어요,5,1
doji****,2022-09-13T00:33:58.342+00:00,상품선택: 러닝벨트 / 색상: 형광 / 사이즈: M,손이 자유로워서 편해 좋아요.,5,1
kds8*****,2022-09-08T16:16:34.327+00:00,상품선택: 러닝벨트 / 색상: 형광 / 사이즈: M,"아이폰 13의 경우 케이스 낀채로 넣기에는
다소 빡빡합니다",3,1
chan****,2022-08-30T01:41:22.467+00:00,상품선택: 러닝벨트 / 색상: 형광 / 사이즈: S,이쁩니다! 작은 소지품넣고 달리기좋아요 등산할때도 편하네요,5,1
chan****,2022-08-30T01:40:38.924+00:00,상품선택: 러닝벨트 / 색상: 블랙 / 사이즈: M,작은 카드정도 넣고달리기는 좋을거 같네요. 이쁩니다!,5,1
eeoo****,2022-08-12T07:42:24.974+00:00,상품선택: 러닝벨트 / 색상: 블랙 / 사이즈: M,잘 받았습니다. 좋아요. 세개째 구매,5,1
exct***,2022-07-26T04:00:01.146+00:00,상품선택: 러닝벨트 / 색상: 블랙 / 사이즈: L,"배송 빠르게 잘 도착했습니다

권장 사이즈대로 구매했는데 딱 골반에 잘 맞네요

수납하는 부분이 넓어서 좀 불안하긴 한대 착용 후 떨어

지거나 하진 않았습니다. 착용감 좋습니다 굿",5,1
poos***,2022-09-01T01:57:59.405+00:00,상품선택: 러닝벨트 / 색상: 블랙 / 사이즈: M,처음 사용해봤는데 좋네요 감사합니다.,5,1
coja****,2022-08-18T11:37:07.940+00:00,상품선택: 러닝벨트 / 색상: 블랙 / 사이즈: M,달릴때 너무 편해요,5,1
chan****,2022-08-22T01:03:32.338+00:00,상품선택: 러닝벨트 / 색상: 블루 / 사이즈: S,이쁩니다. 그런데 뱃살이 있어선지 허리에 밴드가 자꾸 말리네요 편편하게 펴지게 살을 빼야겠어요 ㅜㅜ,4,1
bee9*****,2022-06-12T00:42:13.463+00:00,상품선택: 러닝벨트 / 색상: 블랙 / 사이즈: M,"손에서 핸드폰이 자유로워지긴 하지만 아쉬운 점이 있어요!
1. 방수기능이 안됩니다. 
(방수기능이 부족하다보니 땀이 많이 나는 여름에 불편할 뿐만 아니라 안에 넣어둔 핸드폰에도 습기가 차요..)
2. 구멍개수가 너무 많아요.
(구멍개수가 많다보니 큰 핸드폰이 아님에도 불구하고 옆으로 자꾸 삐져나와요. 그래서 혹시 빠지지 않을까? 하는 불안감이 생깁니다.)
3. 소지품 개수가 늘어나면 압박감이 들어요.
(사이즈에 딱 맞게 사서 그런지 핸드폰 1개 넣었을 때는 괜찮은데 다른 걸 더 넣으면 허리가 좀 쫄립니다. 물건을 많이 넣으실거라면 본인 사이즈보다 한 사이즈 업 하시는게 좋을 것 같아요.)
4. 견고성이 부족해보여요.
(얼마지나지 않아 늘어날것 같은 그런 느낌이 듭니다.)

총평- 잘 못 샀다! 이런 느낌은 아니지만 그렇게 완전 강추도 아닙니다...!

사실분들은 참고하고 사시라고 길게 남겨요~",3,1
cher*******,2022-08-01T09:56:45.314+00:00,상품선택: 러닝벨트 / 색상: 블랙 / 사이즈: S,"아직 사용 전이긴 한데
탄탄하고 좋은거 같아요!
배송도 빨랏어요~",4,1
jdg0***,2022-08-10T14:04:42.654+00:00,상품선택: 러닝벨트 / 색상: 블랙 / 사이즈: M,딱 잘 조이고 핸드폰도 잘 들어가네요 열심히 뛰겠습니다,4,1
bp****,2022-08-27T05:41:01.844+00:00,상품선택: 러닝벨트 / 색상: 블랙 / 사이즈: S,5만원짜리 제품은 부담스러워서 이거 샀는데 좋아요,5,1
mann******,2022-08-05T13:06:08.920+00:00,상품선택: 러닝벨트 / 색상: 형광 / 사이즈: M,간단하게 열쇠같은 것은 보관하기 용이하지만 스마트폰은 어려울듯 하네요.,3,1
djje***,2022-07-23T03:59:36.221+00:00,상품선택: 러닝벨트 / 색상: 형광 / 사이즈: M,"바지 32 입는데 생각보다 많이 조이진않네요
덜렁거릴정도는 아니지만 좀 늘어나면 덜렁거릴수있을것같아요
근데 왜 비닐백 포장되어있는 제품에 얼룩이 이렇게..?",5,1
gksr****,2022-08-21T09:37:54.768+00:00,상품선택: 러닝벨트 / 색상: 블랙 / 사이즈: S,헤어밴드도 같이 판매하여 구매 한꺼번에하기 용이하고 물건은 쓸만하네요그냥,5,1
eile******,2022-08-18T10:53:13.216+00:00,상품선택: 러닝벨트 / 색상: 블랙 / 사이즈: M,런닝 뛸 때 좋아요 편하게 잘 쓰구 있습니다,5,1
logi*******,2022-08-28T23:43:21.064+00:00,상품선택: 러닝벨트 / 색상: 블랙 / 사이즈: M,간편하고 잘 사용하고 있어요!,5,1
lws3***,2022-08-03T08:18:42.144+00:00,상품선택: 러닝벨트 / 색상: 블랙 / 사이즈: M,항상 만족하며 편하게 사용줕,5,1
sirw***,2022-08-05T00:30:17.719+00:00,상품선택: 러닝벨트 / 색상: 블랙 / 사이즈: M,운동 할 때 손이 자유로워서 편해요.,5,1
dkfk*****,2022-07-31T09:01:55.070+00:00,상품선택: 러닝벨트 / 색상: 블랙 / 사이즈: S,"처음써보는건데 만족하면서
잘 쓰고있어요!",5,1
jyak***,2022-08-05T01:29:26.695+00:00,상품선택: 러닝벨트 / 색상: 블랙 / 사이즈: M,빠른배송 감사합니다 ㅎ,5,1
ipda******,2022-08-22T03:51:02.597+00:00,상품선택: 러닝벨트 / 색상: 블랙 / 사이즈: S,"네 .. 가볍고요 . .얇아서   좋아요 
한듯 안한듯 .. ㅋ",5,1
8511*****,2022-08-17T15:16:45.825+00:00,상품선택: 러닝벨트 / 색상: 블랙 / 사이즈: L,개랑산책할때 핸드폰을 바지주머니에 넣고다니니 불편하고 무거웟는데 넘편해요~^^,4,1
impa******,2022-08-22T12:50:52.930+00:00,상품선택: 러닝벨트 / 색상: 블랙 / 사이즈: L,오늘썻는데 가볍고 좋아요,4,1
ps78*****,2022-08-02T09:54:04.162+00:00,상품선택: 러닝벨트 / 색상: 블랙 / 사이즈: S,두번째 구매 만족합니다.,5,1
espr******,2022-07-17T02:19:53.920+00:00,상품선택: 러닝벨트 / 색상: 형광 / 사이즈: M,정말 편하네요. 색상도 밤에 운동하기 좋고 흘러내리거나 물건이 빠지지도 않습니다.,5,1
ka****,2022-07-31T02:16:48.391+00:00,상품선택: 러닝벨트 / 색상: 형광 / 사이즈: M,"간편 합니다.
살찌면 않되겠네요",5,1
shal*****,2022-07-06T04:45:49.755+00:00,상품선택: 러닝벨트 / 색상: 형광 / 사이즈: L,"달리기할때 주머니에 핸드폰, 카드 넣으면 덜렁거려서 불편했는데, 이 밴드 이용하고는. 그런 걱정 뚝입니다.
플립벨트 비싸게 산것도 있는데 크게 차이 모르겠습니다.
다만, 벨트 티셔츠 안쪽에 착용하실분은 검은색 구입하셔요
흰티 입으면 비쳐서 팬티처럼 보입니다ㅡㅡ;",5,1
succ********,2022-06-28T23:38:54.595+00:00,상품선택: 러닝벨트 / 색상: 블랙 / 사이즈: S,밴드형식이라 거추장스럽지 않을꺼같아서 구매해 보았습니다 비가 와서 아직 사용해 보진 않았지만 핸드폰을 넣고 뛰어도 흔들림은 없을꺼같습니다 . 골반이 마니 날씬하신분들에게는 클수도 있을꺼같습니다.,5,1
p0****,2022-08-13T19:26:11.097+00:00,상품선택: 러닝벨트 / 색상: 블랙 / 사이즈: M,무조겁 추천이요 가펍고 좋아요,5,1
dee0***,2022-07-26T23:45:45.781+00:00,상품선택: 러닝벨트 / 색상: 블루 / 사이즈: M,예전에 쓰던 건 안 그랬는데 이번에 산 건 빠니까 글자가 우수수 떨어지네요 뭔가 접착제 같은 게 바뀐 건가요? 그거 외에는 다 좋아요,4,1
yich****,2022-08-15T01:13:00.034+00:00,상품선택: 러닝벨트 / 색상: 블루 / 사이즈: M,간편히 몸에 잘 밀착되어 굿,5,1
madl********,2022-08-16T16:19:02.429+00:00,상품선택: 러닝벨트 / 색상: 블랙 / 사이즈: M,가성비 훌륭한 제품!,5,1
aske*****,2022-08-04T17:15:09.808+00:00,상품선택: 러닝벨트 / 색상: 블랙 / 사이즈: S,허리가 66정도 사이즈 인데 허리에 잘 맞고 뛸때 흔들리니 않고 잘 잡아줘서 좋아요~,4,1
hjk0***,2022-07-14T05:23:37.377+00:00,상품선택: 러닝벨트 / 색상: 형광 / 사이즈: S,"배에 차는 벨트가 답답해서 샀어요. 첨에 S 시켰다가 M 으로 변경했어요. 골반에 차고 하고 있고, 너무 꽉 끼는 것보다는 무조건 약간 헐렁한 게 나아요. 어차피 런닝 오래 하면 조금만 조여도 숨이 더 차고 힘들어서 여자분들은 자기 체격 생각해서 M 도 고려해보세요. 참고로 저는 167에 51",4,1
ny****,2022-06-10T05:27:53.573+00:00,상품선택: 러닝벨트 / 색상: 블랙 / 사이즈: S,"전반적으로 만족하며 사용중입니다. 
착용감이 좋은편이고, 흔림밍도 없고 좋아요. 
다점이라면..
1. 주머니 입구가 요즘 나오는 휴대폰의 사이즈에 비해 작은편이라 휴대폰을 수납하기 조금 어렵습니다. 
2. 허리가 많이 얇은 편인데 고정된 사이즈라 조절이 불가능하다는 점. 대부분의 사람들은 문제 없겠지만.. 좀더 사이즈를 조일 수 있으면 좋을것 같아요. 

손에서 휴대폰을 놓고 달릴 수 있는점이 너무 좋습니다",4,1
rich*******,2022-07-01T01:05:38.508+00:00,상품선택: 러닝벨트 / 색상: 블랙 / 사이즈: L,"러닝할때, 자전거 탈 때 정말 유용하게 사용하고 있어요! 안에 물건에 땀 조금 차는 거 빼면 내구성 자체는 훌륭해보여요!",5,1
made******,2022-08-09T04:11:53.277+00:00,상품선택: 러닝벨트 / 색상: 블랙 / 사이즈: S,휴대폰 에어팟 등 다 잘 들어갑니다,5,1
mins******,2022-08-07T10:51:11.532+00:00,상품선택: 러닝벨트 / 색상: 블랙 / 사이즈: S,러닝 시 핸드폰을 넣어두는데 너무 편해요,5,1
wowr****,2022-07-21T00:15:17.150+00:00,상품선택: 러닝벨트 / 색상: 블랙 / 사이즈: L,"품질은 보통 탄력잇습니다
물건 수납공간 4개 구멍
지퍼없습니다
결정적으로 제품이 어디 먼지구덩이에서 뺏는지 지저분합니다
팔천원짜리에 뭘 바라겠냐마는 하여튼 지저분합니다",3,1
nu****,2022-07-24T02:11:23.441+00:00,상품선택: 러닝벨트 / 색상: 블랙 / 사이즈: S,러닝벨트 짱짱하게 허리에 밀착되어 착용했는지도 잊고 편하게 핸드폰 넣고 달렸습니다. 팔에 차고 달리던 남편도 탐내네요.,5,1
soso***,2022-07-04T10:16:34.325+00:00,상품선택: 러닝벨트 / 색상: 블랙 / 사이즈: S,"허리에 핸드폰 넣고 뛰는 자유로움 너무 좋구요. 
밴드도 아주 짱짱합니다.",5,1
dio7***,2022-07-23T15:50:18.702+00:00,상품선택: 러닝벨트 / 색상: 블랙 / 사이즈: M,땅방지 밴드는 한번쓰고 버렸네요 별 효과가 없음 이마에 자국만남고 벨트는 좋아요,4,1
only****,2022-07-16T02:31:47.842+00:00,상품선택: 러닝벨트 / 색상: 블랙 / 사이즈: M,"핸드폰이 들어갈때가 좀 뻑뻑하기는 한데
그래도 이가격에 이정도면 만족입니다 처음 달릴땐 폰에 무게 않느껴지는데 지칠때 쯤에는 폰부터 띠에 무게 싸지도 느껴지는군요 ㅎㅎㅎ 체력을 더 키워야 겠네오 ㅎㅎㅎ",5,1
mins******,2022-08-07T10:52:54.200+00:00,상품선택: 러닝벨트 / 색상: 블랙 / 사이즈: L,러닝할때 너무 편해요,5,1
aglo***,2022-07-03T02:54:15.186+00:00,상품선택: 러닝벨트 / 색상: 블랙 / 사이즈: M,힙쌕보다 훨씬 편해요 배에 닿으니 전자파를 실시간으로 흡수하는 느낌이 들긴 하지만 괜찮아요,5,1
1005****,2022-07-15T06:37:20.184+00:00,상품선택: 러닝벨트 / 색상: 블랙 / 사이즈: M,"오래쓰면 헐렁 해짐
쓸만은 함",2,1
made******,2022-08-03T03:47:44.245+00:00,상품선택: 러닝벨트 / 색상: 블랙 / 사이즈: S,핸드폰 잘 들어가네요,5,1
jang****,2022-07-01T00:03:28.914+00:00,상품선택: 러닝벨트 / 색상: 블랙 / 사이즈: L,특별히 장점이나 단점은 없습니다. 여름엔 좀 더울거같긴해요,3,1
ojwo***,2022-07-28T06:46:33.860+00:00,상품선택: 러닝벨트 / 색상: 블랙 / 사이즈: S,예쁘고 튼튼해서 아주 좋아요.,5,1
bomi****,2022-06-25T03:56:38.612+00:00,상품선택: 러닝벨트 / 색상: 블랙 / 사이즈: S,"배송도 빠르고
러닝할때 딱조여져서 핸드폰 넣기좋아요~^^
170  57킬로 s사이즈 좋아요",5,1
jinh*****,2022-06-30T10:06:45.512+00:00,상품선택: 러닝벨트 / 색상: 블랙 / 사이즈: M,오 런닝할때 핸드폰들고 뛰기 힘들어서 샀는데 고정돼서 너무 편하고 좋은거같아요,5,1
hole********,2022-07-12T01:49:50.241+00:00,상품선택: 러닝벨트 / 색상: 블랙 / 사이즈: L,런닝할 때 최고예요. 근데 가끔씩 카드가 빠지더라고요ㅜㅜ 여자 27-28 입는 기준 라지는 넘 큽니다,5,1
aj29****,2022-06-29T14:34:09.554+00:00,상품선택: 러닝벨트 / 색상: 블랙 / 사이즈: M,"아주 좋아요
또 구매할께요",5,1
ys****,2022-06-27T06:37:32.819+00:00,상품선택: 러닝벨트 / 색상: 블랙 / 사이즈: S,"좋아요
친구랑  같이  하려고 두개주문했는데 잘한것 같네요",5,1
ilar****,2022-07-02T02:25:19.675+00:00,상품선택: 러닝벨트 / 색상: 블랙 / 사이즈: M,쫀쫀하고잘흘러내리지않아좋았어요,5,1
pooh****,2022-07-26T20:54:19.450+00:00,상품선택: 러닝벨트 / 색상: 블랙 / 사이즈: M,러닝 때 여전히 잘 쓰고 있습니다.,5,1
rmag***,2022-07-27T01:21:12.902+00:00,상품선택: 러닝벨트 / 색상: 형광 / 사이즈: L,"잘쓰고있어요 
두번째이용중",5,1
aime********,2022-06-08T02:25:12.167+00:00,상품선택: 러닝벨트 / 색상: 블랙 / 사이즈: M,러닝할때 매번 핸드폰 손에 들고 뛰는게 불편해서 구매해봤는데 암밴드보다 훨씬 편한 것 같아요!! 편하게 차려고 m사이즈 했는데 여기서 더 늘어가너가 제가 뱃살이 더 빠지면 s해야할 것 같긴해요..! 그치만 전 너무 배에 닿는게 싫어서 살짝 골반쪽에 차서 m 좋습니다. 늘어나면 재구매하려고요!,5,1
bc****,2022-07-19T04:09:05.865+00:00,상품선택: 러닝벨트 / 색상: 블랙 / 사이즈: L,두번째 구매네요~ 러닝할때 편하고 좋습니다!,5,1
ld****,2022-07-24T01:51:42.812+00:00,상품선택: 러닝벨트 / 색상: 블랙 / 사이즈: S,배송도 빠르고 좋아요 짱,5,1
rmag***,2022-06-27T15:32:11.315+00:00,상품선택: 러닝벨트 / 색상: 형광 / 사이즈: L,"재구매해서 씁니다
러닝할때 폰 넣는데는 이 제품이 최고에요",5,1
bmj1****,2022-06-26T09:07:18.526+00:00,상품선택: 러닝벨트 / 색상: 형광 / 사이즈: S,한 손에 핸드폰 들고 다니다가 배에 차니까 신세계네여 너무 좋구요 160cm/49kg 인데 s사이즈 사길 잘했어여 운동 열심히 하니 뱃살이 빠져서 좀 헐렁해졌지만 구래도 짱짱해서 크게 신경안쓰입니다!!,5,1
boa4***,2022-06-18T23:14:39.385+00:00,상품선택: 러닝벨트 / 색상: 블랙 / 사이즈: S,몸에 핏되어 소지품이 덜렁거리지 않아 러닝에 집중할 수 있습니다 보통체형의 여성이시라면 s 사이즈 추천드립니다,5,1
goba****,2022-07-02T12:58:51.999+00:00,상품선택: 러닝벨트 / 색상: 블랙 / 사이즈: M,몸에 전체적으로 잘 맞습니다,3,1
song****,2022-06-30T00:17:56.637+00:00,상품선택: 러닝벨트 / 색상: 블랙 / 사이즈: S,거의 매일 쓰는데 아직까지 튼튼하고 안늘어나고  좋아요. 핸드폰 넣고 다니는데 아주 짱짱해서 빠질 걱정 노노 허리에서 덜렁거리지 않고 러닝할때 편합니다,5,1
dee0***,2022-06-09T02:20:49.486+00:00,상품선택: 러닝벨트 / 색상: 블루 / 사이즈: M,예전에 사서 굉장히 잘 사용하고 있어서 다른 분 몫으로 샀습니다. 지퍼나 부수적인 게 들어 있지 않아서 거의 영구적으로 쓸 수 있다는 점이 좋습니다. 200 미리 보온병과 요즘 사이즈 핸드폰이 들어갑니다.,5,1
rlas*******,2022-06-09T06:51:32.350+00:00,상품선택: 러닝벨트 / 색상: 블랙 / 사이즈: S,"핸드폰이 과연 들어갈까 햇는데 들어가네여
운동시 양손이 자유로워서 좋을듯해요
아직 사용은 안해봣는데 재질이 여름엔 땀이 찰거같아여. 써보면 알겠져. 만족해여",5,1
so****,2022-06-14T00:19:54.639+00:00,상품선택: 러닝벨트 / 색상: 블랙 / 사이즈: S,"원래 쓰던 제품이 커지고 늘어나서 약간 다른 제품으로 구매했는데, 잘 써보고 후기 남길게요",4,1
ys****,2022-06-27T06:36:41.297+00:00,상품선택: 러닝벨트 / 색상: 블루 / 사이즈: S,좋인요 운동할때 바로 사용했는데 짱짱하고 편해요,5,1
kohy****,2022-07-08T01:04:19.185+00:00,상품선택: 러닝벨트 / 색상: 블루 / 사이즈: L,생각보다 한치수 작은걸로 합십쇼. 살빠지면서 느슨해질수 있슴,4,1
dhpr***,2022-06-17T04:56:26.461+00:00,상품선택: 러닝벨트 / 색상: 블랙 / 사이즈: M,"5번 재구매 하는거 같아요.  조깅할때 필수품입니다.
합리적인가격에 여러분도 찾아가세요",5,1
logi*******,2022-07-16T04:14:34.865+00:00,상품선택: 러닝벨트 / 색상: 블랙 / 사이즈: M,입구 구멍이 좀 작은감은 있는데 흔들림없고 만족합니더,5,1
dbrt****,2022-07-15T04:24:36.236+00:00,상품선택: 러닝벨트 / 색상: 형광 / 사이즈: L,사이즈도 잘 맞고 러닝 시 잘 사용하고 있습니다.,4,1
hje9***,2022-07-22T09:09:31.590+00:00,상품선택: 러닝벨트 / 색상: 블루 / 사이즈: S,가성비 좋아요~~~,5,1
http****,2022-07-10T15:11:27.889+00:00,상품선택: 러닝벨트 / 색상: 블랙 / 사이즈: M,좋은 상품 잘 받았습니다 감사합니다 배송도 깔끔해요,5,1
airh****,2022-06-26T11:33:26.082+00:00,상품선택: 러닝벨트 / 색상: 블랙 / 사이즈: S,활동성 너무 좋아요,5,1
ha****,2022-06-11T06:51:41.111+00:00,상품선택: 러닝벨트 / 색상: 블랙 / 사이즈: M,운동나갈때 핸드폰때문에 불편했는데 딱이네요. 핸폰도 잘 들가고..  허리도 불편하지 않아요..  오늘 나가서 뛰어봐야겠어요,5,1
dns0****,2022-06-11T10:10:43.473+00:00,상품선택: 러닝벨트 / 색상: 블랙 / 사이즈: L,S 사이즈 사고 나서 가족 걸로 L 사이즈도 하나 더 샀어요 추천합니다 산책할 때 완전 편해요,5,1
xx****,2022-07-06T13:05:21.488+00:00,상품선택: 러닝벨트 / 색상: 블랙 / 사이즈: S,너무너무 조아요 운덩할때 필수 템,5,1
kkam****,2022-07-12T02:40:01.926+00:00,상품선택: 러닝벨트 / 색상: 블랙 / 사이즈: M,운동할때 핸드폰 카드 넣기에 딱 알맞는거 같아요,5,1
rose****,2022-06-24T23:46:05.192+00:00,상품선택: 러닝벨트 / 색상: 블랙 / 사이즈: S,허리에 잘 맞고 좋아요!,5,1
gogi****,2022-07-11T16:14:06.741+00:00,상품선택: 러닝벨트 / 색상: 블랙 / 사이즈: M,빠른배송 좋은물건 감사합니다!,5,1
gimm***,2022-07-05T10:56:30.360+00:00,상품선택: 러닝벨트 / 색상: 블랙 / 사이즈: S,"물건 잘 들어가고 흔들리지 않아서 좋아요
땀차는건 어쩔수 없는거겠죠",4,1
skfo****,2022-07-11T02:23:50.049+00:00,상품선택: 러닝벨트 / 색상: 블랙 / 사이즈: S,러닝할때 정말 편하고 좋아요,5,1
mank******,2022-06-16T12:39:01.448+00:00,상품선택: 러닝벨트 / 색상: 블랙 / 사이즈: S,S사이즈샀어요 30ㅡ32정도 입구요 늘어난다고 해서 지금은 좀 타이트하네요,4,1
dbrt****,2022-07-15T04:24:51.942+00:00,상품선택: 러닝벨트 / 색상: 블랙 / 사이즈: L,잘 사용하고 있습니다.,4,1
just****,2022-06-22T11:24:40.178+00:00,상품선택: 러닝벨트 / 색상: 블랙 / 사이즈: M,편하고 짱짱하고좋네요,5,1
jhj6***,2022-06-09T01:50:36.527+00:00,상품선택: 러닝벨트 / 색상: 블랙 / 사이즈: S,"보통 여성분들 s사이즈 괜찮으실듯 해용!
착용하고 바로 나가서 뛰었습니다 ㅎㅎ 좋아용",5,1
anib****,2022-06-27T11:57:19.321+00:00,상품선택: 러닝벨트 / 색상: 블랙 / 사이즈: M,러닝할때 꼭 써요 핸드폰을 허리쪽으로 두고 달리면 흔들리지도 않고 안정적이에요,5,1
redx****,2022-06-08T10:58:54.139+00:00,상품선택: 러닝벨트 / 색상: 블랙 / 사이즈: M,"빠른배송이 마음에 들었습니다.
제품 또한 탄성이 좋아 핸드폰 수납 후
달리는 중에도 흔들림이 없어 좋네요",5,1
gusr*****,2022-07-08T08:15:19.645+00:00,상품선택: 러닝벨트 / 색상: 블랙 / 사이즈: S,러닝항 때 잘 사용하고 있어요 ㅎㅎ,5,1
dlrh********,2022-07-08T08:35:45.001+00:00,상품선택: 러닝벨트 / 색상: 블랙 / 사이즈: M,런닝할때 잘쓰고있습니다.,5,1
sepa*****,2022-06-12T13:50:24.944+00:00,상품선택: 러닝벨트 / 색상: 블랙 / 사이즈: S,좋아요 재구매 했습니다,5,1
tnal*******,2022-05-27T10:22:02.676+00:00,상품선택: 러닝벨트 / 색상: 블랙 / 사이즈: S,"언능 뛰고싶어지네요 사이즈 딱 좋아요
휴대폰 넣어보니 안흔들리고 좋아요!!!
다음에 또 다른 컬러 재구매할게요! 성공쇼핑했슴다 ㅎㅎ",5,1
shgy*****,2022-06-19T04:17:09.110+00:00,상품선택: 러닝벨트 / 색상: 블랙 / 사이즈: M,허리에 보관하고 뛰니좋,5,1
heyd****,2022-06-15T07:01:33.201+00:00,상품선택: 러닝벨트 / 색상: 블랙 / 사이즈: M,배송도 빠르고 좋아요,5,2
bboy********,2022-07-04T23:46:55.870+00:00,상품선택: 러닝벨트 / 색상: 블랙 / 사이즈: M,배송 빠르고 좋아요,5,1
os****,2022-06-06T00:32:05.990+00:00,상품선택: 러닝벨트 / 색상: 블랙 / 사이즈: M,"받아보고 이게 휴대폰이 들어가나 했는데 
잘 들어가네욬ㅋㅋㅋ
운동할 때 잘 쓰겠습니다",5,1
jura*****,2022-06-06T11:50:26.043+00:00,상품선택: 러닝벨트 / 색상: 블랙 / 사이즈: M,잘쓰고 잇어여. 튼튼하고좋아요.,5,1
me****,2022-06-29T12:05:01.590+00:00,상품선택: 러닝벨트 / 색상: 블랙 / 사이즈: M,러닝할때 핸드폰 넣고 다니기 좋아요,5,1
n1d4*****,2022-06-11T04:53:39.758+00:00,상품선택: 러닝벨트 / 색상: 블랙 / 사이즈: L,잘 받았습니다 감사합니다,5,1
biol***,2022-06-26T04:53:46.777+00:00,상품선택: 러닝벨트 / 색상: 블랙 / 사이즈: L,스마트폰 넣기가 힘들어요 그래도 사용하기 편합니다,4,1
nigh********,2022-06-17T13:47:20.525+00:00,상품선택: 러닝벨트 / 색상: 블랙 / 사이즈: S,"너무 좋습니다. 고민 왜 했나싶어요
다만 가격때문에 망설였는데..그래도 만족",5,1
100p******,2022-06-20T01:26:29.335+00:00,상품선택: 러닝벨트 / 색상: 블루 / 사이즈: S,쓰다가 좋아서 지인것도 샀어요 러닝할때 너무 편하고 좋아요!,5,1
iama*****,2022-05-27T01:09:01.224+00:00,상품선택: 러닝벨트 / 색상: 블랙 / 사이즈: M,허리 30인치에 미디움 싸이즈를 샀더니 딱 맞네요 달릴 때 핸드폰을 수납하고 뛰니 손이 편합니다,5,1
rlas*******,2022-06-09T06:52:53.497+00:00,상품선택: 러닝벨트 / 색상: 블랙 / 사이즈: M,가격대비 만족합니다,5,1
ro****,2022-07-02T21:53:41.341+00:00,상품선택: 러닝벨트 / 색상: 형광 / 사이즈: S,지퍼가 없어서 당황,4,1
kims*****,2022-06-22T12:56:18.655+00:00,상품선택: 러닝벨트 / 색상: 블랙 / 사이즈: L,허리에 잘 맞네요 배송도 빨라요,5,1
pooh****,2022-06-02T20:56:09.150+00:00,상품선택: 러닝벨트 / 색상: 블랙 / 사이즈: M,"휴대폰만 넣을꺼라서 암밴드, 스트랩과 고민하다가 일단 가격이 저렴해서 구매했는데 티셔츠 안에 착용해도 괜찮네요. 만족합니다.",5,1
asdf****,2022-05-25T23:40:41.941+00:00,상품선택: 러닝벨트 / 색상: 블랙 / 사이즈: M,진짜 좋아요...런닝 시작했는데 암밴드보다 훨씬 낫습니다....,5,1
pipi****,2022-05-23T06:14:15.251+00:00,상품선택: 러닝벨트 / 색상: 블랙 / 사이즈: M,"가성비 좋네요.
진짜 핸드폰 신경 안 쓸 수 있어서 좋아요",5,1
eeoo****,2022-06-06T10:18:25.089+00:00,상품선택: 러닝벨트 / 색상: 블랙 / 사이즈: M,달리기할때 아주 편하네요.,5,1
12pa****,2022-05-18T07:00:51.861+00:00,상품선택: 러닝벨트 / 색상: 블랙 / 사이즈: S,친구가 구매했는데 잘 쓰고 있다고 해서 따라 샀어요~ 심플하고 좋네요! 열쇠 같은 작은 물건 잃어버리지 않게 고리가 숨어 있어서 좋네요ㅎㅎ,5,1
solo******,2022-06-22T10:14:19.352+00:00,상품선택: 러닝벨트 / 색상: 블랙 / 사이즈: M,배송도빠르고 상품도좋아요,5,1
rpdn***,2022-05-22T12:32:23.165+00:00,상품선택: 러닝벨트 / 색상: 블랙 / 사이즈: S,m으로 전에 샀는데 좀 커져서 s로 다시 구입했어요! 편하고 좋아요 :-),5,1
cute*******,2022-06-22T05:38:11.536+00:00,상품선택: 러닝벨트 / 색상: 블랙 / 사이즈: S,너무 좋아서 또 샀습니다 ㅎㅎ,5,1
whdr******,2022-06-28T03:52:26.550+00:00,상품선택: 러닝벨트 / 색상: 블랙 / 사이즈: M,잘쓸게요~~~~~!~~,5,1
71ge****,2022-05-20T03:30:20.520+00:00,상품선택: 러닝벨트 / 색상: 블랙 / 사이즈: M,운동할때 넘 요긴해요 사이즈는 좀 타이트하게 했어도 될뻔했어요 S 살걸,5,1
dns0****,2022-06-14T01:05:50.873+00:00,상품선택: 러닝벨트 / 색상: 블랙 / 사이즈: S,완전 편합니다 한달 동안 산 거중에 제일 잘 산 것 같아요,5,1
phso*****,2022-06-22T01:15:08.740+00:00,상품선택: 러닝벨트 / 색상: 블랙 / 사이즈: L,잘쓰고 있어요 아주 짱짱!,5,1
sm****,2022-06-20T06:33:14.033+00:00,상품선택: 러닝벨트 / 색상: 블랙 / 사이즈: M,"허리 31인치, M사이즈 약간 큰 느낌있네요",5,1
jihu***,2022-06-14T01:17:45.948+00:00,상품선택: 러닝벨트 / 색상: 블랙 / 사이즈: M,편하고 예뻐요 사이즈도 적당합니다,5,1
8b****,2022-06-10T12:21:07.410+00:00,상품선택: 러닝벨트 / 색상: 블랙 / 사이즈: S,처음에 구멍에 물건 넣는게 조금 빡빡하긴 한데 손이 편해서 너무 좋아요,5,1
nats*******,2022-06-16T09:56:12.899+00:00,상품선택: 러닝벨트 / 색상: 블랙 / 사이즈: S,휴대성은 좋은데 조금 말려올라가욮,4,1
rlch****,2022-06-16T05:50:54.878+00:00,상품선택: 러닝벨트 / 색상: 블랙 / 사이즈: M,생각했던만큼 사이즈 잘 맞고 편함!,5,1
jigo******,2022-06-12T07:49:33.149+00:00,상품선택: 러닝벨트 / 색상: 블랙 / 사이즈: M,지퍼가 아니네요ㅜ 근데 편할듯해요,5,1
8511*****,2022-06-03T00:46:51.383+00:00,상품선택: 러닝벨트 / 색상: 블랙 / 사이즈: L,개산책할때 폰을 주머니에 넣으면 빠지기도하고 불편해서 손에도쥐고다녔는데.. 손도편하고 주머니처짐도없고 넘편하고좋아요~~~^^,3,1
mona***,2022-05-28T07:27:43.680+00:00,상품선택: 러닝벨트 / 색상: 블랙 / 사이즈: L,1차 구입했던 것은 아들 주고 재구매했습니다. 1시간 이내의 뒷산 산행시 사용할 목적으로 구입하였는데 만족합니다.,4,1
kim9*****,2022-05-25T09:01:40.038+00:00,상품선택: 러닝벨트 / 색상: 블랙 / 사이즈: M,뛸때 편하게 쓸수 있어서 좋네요,5,1
bo****,2022-05-20T07:11:23.548+00:00,상품선택: 러닝벨트 / 색상: 형광 / 사이즈: S,"런닝 필수품이에요.
이번 구매로 3개째 입니다.
친구 선물로~",5,1
ghwj****,2022-04-21T08:43:51.079+00:00,상품선택: 러닝벨트 / 색상: 블랙 / 사이즈: M,"튼튼해보이고 핸드폰도 잘 들어가고 만족합니다~ 옆구리쪽 제봉선 부분이 좀 울퉁불퉁두툼해서 신경쓰이긴 하지만 크게 불편하진 않아요.
보통 체격 여자는 s 사라는 후기들이 많아서 고민 했는데 전 배 찡기는 거 싫기도 하고 골반쪽에 하는 게 좋다 그래서 m 샀는데 편하고 좋은 것 같아요. 
바지 28~29 입고 배 예민한 사람입니다.",5,1
dhio******,2022-06-09T14:03:54.235+00:00,상품선택: 러닝벨트 / 색상: 블랙 / 사이즈: M,가격대비 너무 쏘쏘하네여,4,1
3640***,2022-05-15T04:56:40.669+00:00,상품선택: 러닝벨트 / 색상: 블랙 / 사이즈: L,기존에 하나 구매해서 잘 사용중에 지인이 부탁해서 또 구매했어요,5,1
ejkw*****,2022-05-12T12:32:39.878+00:00,상품선택: 러닝벨트 / 색상: 블랙 / 사이즈: S,아직 뛰지는 않고 걸을때 사용 해봤는데 핸드폰을 넣고 있을 수 있어서 편하고 좋아요,5,1
minh******,2022-05-14T03:16:54.758+00:00,상품선택: 러닝벨트 / 색상: 블랙 / 사이즈: M,괜찮네요 이제 도구 다 갖췄으니 운동 자주 할....수 있을까요?ㅋㅋ,5,1
mype*****,2022-06-09T15:35:10.868+00:00,상품선택: 러닝벨트 / 색상: 블랙 / 사이즈: M,리뷰대로 편해요 잘 받았습니다,5,1
dnjs*******,2022-05-28T11:24:37.858+00:00,상품선택: 러닝벨트 / 색상: 블랙 / 사이즈: M,"저렴하고 제기능을 잘해요
두번째구매입니다 
동생선물하려구요",5,1
jsko*****,2022-06-03T16:29:44.301+00:00,상품선택: 러닝벨트 / 색상: 블랙 / 사이즈: S,런닝할때 진짜 편해요 진작 살껄,5,1
3640***,2022-05-01T14:13:54.508+00:00,상품선택: 러닝벨트 / 색상: 블랙 / 사이즈: M,조금만 얇았으면 좋았을텐데 여름에 땀차고 더울꺼같아서 일부러 큰사이즈로 했는데 생각보다 두껍네요 그거말곤 괜찮아요,4,1
cute*******,2022-06-06T05:36:35.365+00:00,상품선택: 러닝벨트 / 색상: 블랙 / 사이즈: S,러닝할 때 너무 편하고 좋아요,5,1
u952****,2022-06-01T07:23:17.260+00:00,상품선택: 러닝벨트 / 색상: 블랙 / 사이즈: S,맘에들어요 배송도빠르고,5,1
kty1***,2022-05-26T02:09:29.219+00:00,상품선택: 러닝벨트 / 색상: 블랙 / 사이즈: L,사이즈 설명나와잇는대로 선택햇더니 딱 맞네요 좋은제품 싸게 잘구매햇습니다 굿~,5,1
ejkw*****,2022-05-12T12:31:37.911+00:00,상품선택: 러닝벨트 / 색상: 블랙 / 사이즈: M,"적당히 타이트해서 너무 편하고 좋아요
핸드폰에서 자유로워 졌습니다",5,1
dlwo*******,2022-06-04T03:46:53.254+00:00,상품선택: 러닝벨트 / 색상: 블랙 / 사이즈: L,상당히 맘에 듭니다 항상 성업하세요,5,1
mond*****,2022-05-29T09:28:09.371+00:00,상품선택: 러닝벨트 / 색상: 블랙 / 사이즈: L,"한달 째 너무 잘 쓰고 있고.

러닝 후 샤워하면서 같이 세탁하는게 너무 편하고 좋네요.",5,1
seyj***,2022-05-16T02:01:02.138+00:00,상품선택: 러닝벨트 / 색상: 형광 / 사이즈: S,보통 66사이즈 입는 사람이라 원래는 m 사이즈가 적당할텐데 나중에 늘어날거 생각해서 s 구매했습니다. 엄청 타이트 하긴한데 이것저것 넣어도 몸에 착 붙으니 좋아요.,5,1
aois***,2022-05-15T09:57:24.827+00:00,상품선택: 러닝벨트 / 색상: 블랙 / 사이즈: S,가성비가 좋고 탄력있습니다,5,1
dark****,2022-05-17T01:54:51.580+00:00,상품선택: 러닝벨트 / 색상: 블랙 / 사이즈: M,가볍고 런닝할때 방해가 1도안되요,5,1
kkam****,2022-05-25T14:10:44.795+00:00,상품선택: 러닝벨트 / 색상: 블랙 / 사이즈: M,만족합니다 ㅎㅎ 아직 착용안해봤는데 리뷰 보고 잘 구매 했습니다.,5,1
nice******,2022-05-25T01:00:01.038+00:00,상품선택: 러닝벨트 / 색상: 블랙 / 사이즈: S,배송 진짜 빠르고 오자마자 착용하고 러닝했는데 진짜 거슬리는거 하나도없이 착 붙어있어요,5,1
seo9******,2022-06-08T11:39:14.682+00:00,상품선택: 러닝벨트 / 색상: 블랙 / 사이즈: S,런닝할 때 편합니다^^,4,1
okje***,2022-05-26T02:40:34.508+00:00,상품선택: 러닝벨트 / 색상: 형광 / 사이즈: L,배송빠르고 재품 조아요 마니파세요,5,1
jkch******,2022-04-28T21:40:56.412+00:00,상품선택: 러닝벨트 / 색상: 블랙 / 사이즈: S,"벨트 자체는 몸이 딱 붙는데...
안에 휴대폰 넣고, 뛰어보니 폰이 흔들리는게 느껴지네요...
(갤럭시 폴드) 

구매시 참고하세요.",3,1
soso***,2022-06-02T10:26:29.948+00:00,상품선택: 러닝벨트 / 색상: 블랙 / 사이즈: S,허리뒤로 핸드폰 넣고...걷고 뛰기 편합니다,5,1
may2***,2022-05-22T23:33:34.368+00:00,상품선택: 러닝벨트 / 색상: 블랙 / 사이즈: S,"너무너무 편해요, 신축성도 좋고 갤럭시 노트랑 버즈 넣어서 다니는데 양손이 자유로우니 너무 좋네요.",5,1
yeej*******,2022-04-19T09:16:38.533+00:00,상품선택: 러닝벨트 / 색상: 블랙 / 사이즈: S,벨트형태의 똑딱이인 줄 알았는데 아래에사 입어야하네요... 그거 하나 아쉽지만 반품도 귀찮고 내구성 좋아서 그냥 씁니다 좋아요,4,1
akia******,2022-04-30T01:56:35.788+00:00,상품선택: 러닝벨트 / 색상: 블랙 / 사이즈: S,얼마전에 주문해서 사용하다 번갈아가면서 사용하려고 하나 더 주문했어요:) 너무 좋아요!,5,1
smil*****,2022-05-25T11:42:11.460+00:00,상품선택: 러닝벨트 / 색상: 블랙 / 사이즈: S,휴대폰은 안떨어지는데  뱃살때문에 그런지 모델처럼 각이 안나오네요 말려요,1,1
powe****,2022-05-15T02:43:09.087+00:00,상품선택: 러닝벨트 / 색상: 블랙 / 사이즈: M,30회 러닝하니 많이 헐거워졌지만 여전히 소지품은 덜렁거리지 않는 특이한 상항이네요 좋아요,5,1
rnfj******,2022-05-10T01:46:35.867+00:00,상품선택: 러닝벨트 / 색상: 블랙 / 사이즈: L,프린팅이 금방 벗겨져요,4,1
jjuk*********,2022-05-10T17:09:20.704+00:00,상품선택: 러닝벨트 / 색상: 블랙 / 사이즈: M,리뷰들 보고 한 사이즈 업 했는데 존-나 흔들거림 여유롭게 찬다는 사람들은 운동강도 낮은 사람이라 대충 쓰는 듯 스몰 사이즈 샀으면 괜찮았을지 모르겠는데 생각해보니 걍 폰 없이 뛰어도 문제 없을거 같음 맞는 사람은 좋을거 같음,5,1
aaru*****,2022-04-30T05:57:04.343+00:00,상품선택: 러닝벨트 / 색상: 블랙 / 사이즈: L,아주 딱 맞아서 좋고 흘러내리지않아요. 배송이 엄청 빨라요,5,1
mini*****,2022-04-29T03:09:38.998+00:00,상품선택: 러닝벨트 / 색상: 블랙 / 사이즈: M,사이즈 딱 맞네요 지퍼 있는 제품인 줄 알았는데 지퍼는 없었어요,5,1
luck***,2022-04-22T01:59:41.448+00:00,상품선택: 러닝벨트 / 색상: 블랙 / 사이즈: M,휴대폰을 들고 뛰다가 넣으니까 편하네요. 허리는 보통 32~33입는데 M사이즈가 입을때는 살짝 압박감이 있던데 뛸때는 특별한 느낌이 없었네요.,5,1
mali********,2022-05-09T13:23:37.818+00:00,상품선택: 러닝벨트 / 색상: 블랙 / 사이즈: M,바지 입듯이 입는다는게 불편할것 같았는데 전혀 그런거 없고 몸에 딱붙는데다 물건 떨어질 염려가 아예 없네요. 아주 만족합니다,5,1
yusu***,2022-05-04T23:27:11.934+00:00,상품선택: 러닝벨트 / 색상: 블랙 / 사이즈: S,런닝할때 쓰려고 샀는데 편하고 좋아요,5,1
jmjj****,2022-05-27T13:50:13.945+00:00,상품선택: 러닝벨트 / 색상: 블랙 / 사이즈: S,ㅠ 블투이어폰 떨어져서 잃어버림...,5,1
aaru*****,2022-04-25T10:04:32.506+00:00,상품선택: 러닝벨트 / 색상: 블랙 / 사이즈: S,좋아요! S샀는데 딱 골반에 걸쳐지고 뛰어도 흘러내리거나 올라가지 않아요,5,1
kore*****,2022-04-20T15:28:44.116+00:00,상품선택: 러닝벨트 / 색상: 블랙 / 사이즈: M,"버클있는건 손빨래만 가능한데, 이건 세탁기 돌릴수있어서 좋아요!
퀄리티도 괜춘해서 오래쓸거 같아요^^",5,1
toug******,2022-05-13T03:31:33.357+00:00,상품선택: 러닝벨트 / 색상: 블랙 / 사이즈: S,일단 쫀쫀함이 최고인듯! 나중에 늘어날까봐 S사이즈 샀는데 잘 써보겠습니다!,5,1
kims****,2022-05-25T06:11:13.550+00:00,상품선택: 러닝벨트 / 색상: 블랙 / 사이즈: M,런닝할때 아주 편리합니다,5,1
ay****,2022-04-08T13:59:12.023+00:00,상품선택: 러닝벨트 / 색상: 블루 / 사이즈: S,"재작년에 진짜 유용하게 잘 썼는데
땀날 때 빨려고 한개 더 샀어요~!
여전히 짱짱하고 좋네요^^
근데 파란색이 좀 인디고블루? 그런 예쁜 파랑일 줄 알았는데
형광끼도는 파랑이네요...ㅎㅎ 색은 안예뻐요",5,1
whdr******,2022-05-14T12:02:08.797+00:00,상품선택: 러닝벨트 / 색상: 블랙 / 사이즈: M,잘쓸게요~~~~~~~~~~~~~~~~~~~~,5,1
dogd***,2022-04-19T08:35:22.599+00:00,상품선택: 러닝벨트 / 색상: 블랙 / 사이즈: M,좋아요 핸폰 넣으니 좋은데 만보걸을때 ㅜㅜ 걸음수가 안되요 흔들림 없음 ㅎㅎ,5,1
glgl*******,2022-05-23T12:21:03.885+00:00,상품선택: 러닝벨트 / 색상: 블루 / 사이즈: L,빠른배송감사합니다.,5,1
delp*****,2022-05-03T12:49:51.290+00:00,상품선택: 러닝벨트 / 색상: 블랙 / 사이즈: M,가성비 좋은거 같습니다,5,1
cprh****,2022-05-23T01:53:55.509+00:00,상품선택: 러닝벨트 / 색상: 블랙 / 사이즈: S,달릴때 진짜 조아요!!,5,1
kimd*****,2022-04-29T03:53:58.731+00:00,,조아요 잘스겟습니다.,4,1
enlr*****,2022-04-27T07:40:25.007+00:00,상품선택: 러닝벨트 / 색상: 블랙 / 사이즈: S,"쫀쫀하니 좋아요 
근대 좀 두께감이 있어서 뛰고나면 허리에 땀이.. ㅜㅜ",4,1
ku****,2022-05-18T00:06:27.067+00:00,상품선택: 러닝벨트 / 색상: 블랙 / 사이즈: S,"가격,품질,만족 적극추천
재구매 의사있음~~",5,1
hiu0****,2022-04-14T15:35:57.112+00:00,상품선택: 러닝벨트 / 색상: 블루 / 사이즈: M,사이즈도 허리에 맞고 너무 편해요! 핸드폰 벨트에 잘 넣고 뛰는데 천국입니다. 그전에는 손에 잡고 뛰었거든요.,5,1
yf****,2022-05-20T12:10:43.496+00:00,상품선택: 러닝벨트 / 색상: 블랙 / 사이즈: M,여름철에 특히 유용해요,5,1
mond*****,2022-04-21T22:46:27.445+00:00,상품선택: 러닝벨트 / 색상: 블랙 / 사이즈: L,다른 벨트는 버클때문에 불편한데 이 제품은 신세계네요,5,1
jiun****,2022-04-25T09:47:10.117+00:00,상품선택: 러닝벨트 / 색상: 블루 / 사이즈: S,좋아요 고민하시는분들 구매 고,5,1
ash2***,2022-05-09T06:55:00.769+00:00,상품선택: 러닝벨트 / 색상: 블랙 / 사이즈: M,잘맞고 좋습니다. 배송도 빠릅니다. 추천합니다.,5,1
akia******,2022-04-20T23:43:35.442+00:00,상품선택: 러닝벨트 / 색상: 블랙 / 사이즈: S,"핸드폰 넣고 런닝 해봤는데 너무 편하고 좋았습니다!
왜 이제 샀나 몰라??????????",5,1
powe*****,2022-04-25T13:49:50.168+00:00,상품선택: 러닝벨트 / 색상: 블랙 / 사이즈: L,"플립벨트를 집에 놓고와서 본 제품을 샀습니다.
짱짱한느낌도 좋고 괜찮습니다만....
플립벨트에 물건 놓는 구멍 봉제가 약하네요...

뛰면서 폰 넣었다 뺐다 했더니 올이 풀리기 시작했어요ㅠㅠ",4,1
pk****,2022-04-26T11:37:34.776+00:00,상품선택: 러닝벨트 / 색상: 블랙 / 사이즈: M,빠른배송 감사합니당,5,1
ku****,2022-05-11T03:37:14.874+00:00,상품선택: 러닝벨트 / 색상: 블랙 / 사이즈: M,"보통 바지 32사이즈 M딱 맞습니다
배도 잡아주고 아주 좋습니다 굿!!!",5,1
ka****,2022-05-12T06:46:40.326+00:00,상품선택: 러닝벨트 / 색상: 블랙 / 사이즈: L,런닝할때아주잘쓰고있어요,5,1
autu*******,2022-04-29T05:36:38.835+00:00,상품선택: 러닝벨트 / 색상: 블랙 / 사이즈: M,좋아요. 달리기 하려고 샀는데 덕분에 잘 달릴 수 있을듯 해요. 밴드 적당히 쫀쫀하고 수납도 좋아요.,4,1
giwu*****,2022-04-09T12:37:08.061+00:00,상품선택: 러닝벨트 / 색상: 블랙 / 사이즈: L,배송도 빠르고 사용하기 너무 좋아요,5,1
ruda******,2022-03-31T03:39:00.987+00:00,상품선택: 러닝벨트 / 색상: 블랙 / 사이즈: M,배송 정말빠릅니다. 바로 착용하고 러닝해봤는데 매우 만족스럽네요 나중에 또 구매할거같아요,5,1
ph13***,2022-04-05T12:12:01.255+00:00,상품선택: 러닝벨트 / 색상: 형광 / 사이즈: L,좋아요.그런데 지퍼 있는것으로 주문했는데 지퍼 없는것을 보내 왔군요.그냥 쓰지요뭐.,4,1
fa****,2022-05-09T08:43:52.936+00:00,상품선택: 러닝벨트 / 색상: 블랙 / 사이즈: M,좋아서 지인선물용으로 추가구매,5,1
sktm***,2022-05-02T04:45:59.127+00:00,상품선택: 러닝벨트 / 색상: 블랙 / 사이즈: M,후기에 한사이즈 업하라해서 업해서사서 너무 좋아요ㅠㅠㅠ공복런닝에 너무 잘 쓰고있슈ㅓ여,5,1
japp******,2022-04-26T10:03:59.019+00:00,상품선택: 러닝벨트 / 색상: 블랙 / 사이즈: M,짱짱하니 뛰어도 안흘러내려요 플립3 닫거나 펴서 넣어도 수납 잘되네요 잘산것 같아요 배송도 빨라요,5,1
0119*******,2022-04-17T05:57:11.090+00:00,상품선택: 러닝벨트 / 색상: 블랙 / 사이즈: S,핸드폰만 넣고 등산했는데 너무 편해요,5,1
phil***,2022-05-07T00:38:12.481+00:00,상품선택: 러닝벨트 / 색상: 블랙 / 사이즈: M,정말 좋아요 뛸때 정말 편하네요,5,1
ke****,2022-04-16T02:34:19.901+00:00,상품선택: 러닝벨트 / 색상: 블랙 / 사이즈: M,생각보다 신축성이 좋네요,5,1
love******,2022-05-04T11:14:26.686+00:00,상품선택: 러닝벨트 / 색상: 블랙 / 사이즈: S,사진과 같습니다. 허리에 차보니 안정적이네요,5,1
xilo***,2022-05-09T11:32:52.476+00:00,상품선택: 러닝벨트 / 색상: 블랙 / 사이즈: L,항상 씁니다 좋아요,5,1
napk****,2022-04-11T10:57:49.050+00:00,상품선택: 러닝벨트 / 색상: 블랙 / 사이즈: M,몇 년 쓰다가 너무 좋아서 주위에 추천하고 선물도 해ㅛ어용,5,1
dong****,2022-05-08T04:16:46.334+00:00,상품선택: 러닝벨트 / 색상: 블랙 / 사이즈: M,많이 들어가고 좋습니다,5,1
rudg*******,2022-04-28T06:36:54.101+00:00,상품선택: 러닝벨트 / 색상: 블랙 / 사이즈: S,저렴한 가격에 쓰기 편해요 근데 좀 늘어나는 것 같아요,4,1
wt****,2022-04-26T09:29:21.094+00:00,상품선택: 러닝벨트 / 색상: 블랙 / 사이즈: M,"암밴드 고민하다가 이걸로 구입했습니다.
괜찮은 결정 같네요",4,1
hiu0****,2022-04-14T15:36:39.822+00:00,상품선택: 러닝벨트 / 색상: 블랙 / 사이즈: L,핸드폰 안들고 뛰어도 돼서 너무 편해요 ㅎㅎㅎ,5,1
cej9***,2022-04-22T08:50:24.264+00:00,상품선택: 러닝벨트 / 색상: 형광 / 사이즈: S,사이즈가 치수 잰거랑은 좀 다른가도 싶고.. 애매했어요.s로 샀는데도 딱맞아요. m살걸 그랬어요,3,1
newc****,2022-04-12T03:46:46.080+00:00,상품선택: 러닝벨트 / 색상: 블랙 / 사이즈: L,만족합니다 추천해요 강추!,5,1
rail******,2022-04-23T23:43:10.226+00:00,상품선택: 러닝벨트 / 색상: 블랙 / 사이즈: M,편하고 부드러워서 좋네요 핸드폰이 들어가도 흘러내리지 않고 좋아요,5,1
juyo*****,2022-03-25T06:21:33.364+00:00,상품선택: 러닝벨트 / 색상: 블랙 / 사이즈: S,"163/55 스몰 샀는데 골반에 하려면 m 이좋을거같아요! 골반엔 좀 껴서 사진처럼 허리에 해요 
뛸때 할려고 샀는데 핸드폰 흔들림없어서 짱좋아여",5,1
rpdn***,2022-04-16T07:02:34.506+00:00,상품선택: 러닝벨트 / 색상: 블랙 / 사이즈: M,빠른 배송 감사해요 :-),5,1
tprb***,2022-04-08T00:43:19.869+00:00,상품선택: 러닝벨트 / 색상: 블랙 / 사이즈: M,좋아요 러닝할때 아주좋음,5,1
okje***,2022-04-26T08:23:54.671+00:00,상품선택: 러닝벨트 / 색상: 형광 / 사이즈: L,배송빠르고 제푼ㅁ 조아요 마니파세요,5,1
jjeo****,2022-04-22T01:54:41.830+00:00,상품선택: 러닝벨트 / 색상: 블랙 / 사이즈: S,좋아요^^ 노트10+ 넣기 힘들긴한데 잘 빠지지도 않을거같아요,5,1
rudg*******,2022-04-28T06:37:49.182+00:00,상품선택: 러닝벨트 / 색상: 블랙 / 사이즈: S,좀 늘어나긴 하지만 편하고 맛있어요,4,1
wkd9***,2022-04-22T01:54:18.786+00:00,상품선택: 러닝벨트 / 색상: 블랙 / 사이즈: S,좋네요 등딱지에 폰붙이고 잘쓰고있슴다,5,1
lplp****,2022-04-05T02:08:01.447+00:00,상품선택: 러닝벨트 / 색상: 블랙 / 사이즈: L,"휴대폰같이 작은 물건 보관할 때 최고입니다.
암밴드는 흘러내리고 주머니는 달랑거리는데 이게 제 최종 선택지가 될 것 같네요. 너무 만족합니다.",5,1
smil*****,2022-04-25T09:19:39.994+00:00,상품선택: 러닝벨트 / 색상: 블랙 / 사이즈: S,그냥그래요  신축성이 약해요,3,1
two0***,2022-02-25T04:58:58.626+00:00,상품선택: 러닝벨트 / 색상: 블랙 / 사이즈: S,"입는 거라면 아묻따 s사이즈를 사야하는 작은 체구라서 그냥 별 고민 없이 주문했거든요. 근데 처음에 받아보고 이거 혹시 아동용인가 싶어서 당황했네요. 
그래도 신축성이 있어서인지 착용해보니 딱 맞아요. 체구가 작더라도 체형은 다 다르다보니 실측 사이즈 잘 보시고 구매하셔야겠어요!
아무튼 산책할 때마다 폰을 손에 쥐거나 주머니에 넣어다니는 게 너무 불편했던 터라 잘 사용할 수 있을 것 같습니다 ㅎㅎ",3,1
m938***,2022-03-31T02:09:55.656+00:00,상품선택: 러닝벨트 / 색상: 블랙 / 사이즈: L,진짜 너무 편해요 왜 이제야 샀는지... 추천합니다,5,1
gpdu******,2022-04-16T01:52:44.583+00:00,상품선택: 러닝벨트 / 색상: 블랙 / 사이즈: L,부드럽고 짱짱해요! 뛸때 해보니까 아주 좋습니다,5,1
rero*****,2022-04-15T02:48:04.017+00:00,상품선택: 러닝벨트 / 색상: 블랙 / 사이즈: M,가성비 짱이네요 잘 쓸게요,5,1
bb****,2022-03-31T11:29:09.740+00:00,상품선택: 러닝벨트 / 색상: 블랙 / 사이즈: M,개편해요 러닝마스터됨,5,1
drmg***,2022-04-03T02:01:31.712+00:00,상품선택: 러닝벨트 / 색상: 블랙 / 사이즈: M,폰 넣고 달리기 좋아요,5,1
ud****,2022-05-23T12:48:01.424+00:00,상품선택: 러닝벨트 / 색상: 블랙 / 사이즈: L,ㅈㅗㅎ아요~~~~~,4,1
hyun*****,2022-03-31T12:17:06.719+00:00,상품선택: 러닝벨트 / 색상: 블랙 / 사이즈: S,"신축성이 좋아서 러닝 중에도 불편하지 않네요.
게다가 한번 꼬아서 팔에 감아서 사용할 수도 있을거 같아요.
만족스럽습니다.",5,1
kims****,2022-04-23T07:49:15.313+00:00,상품선택: 러닝벨트 / 색상: 블랙 / 사이즈: M,런닝할때 편함 가성비좋음,5,1
hana****,2022-04-19T23:18:51.050+00:00,상품선택: 러닝벨트 / 색상: 블루 / 사이즈: S,와!!!! 두손의 자유를 얻었어요!,5,1
kh****,2022-04-27T10:46:36.056+00:00,상품선택: 러닝벨트 / 색상: 블랙 / 사이즈: M,자꾸 돌아가요 ㅜㅜ,3,1
temp********,2022-04-15T04:49:50.056+00:00,상품선택: 러닝벨트 / 색상: 블랙 / 사이즈: M,진짜좋아요. 운동하고싶어져요,5,1
lady****,2022-04-21T04:55:09.788+00:00,상품선택: 러닝벨트 / 색상: 블랙 / 사이즈: S,작을까 고민했느데 ㄸ착 붙어 좋아요,5,1
jjun*****,2022-04-17T01:01:08.444+00:00,상품선택: 러닝벨트 / 색상: 블랙 / 사이즈: M,M 자 사리즈 적당 딱 맞구 아주 좋습니당,5,1
jium***,2022-03-29T08:19:05.461+00:00,상품선택: 러닝벨트 / 색상: 블랙 / 사이즈: L,처음 구입 하지만 굿 선택,5,1
leem***,2022-04-18T01:20:51.316+00:00,상품선택: 러닝벨트 / 색상: 블랙 / 사이즈: M,몸에 잘 밀착되어 편해요,5,1
ksb5****,2022-04-16T01:14:42.655+00:00,상품선택: 러닝벨트 / 색상: 블랙 / 사이즈: M,아주아즈 만족합니다,5,1
ysh4***,2022-04-02T05:50:06.962+00:00,상품선택: 러닝벨트 / 색상: 형광 / 사이즈: S,늘 쓰던 벨트 재주문..편하고 좋슴다,4,1
vj70***,2022-03-14T05:55:00.740+00:00,상품선택: 러닝벨트 / 색상: 블랙 / 사이즈: S,지퍼가 아니라 핸드폰 넣고 뺄 때 불편하긴 해요. 그리고 허리~배꼽아래 차도 결국 뛰다보면 허리로 올라오기도 하고 아무래도 탄탄하게 고정되지는 않아요. 모양도 빨다보니까 살짝 틀어지는 것 같고 ㅜㅜ 그래도 가격이 저렴했으니까 무난하게 쓰고있어요~,3,1
dmst*****,2022-02-21T14:11:23.281+00:00,상품선택: 러닝벨트 / 색상: 블랙 / 사이즈: S,"러닝할 때 핸드폰을 어떻게 보관할지 고민했었는데 안성맞춤인 제품을 찾아서 너무 좋아요
하나도 불편하지 않고 딱 고정되서 너무 좋네요!
잘 쓸게요~~",5,1
do****,2022-04-06T08:49:50.945+00:00,상품선택: 러닝벨트 / 색상: 블랙 / 사이즈: S,만족합니다.매우 편함,4,1
ohma***,2022-04-02T03:53:18.951+00:00,상품선택: 러닝벨트 / 색상: 블랙 / 사이즈: M,"적극 추천합니다.
가성비 최고",5,1
ysh4***,2022-04-02T05:50:28.008+00:00,상품선택: 러닝벨트 / 색상: 형광 / 사이즈: M,늘 쓰던 벨트.편하고 좋음,4,1
plut********,2022-03-15T13:58:42.260+00:00,상품선택: 러닝벨트 / 색상: 블랙 / 사이즈: S,예전에 구매했는데 너무 좋아서 다시 재구매 합니다^^,5,1
h0****,2022-02-19T09:23:30.342+00:00,상품선택: 러닝벨트 / 색상: 블랙 / 사이즈: M,사이즈 미스인가봐요 ㅠㅠ 밴드자체는 질도 좋구 탄탄한 재질인데 M이 너무 커서 허리에는 흘러내리고 골반에서 덜렁덜렁 거려서 뛰기에는 불가능해요 ㅠㅠ 핀셋으로 조여 입어야겠어요 ㅠㅠ,4,1
temp********,2022-03-15T12:57:17.615+00:00,상품선택: 러닝벨트 / 색상: 블랙 / 사이즈: M,디자인배송 모두만족해요,5,1
gksw*******,2022-04-09T07:30:39.500+00:00,상품선택: 러닝벨트 / 색상: 블랙 / 사이즈: M,ㅎㅎ최고다 진짜 런닝굿둣,4,1
than********,2022-04-03T06:29:43.270+00:00,상품선택: 러닝벨트 / 색상: 블랙 / 사이즈: M,핸드폰 손에 들고 뛴다고 불편했는데 그 불편함이 바로 해결됐어요~,5,1
tlad****,2022-03-29T13:46:34.391+00:00,상품선택: 러닝벨트 / 색상: 블루 / 사이즈: M,신랑 런닝할때 사용하는데 지퍼형태가 아니라 통으로 되어 있어서 폰 빠질일이 없어 좋다네요.,5,1
taka****,2022-03-25T08:03:23.804+00:00,상품선택: 러닝벨트 / 색상: 블루 / 사이즈: L,애플워치 사고 러닝하려고 장만했어요 이제 날 따뜻해져서 달리려고요 잘 쓸게요 ㅎㅎ,5,1
0928*****,2022-03-18T15:31:58.328+00:00,상품선택: 러닝벨트 / 색상: 블랙 / 사이즈: M,좋아요부드럽고ㅎ ㅎ,5,1
fa****,2022-03-19T02:55:46.160+00:00,상품선택: 러닝벨트 / 색상: 블랙 / 사이즈: M,진작살걸 그랬어요!,5,1
rzji***,2022-02-18T01:35:38.008+00:00,상품선택: 러닝벨트 / 색상: 블랙 / 사이즈: M,골반사이즈 실측해서 주문했더니 편하게 맞네요~ 지퍼가 없어 폰이 떨어지지 않을까 걱정했는데 기우였네요~ 잘쓰겠습니다~~,5,1
weed***,2022-04-01T03:17:46.955+00:00,상품선택: 러닝벨트 / 색상: 블랙 / 사이즈: M,"사이즈 잘맞고, 러닝시 편하네요.",5,1
kiwo***,2022-03-22T23:30:00.741+00:00,상품선택: 러닝벨트 / 색상: 블루 / 사이즈: S,빠른배송 감사합니다. 수고하세요,5,1
liml******,2022-03-20T02:42:31.978+00:00,상품선택: 러닝벨트 / 색상: 블랙 / 사이즈: S,러닝할때 핸드폰 느낌 전혀 안나고 움직임 없어요!만족해요,5,1
chan****,2022-03-06T10:37:40.289+00:00,상품선택: 러닝벨트 / 색상: 블랙 / 사이즈: M,배송도 빠르고 제품도 맘에 듭니다,5,1
hong******,2022-03-22T20:22:27.248+00:00,상품선택: 러닝벨트 / 색상: 블랙 / 사이즈: S,받자마자 착용하고 러닝하고 왔는데 편하고 넘 좋네요,5,1
love*****,2022-02-12T08:12:07.386+00:00,상품선택: 러닝벨트 / 색상: 블랙 / 사이즈: S,짱짱하고 엄청 편해요! 약간 쫄리거나 흘러내리거나 핸드폰 튀어나오면 어쩌지? 했는데 그럴걱정 전혀 없어요ㅎㅎㅎ 러닝할때 완전 필수템,5,1
liml******,2022-03-20T02:43:02.130+00:00,상품선택: 러닝벨트 / 색상: 블랙 / 사이즈: L,러닝할때 폰무게 안느껴지고 움직임 없어요,5,1
dudn***,2022-02-26T09:14:12.521+00:00,상품선택: 러닝벨트 / 색상: 블랙 / 사이즈: L,쫀쫀하니 좋네요. 추천합니다.,5,1
sinl*****,2022-03-15T01:31:37.712+00:00,상품선택: 러닝벨트 / 색상: 블랙 / 사이즈: L,배송이 엄~~ 청 빨라요! 휴대폰 이제 안불편하겠다!,5,1
luna******,2022-02-22T11:17:30.753+00:00,상품선택: 러닝벨트 / 색상: 블랙 / 사이즈: M,뭐 들고 다니는거 싫어하는데 몸에 착 붙어서 안정적이고 거추장스럽지 않음,5,1
luvm******,2022-03-19T14:18:40.148+00:00,상품선택: 러닝벨트 / 색상: 블랙 / 사이즈: M,흔들림 없고 좋아요!,5,1
dhtp******,2022-02-28T02:08:36.825+00:00,상품선택: 러닝벨트 / 색상: 블랙 / 사이즈: S,일단 배송이 빨라서 좋구요 잘 흘러내리지도 않고 딱 고정 되서 좋습니다 지퍼가 없어서 살짝 걱정됐는데 두꺼운 케이스 낀 큰 핸드폰도 무리 없이 잘 들어가고 안빠져서 좋았습니다,5,1
pret******,2022-03-10T07:46:38.723+00:00,상품선택: 러닝벨트 / 색상: 형광 / 사이즈: S,짱짱하니 좋네요.근데 위나 아래로 써야해서 좀 불편,4,1
mp****,2022-02-25T09:15:19.325+00:00,상품선택: 러닝벨트 / 색상: 블랙 / 사이즈: M,러닝할때 필수입니다,5,1
kmj1*****,2022-03-12T10:17:39.279+00:00,상품선택: 러닝벨트 / 색상: 블랙 / 사이즈: S,좋아요좋아요좋아요좋,5,1
dlwj*****,2022-03-09T21:03:10.739+00:00,상품선택: 러닝벨트 / 색상: 블랙 / 사이즈: L,러닝할 때 핸드폰 보관용으로 쓰고 있어요,5,1
shdg******,2022-02-18T10:55:24.229+00:00,상품선택: 러닝벨트 / 색상: 블랙 / 사이즈: S,배송매우빨라요배송빨라요,3,1
hoy_******,2022-02-16T12:16:10.880+00:00,상품선택: 러닝벨트 / 색상: 블랙 / 사이즈: M,짱짱하니 마음에 들어요~,5,1
gmrt******,2022-02-25T12:21:08.351+00:00,상품선택: 러닝벨트 / 색상: 블랙 / 사이즈: S,맘에 들어요! 감사합니다~,5,1
mcti*****,2022-02-16T15:02:41.644+00:00,상품선택: 러닝벨트 / 색상: 블랙 / 사이즈: L,뛰어보니 좋군요 주머니 위치 찾는거만 빼고요,5,1
whit*******,2022-01-24T17:19:31.078+00:00,상품선택: 러닝벨트 / 색상: 블랙 / 사이즈: M,좋아요 런데이할때 필수탬이예요,5,1
lshg****,2022-03-17T23:01:51.893+00:00,상품선택: 러닝벨트 / 색상: 블랙 / 사이즈: M,좋습니다 좋습니다 좋습니다,5,1
yune***,2021-12-16T14:19:36.742+00:00,상품선택: 러닝벨트 / 색상: 블랙 / 사이즈: M,"제 런데이 인생은 이것을 쓰기 전과 후로 나뉩니다.. 런데이 친구한테 추천받았을때 고민하는 척 까불지말고 바로 샀어야 했어요.. 더 이상 손이 들고 달리지도, 주머니에 넣고 덜렁거리는 외투를 참지 않아도 됩니다. 넓은 고무밴드에 핸드폰이 챱! 들어가서 몸에 착! 고정됩니다 넣고 빼기도 쉽고요.. 상세페이지에 벨트에 넣는 소지품에 에너지바도 있길래 웃엇는데 막상 제품을 받아보니 괜히 저도 에너지바 하나 넣어보고 싶고... 엠 샀더니 편하게 맞아서 늘어나면 하늘색도 사보려고요. 사진은 핸드폰은 사진 찍어야 되니까 크기 비슷한 보조배터리 넣어봤어요 런닝하시는 분들 이거 꼭 사세요...",5,1
ins2****,2022-02-09T13:42:27.087+00:00,상품선택: 러닝벨트 / 색상: 블랙 / 사이즈: L,남편이 암밴드니 뭐니 다필요없고 이게 짱이라고합니다,5,1
zmff******,2022-02-07T08:40:43.819+00:00,상품선택: 러닝벨트 / 색상: 블랙 / 사이즈: M,엄청 편하고 흔들리지않아서 좋아요,5,1
ckdd*******,2022-02-05T05:46:01.463+00:00,상품선택: 러닝벨트 / 색상: 블랙 / 사이즈: M,만족합니다만족합니다,5,1
kjmi*****,2022-01-11T08:50:55.225+00:00,상품선택: 러닝벨트 / 색상: 블랙 / 사이즈: M,튼튼하고 좋습니다.,5,1
cang*******,2021-12-24T07:42:17.890+00:00,상품선택: 러닝벨트 / 색상: 블랙 / 사이즈: M,"런데이하려고 추천 받아서 샀는데 좋을 것 같아요
너무 끼지도 않고 흘러내리지도 않고 적당하게 잘 잡아주네요
얼른 내일 돼서 써보고 싶어요!",5,1
dndp***,2022-01-28T03:07:02.199+00:00,상품선택: 러닝벨트 / 색상: 블랙 / 사이즈: S,런닝할때 너무 좋아요,5,1
vibr***,2021-12-25T01:32:13.734+00:00,상품선택: 러닝벨트 / 색상: 블랙 / 사이즈: M,사용하던 제품  재구매 했네요. 32인치 허리에 M사이즈가 착붙어 휴대포렇고 달려도 전혀 부담없어요.,4,1
gack****,2021-12-22T03:02:09.448+00:00,상품선택: 러닝벨트 / 색상: 블랙 / 사이즈: M,제가 쓰는 것 보고 부모님도 사달라고하셔서 두개 더 주문했어요~ 아주 잘 쓰고 있습니다,5,1
jbs2***,2022-01-12T01:14:51.161+00:00,상품선택: 러닝벨트 / 색상: 블랙 / 사이즈: M,짱짱하네요 디자인도 ㄱㅊ,5,1
whit*******,2021-12-25T05:14:52.688+00:00,상품선택: 러닝벨트 / 색상: 블랙 / 사이즈: M,좋아요 딴색있는데 검정도구매함,5,1
lhn7***,2022-01-21T08:00:32.794+00:00,상품선택: 러닝벨트 / 색상: 블랙 / 사이즈: M,생각보다 널널한데 좋아요,4,1
hyeo*******,2022-01-04T08:01:42.310+00:00,상품선택: 러닝벨트 / 색상: 형광 / 사이즈: M,핸드폰 달고 뛰어도,5,1
npay****,2021-12-11T13:45:39.395+00:00,상품선택: 러닝벨트 / 색상: 블랙 / 사이즈: M,다른 벨트들처럼 버클로 쪼임을 고정할 수가 없습니다. (단순히 쪼이는 탄력으로 고정하는 벨트),1,1
gika****,2022-01-09T02:19:08.214+00:00,상품선택: 러닝벨트 / 색상: 형광 / 사이즈: M,"최고의 아이텡입니다
흘러내리지 않아요!",4,1
arab*****,2022-01-08T23:51:31.863+00:00,상품선택: 러닝벨트 / 색상: 블랙 / 사이즈: M,운동할때 쓰니 너무 편합니다,4,1
flas******,2022-01-07T04:37:50.229+00:00,상품선택: 러닝벨트 / 색상: 블랙 / 사이즈: M,좋습니다. 재질도 맘에 들고 신축성도 괜찮고요,4,1
yu09******,2022-01-07T06:12:20.820+00:00,상품선택: 러닝벨트 / 색상: 블랙 / 사이즈: M,편리하고 사용하기에  좋아요.,4,1
dog1***,2022-01-01T02:34:48.281+00:00,상품선택: 러닝벨트 / 색상: 블랙 / 사이즈: M,오 생각보다편해오 ㅎㅎ 추천드려영,5,1
gust******,2022-01-01T02:51:42.013+00:00,상품선택: 러닝벨트 / 색상: 블랙 / 사이즈: M,생각보다 얇네여 더드꺼우면 좋을가앝에여,5,1
fg****,2021-11-16T03:26:31.034+00:00,상품선택: 러닝벨트 / 색상: 블랙 / 사이즈: S,상품은 괜찮은데 사이즈미스로 잘사용안해요 배부분 누르게 되는걸 매우 답답해해서. 골반에 걸쳐쓰고싶은데 그러려면 다 큰사이즈 샀어야..,5,1
js****,2021-11-08T11:36:30.997+00:00,상품선택: 러닝벨트 / 색상: 블랙 / 사이즈: M,"착용감 편해요 흐러내리지도  않고 하지만 가장중요한
실용성은 없네요 내구성도 3번사용만에 트더지고요",2,1
ba****,2021-12-14T05:54:25.176+00:00,상품선택: 러닝벨트 / 색상: 형광 / 사이즈: M,휴대폰.자동차키등 덜렁거려 신경쓰이던것들이  싹 없어졌네요 ㅋ 최곱니다.러닝에,5,1
netk*****,2021-12-23T06:50:07.191+00:00,상품선택: 러닝벨트 / 색상: 형광 / 사이즈: M,소재가 부드럽고 유연. 핸드폰 소지 편안.,5,1
yoon***,2021-11-21T04:58:37.379+00:00,상품선택: 러닝벨트 / 색상: 블랙 / 사이즈: M,빠른배송과 몸에 착 달라붙는 용감. 덜리기할때 덜렁거리지 않고 좋음. 남자 키171에 몸무게70인데 중간싸이즈 딱 잘 맞아요.,5,1
5d****,2021-12-17T01:11:49.860+00:00,상품선택: 러닝벨트 / 색상: 블랙 / 사이즈: M,무난하고 얇은데 아이폰 맥스인데도 다 들어가서 너무 좋아요,5,1
netk*****,2021-12-23T06:49:16.753+00:00,상품선택: 러닝벨트 / 색상: 블랙 / 사이즈: M,핸드폰 보관이 쉽습니다.,5,1
just******,2021-12-20T13:11:55.960+00:00,상품선택: 러닝벨트 / 색상: 블랙 / 사이즈: S,흔들림없는 편안함 굿입니다,5,1
sunr******,2021-11-22T12:18:58.352+00:00,상품선택: 러닝벨트 / 색상: 블루 / 사이즈: S,"저 이거 너무 조아요!
달리기할때 딱 휴대폰만 넣고 달리면 돼요~
허리에 딱 달라붙어서 좋아요
근데 저 바지사이즈25입는데 달리다보면 s 약간 끼는 느낌 들어요ㅠ",5,1
zadk****,2021-12-13T14:33:27.854+00:00,상품선택: 러닝벨트 / 색상: 블랙 / 사이즈: M,운동할때 편하고 좋아요,5,1
apom***,2021-11-07T03:34:49.249+00:00,상품선택: 러닝벨트 / 색상: 블랙 / 사이즈: L,"재구매입니다^^
제가 원하는것이라 가격도 좋고 구입했는데, 내채력보다 좀 큰M시켜 써보니,
허리가 넉넉하고  휴대폰 넣고 걸어도  흘려내리지 않고, 어깨매는 가방보다 엄청 가벼워 산책, 장보려 갈때 너무 좋아요^^
그래서, 신랑도 이번에 구매해주니  운동할때 가벼운 소지품 차고. 좋다고 하네요~~  머리띠도 앞머리 고정시키고 참 신기했어요^^",4,1
ro****,2021-11-12T04:00:10.306+00:00,상품선택: 러닝벨트 / 색상: 형광 / 사이즈: M,"촉감도 좋고
핸드폰 보관도 편하고
가성비도 좋습니다",5,1
jaeh*******,2021-11-12T01:31:30.981+00:00,상품선택: 러닝벨트 / 색상: 블랙 / 사이즈: M,"나중에 늘어나서 못쓰는거 아닌가
싶었는데 생각보다 탄력있고 뛸 때도 
불편하지 않아요 ????",4,1
y747*****,2021-12-07T02:07:32.759+00:00,상품선택: 러닝벨트 / 색상: 블루 / 사이즈: L,전에 쓰고 좋아서 다시 제 구매했습니다.,5,1
nh****,2021-12-07T11:30:20.853+00:00,상품선택: 러닝벨트 / 색상: 블랙 / 사이즈: S,저는 이게 좋아서 잘 쓰고 있어요,5,1
018p******,2021-11-19T11:11:00.948+00:00,상품선택: 러닝벨트 / 색상: 블랙 / 사이즈: M,달 릴때 편하네요ㅎ,4,1
mhle*****,2021-11-30T01:37:18.756+00:00,상품선택: 러닝벨트 / 색상: 블랙 / 사이즈: M,배송이 빨라 좋아요,5,1
kime*****,2021-11-24T13:16:03.625+00:00,상품선택: 러닝벨트 / 색상: 블랙 / 사이즈: L,잘쓰고있어요. 하나 쓰다가 추가주문했습니다,5,1
jb****,2021-11-12T04:47:14.776+00:00,상품선택: 러닝벨트 / 색상: 블랙 / 사이즈: L,아주훌륭합니다아아아앙,5,1
as****,2021-11-05T04:25:50.612+00:00,상품선택: 러닝벨트 / 색상: 형광 / 사이즈: M,예상한대로 상품이 좋네요,5,1
mcwa*****,2021-11-08T10:24:30.787+00:00,상품선택: 러닝벨트 / 색상: 블랙 / 사이즈: M,"빠른 배송 조아요.
스마트폰이 s20+인데 문제없이 잘 들어는 갑니다.
런닝중에 안빠질거 같아 보이긴 하네요",4,1
leeh*****,2021-10-28T14:28:22.508+00:00,,"잘 쓰고 있어요 흔들림없고 차키, 핸드폰 다 잘 들어가요",5,1
sund*****,2021-11-16T03:07:29.034+00:00,상품선택: 러닝벨트 / 색상: 블랙 / 사이즈: S,러닝할때 주머니에서 달랑거리는거 신경쓰였는데 필수템이에요,5,1
2010***,2021-11-19T11:57:00.763+00:00,상품선택: 러닝벨트 / 색상: 블랙 / 사이즈: M,정말 신기하게 지퍼가 없는데도 에너지젤이 빠지지 않네요.,5,1
no****,2021-10-25T01:20:55.370+00:00,상품선택: 러닝벨트 / 색상: 블랙 / 사이즈: S,런닝할때 잘 쓰고있어요. 힙색보다 훨씬 편해요,5,1
hkha*******,2021-10-31T12:44:31.874+00:00,상품선택: 러닝벨트 / 색상: 블랙 / 사이즈: S,너무 맘에들어요 운동할때 편해요,5,1
gold*******,2021-10-14T05:37:03.645+00:00,상품선택: 러닝벨트 / 색상: 블랙 / 사이즈: M,사이즈 엠이 생각보다 커서 걱정했는데 오히려 안에 스마트폰 집어넣고 하니 잘 맞네요. 더 열심히 달릴 수 있을 것 같아요!,5,1
blue*****,2021-11-19T06:16:54.529+00:00,상품선택: 러닝벨트 / 색상: 블랙 / 사이즈: M,빠른 배송 감사합니다,4,1
love******,2021-11-12T00:27:09.595+00:00,상품선택: 러닝벨트 / 색상: 블랙 / 사이즈: M,아주 좋아요. 착용하기 편하고 짱짱하네요^^,5,1
dkdr****,2021-10-21T09:21:54.046+00:00,상품선택: 러닝벨트 / 색상: 블랙 / 사이즈: M,"운동갈때 핸드폰 넣으려고 구매했어요
가방형태보다 간단하니 좋네요",4,1
1130******,2021-10-19T04:00:22.548+00:00,상품선택: 러닝벨트 / 색상: 블랙 / 사이즈: L,너무 만족합니다! 탄탄하고 좋아요,5,1
lloa*****,2021-10-17T14:25:03.257+00:00,상품선택: 러닝벨트 / 색상: 블랙 / 사이즈: M,"운동할때 쓰려고 신랑꺼랑 두개구매햇어요
ㅎㅎ 허리에 쫀쫀하게 붙어서 넘 좋네유 ㅎㅎㅎ",5,2
lloa*****,2021-10-17T14:24:24.472+00:00,상품선택: 러닝벨트 / 색상: 형광 / 사이즈: S,"운동할때 쓰려고 신랑꺼랑 두개구매햇어요
ㅎㅎ 허리에 쫀쫀하게 붙어서 넘 좋네유 ㅎㅎㅎ",5,1
7906********,2021-11-07T12:48:01.837+00:00,상품선택: 러닝벨트 / 색상: 형광 / 사이즈: L,착용감 너무 좋아요~ 감사합니다,5,1
twen*****,2021-10-16T10:00:11.223+00:00,상품선택: 러닝벨트 / 색상: 블랙 / 사이즈: M,"지퍼없이 쓰는 편리함.
대신 너무작은 물건은 안되겠어요",4,1
gang******,2021-10-18T22:10:27.614+00:00,상품선택: 러닝벨트 / 색상: 블랙 / 사이즈: L,뛸때 편하네요.  잘쓰겠습니다,5,1
acar*****,2021-10-19T05:12:14.163+00:00,상품선택: 러닝벨트 / 색상: 블랙 / 사이즈: S,쫀쫀해서 골반에ㅣ걸쳐서 운동해도 흘러내리지 않아요. 굿!,5,1
as****,2021-10-10T01:05:15.332+00:00,상품선택: 러닝벨트 / 색상: 블랙 / 사이즈: M,"러닝할때 폰들고 다니기 힘들었는데
이제품은 몸에 딱 붙어서 러닝시 방해되는게 없네요. S10+ 방탄케이스 씌우고도 들어가네요.",5,1
m970***,2021-10-08T13:26:10.786+00:00,상품선택: 러닝벨트 / 색상: 블랙 / 사이즈: S,생각보다 엄청 잘 늘어나네요 그만큼 핸드폰이 빠지지 않을까?! 하는 걱정은 있어요 빠진적은 없습니다.,5,1
hist*******,2021-10-06T03:24:39.812+00:00,상품선택: 러닝벨트 / 색상: 블랙 / 사이즈: S,"러닝할때 쓰려고 샀어요 
한 이주일 정도 사용했는데 
안흔들리고 딱 잡아줘서 너무 좋아요",5,1
chun*******,2021-10-18T15:40:23.783+00:00,상품선택: 러닝벨트 / 색상: 블랙 / 사이즈: M,러닝할때 잘쓰고있습니다,5,1
bboy***,2021-11-01T22:26:00.028+00:00,상품선택: 러닝벨트 / 색상: 블랙 / 사이즈: M,잘쓰고있습니다. 만족해요!,5,1
dbsr******,2021-10-28T13:18:04.949+00:00,상품선택: 러닝벨트 / 색상: 블랙 / 사이즈: S,마라톤할때 좋네요 핸폰 이어폰 수납가능해요,5,1
mily******,2021-10-18T11:52:27.382+00:00,상품선택: 러닝벨트 / 색상: 블랙 / 사이즈: S,안빠질 것 같아요! 좋습니다,5,1
m2m0***,2021-09-30T09:53:37.621+00:00,,아이폰11인데 잘들어가고 에어팟까지 들어가요 골반에 걸치니까 흐르지도 않고 좋네요! 여성분들은 S하셔야할것같아욤,5,1
hy****,2021-10-03T08:55:15.301+00:00,상품선택: 러닝벨트 / 색상: 블랙 / 사이즈: M,"주머니 확대샷입니다. 지퍼는 없어요
저렴한 가격에 잘 샀습니다.",5,1
in****,2021-11-02T02:45:23.952+00:00,상품선택: 러닝벨트 / 색상: 블랙 / 사이즈: S,보이는것보다 사용하기 편해요.,4,1
yoon***,2021-10-16T23:27:03.234+00:00,상품선택: 러닝벨트 / 색상: 블랙 / 사이즈: S,착용 방법도 간편하고 휴대폰이 커서 걱정했는데 잘 고정돼요! 뛸 때 손이 자유로우니까 너무 편해요. 진작 살 걸 그랬어요.,5,1
jmh1***,2021-10-15T02:55:51.125+00:00,상품선택: 러닝벨트 / 색상: 블랙 / 사이즈: L,잘 쓸게요오오옹옹.,5,1
cric*******,2021-11-04T11:10:22.434+00:00,상품선택: 러닝벨트 / 색상: 블루 / 사이즈: S,좋아요 운동하기 편해요,4,1
hyun******,2021-10-03T05:41:41.300+00:00,상품선택: 러닝벨트 / 색상: 블랙 / 사이즈: S,러닝할때 좋아요. 몸에 착 달라붙어서 좋습니다,5,1
jimi*****,2021-10-17T00:21:23.331+00:00,상품선택: 러닝벨트 / 색상: 블랙 / 사이즈: S,설명 그대로 사진 그대로에요!,5,1
uou_***,2021-09-30T10:18:19.660+00:00,상품선택: 러닝벨트 / 색상: 블랙 / 사이즈: S,냄새가 좀 나긴 하는데 신축성 좋아요 빨리 착용하고 뛰고싶네요,5,1
maru****,2021-09-28T02:42:04.837+00:00,상품선택: 러닝벨트 / 색상: 블랙 / 사이즈: M,러닝벨트는 생각보다 널널했어요! 그렇다고 흘러내릴 정도는 아닙니다!! 분명 골반에 위치한 상태로 달리다보면 위로 올라가는 현상은 어쩔 수 없는거겠죠??ㅋㅋㅋ 무튼 좋아요!!! 그리고 헤어밴드는 조이지 않으면서 흘러내리거나 위로 말려 올라가지도 않고 너무 좋아요&gt;__&lt;!!,5,1
hdki****,2021-10-28T00:36:36.327+00:00,상품선택: 러닝벨트 / 색상: 블랙 / 사이즈: L,사용하기 편하고 너무 좋아요...,5,1
hyun*****,2021-10-10T06:45:03.841+00:00,상품선택: 러닝벨트 / 색상: 블랙 / 사이즈: M,밀착력 좋고  편합니다,5,1
blue***,2021-09-28T10:16:55.005+00:00,상품선택: 러닝벨트 / 색상: 블랙 / 사이즈: S,스몰 사이즈 잘 맞아요 몸에 착 달라 붙고 아이폰 12도 잘 들어가요,4,1
janj******,2021-09-30T05:09:57.665+00:00,상품선택: 러닝벨트 / 색상: 블랙 / 사이즈: S,가볍고 딱 맞아요 폰 넣고 뛰어봤는데 안 흔들리고 좋네요,5,1
wjdg*****,2021-11-16T09:12:34.186+00:00,상품선택: 러닝벨트 / 색상: 블랙 / 사이즈: M,굿굿 좋아요 굿굿굿,5,1
oo****,2021-10-26T12:02:00.324+00:00,상품선택: 러닝벨트 / 색상: 블랙 / 사이즈: S,운동할때 이만한게 없어요,5,1
rlad******,2021-10-23T02:17:03.449+00:00,상품선택: 러닝벨트 / 색상: 블랙 / 사이즈: S,배송에 문제가 좀 있었지만 상품은 좋습니다,5,1
ley0***,2021-10-06T07:04:33.088+00:00,상품선택: 러닝벨트 / 색상: 블랙 / 사이즈: S,"짱 조아요 여자는 S 하면 될거같아요
지퍼달린것 보다 흔들림이 없고 핸드폰을 잘 잡아줘서 
러닝할떄 집중할 수 있어요",5,1
zz****,2021-10-19T00:29:58.969+00:00,상품선택: 러닝벨트 / 색상: 블랙 / 사이즈: S,앗 조아용 뛸때 흔들릴까 했는데 흔들림없네요!,5,1
cu****,2021-10-05T01:38:14.186+00:00,상품선택: 러닝벨트 / 색상: 블랙 / 사이즈: S,아직 사용은 안해봤어요,2,1
yh****,2021-09-29T10:51:51.568+00:00,상품선택: 러닝벨트 / 색상: 블랙 / 사이즈: S,편하네요~ 세탁도 쉽고 좋ㅇㅏ요,5,1
forv******,2021-10-22T05:16:53.323+00:00,상품선택: 러닝벨트 / 색상: 블랙 / 사이즈: M,초보러너 분들은 꼭 하시길.. 정말 편해요,5,1
dikd******,2021-10-05T02:01:39.955+00:00,상품선택: 러닝벨트 / 색상: 블랙 / 사이즈: M,좋았습니다감사힙ㆍ니다 세네,1,1
hkha*******,2021-09-20T23:09:21.711+00:00,상품선택: 러닝벨트 / 색상: 블랙 / 사이즈: S,너무 맘에 들어요. 운동할때 좋아요,5,1
bee6***,2021-10-18T04:18:16.641+00:00,상품선택: 러닝벨트 / 색상: 블랙 / 사이즈: S,"사이즈 : S
남자 68kg 허리 28 
골반에 걸치면 딱 맞습니다 아주 좋아용bbb",5,1
catu***,2021-10-22T01:59:42.335+00:00,상품선택: 러닝벨트 / 색상: 블랙 / 사이즈: M,갤럭시 노트 10 잘들어가네요~,4,1
love******,2021-10-08T03:02:58.844+00:00,상품선택: 러닝벨트 / 색상: 블랙 / 사이즈: S,운동할 때 이보다 더 편할 수가 없어여 삶의 질을 높이고 싶다면 무조건 구매 추천합니다!!,5,1
koko***,2021-10-17T00:49:32.194+00:00,상품선택: 러닝벨트 / 색상: 블랙 / 사이즈: S,허리에 딱 맞아서 흔들리지 않아서 좋았습니다.,4,1
rans***,2021-10-07T12:04:37.142+00:00,상품선택: 러닝벨트 / 색상: 블랙 / 사이즈: M,"편하고 흔들리지 않고 좋아요
다만 물건 넣는 입구에 찝어둔 실이 조금 허술한것만 빼면 좋은것 같아요!!",4,1
ia****,2021-10-20T15:40:08.264+00:00,상품선택: 러닝벨트 / 색상: 블랙 / 사이즈: M,잘 사용하고 있습니다,4,1
juns*****,2021-09-26T04:09:49.812+00:00,상품선택: 러닝벨트 / 색상: 블랙 / 사이즈: S,러닝 필수템 편하고 좋아요,5,1
ia****,2021-09-01T12:23:12.179+00:00,상품선택: 러닝벨트 / 색상: 블랙 / 사이즈: M,동네 뒷산 러닝이라 걷기할때 쓰는데 좋아요. 뒤에 500ml 물통 끼우고 앞에는 v40 핸드폰 넣고 사용가능하네요. 다만 m사이즈 구매했더니 꽉 끼네요. 사용해보고 안늘어나면 L사이즈 추가구매해야 겠어요,4,1
llll*****,2021-10-10T03:27:49.136+00:00,상품선택: 러닝벨트 / 색상: 블랙 / 사이즈: M,신세계네요. 달리기 하시는 분 산책하시는 분 야외활동 하시는 분들 꼭 사세요.,5,1
im****,2021-09-25T05:49:43.264+00:00,상품선택: 러닝벨트 / 색상: 블랙 / 사이즈: M,M사이즈 딱 맞고 좋아요!,5,1
shoo***,2021-10-15T02:03:28.421+00:00,상품선택: 러닝벨트 / 색상: 블랙 / 사이즈: S,운동할때 핸드폰 넣고 뛸수 있어서 넘 편해요,4,1
sss6***,2021-10-08T01:07:09.077+00:00,상품선택: 러닝벨트 / 색상: 블랙 / 사이즈: S,"러닝할 때 최고입니다!!!!!!!!!!!
이곳 저곳 소개해주고 있는데
러닝하시는 분들은 꼭 써보시길 바랍니다.",5,1
kkc0*****,2021-10-17T04:35:29.653+00:00,상품선택: 러닝벨트 / 색상: 블랙 / 사이즈: M,정말 편하고 좋아용,5,1
dldp*****,2021-10-24T12:42:24.553+00:00,상품선택: 러닝벨트 / 색상: 블랙 / 사이즈: M,너무 유용해요!!!!!!!!!,5,1
bjh_****,2021-09-07T03:17:10.577+00:00,상품선택: 러닝벨트 / 색상: 블랙 / 사이즈: S,너어어어무 만족스럽습니다 지퍼형 어니어도 단단하게 고정되고요! 힙색들고댕겼는데 훨씬 좋아요,5,1
vibr***,2021-08-20T06:43:37.508+00:00,상품선택: 러닝벨트 / 색상: 블랙 / 사이즈: M,허리 32인치에 M사이즈 맞구요. 생각보다 두껍고 바느질 일부 누락되었네요. 휴대폰 넣을때 튿어지지 않게 조심해서 착용해야겠네요.,2,1
seol******,2021-09-14T07:19:12.025+00:00,상품선택: 러닝벨트 / 색상: 블랙 / 사이즈: S,좋아요 근데 약간 더 조여맬 수 있으면 더 좋을 것 같아요,5,1
nsh7***,2021-09-14T03:04:39.609+00:00,상품선택: 러닝벨트 / 색상: 블랙 / 사이즈: S,"안흘러내리고 튼튼해요
에어팟 케이스는 구멍 사이로 빠져나가요",5,1
popc*****,2021-10-14T09:25:34.071+00:00,상품선택: 러닝벨트 / 색상: 블랙 / 사이즈: S,달리기 할때 너무 편해요!,5,1
lime*******,2021-10-07T07:14:16.119+00:00,상품선택: 러닝벨트 / 색상: 블랙 / 사이즈: S,양 손 편하게 조깅 할 수 있어서 너무 좋아요,4,1
in****,2021-09-20T03:40:47.529+00:00,상품선택: 러닝벨트 / 색상: 블랙 / 사이즈: M,"좋은데요? 허리 32~34정도인데 사이즈 딱 좋구
뛸때 안정감 있네요, 갤럭시 s10 5g 투명케이스에 손잡이 달앗는데도 잘 들어가요
생각한것보다 좋네요",5,1
dnjs********,2021-10-04T04:35:00.766+00:00,,주머니가 생각보다 작아서 휴대가 불편하네요,3,1
bank****,2021-10-03T12:21:00.045+00:00,상품선택: 러닝벨트 / 색상: 블랙 / 사이즈: S,완전 조아요..........워치살까했는데 살필요없어졌네요,5,1
sjk0***,2021-09-25T00:52:30.468+00:00,상품선택: 러닝벨트 / 색상: 블랙 / 사이즈: L,운동시 유용하고 좋아요 신축성도 높아 강추합니다,5,1
oo****,2021-09-21T00:51:06.984+00:00,상품선택: 러닝벨트 / 색상: 블랙 / 사이즈: S,너무 좋아요!!! 힙색 살려다가 이거 샀는데 완전 밀착되어 좋아여!! 러닝하시는 분들 추천합니다,5,1
ahn8***,2021-10-04T11:37:36.168+00:00,상품선택: 러닝벨트 / 색상: 블루 / 사이즈: L,흘러내림없어 뛸때 불편하지않아 좋아요,5,1
018p******,2021-09-28T17:00:10.959+00:00,상품선택: 러닝벨트 / 색상: 블랙 / 사이즈: M,라지는 너무 커요. 중간사이즈랑 차이가크네요,3,1
jwww***,2021-09-02T13:34:56.593+00:00,상품선택: 러닝벨트 / 색상: 블랙 / 사이즈: S,"다음에 다른 제품도 사보랴구요!
생각보다 폰이 커서 잘 안들어가지만 열심히 끼워서 했는데 빠질것같아서 다음에는 지퍼있는 제품 살게요",4,1
supe********,2021-10-03T03:42:46.173+00:00,상품선택: 러닝벨트 / 색상: 형광 / 사이즈: L,핸드폰관리가 편해졌어요,5,1
lu****,2021-09-16T12:50:34.900+00:00,상품선택: 러닝벨트 / 색상: 블랙 / 사이즈: M,"아이폰, 에어팟 넣고 달리기 딱좋네용",5,1
imma***,2021-10-01T13:01:50.149+00:00,상품선택: 러닝벨트 / 색상: 블랙 / 사이즈: S,흘러내릴까봐 걱정했는데 고탄력 짱짱하네요,5,1
spad****,2021-10-08T08:00:17.842+00:00,상품선택: 러닝벨트 / 색상: 블랙 / 사이즈: S,아들이 유용하게 씁니다,4,1
jjju********,2021-10-08T08:37:45.366+00:00,상품선택: 러닝벨트 / 색상: 블랙 / 사이즈: L,싸고좋아요 감사해요,5,1
yooj***,2021-10-01T15:53:10.091+00:00,상품선택: 러닝벨트 / 색상: 블랙 / 사이즈: M,달리기 할때 사용하였는데 팔에 차는 것 보다 훨씬 낫네요.,5,1
pjn_****,2021-09-03T22:54:46.084+00:00,상품선택: 러닝벨트 / 색상: 블랙 / 사이즈: S,"달릴때 핸드폰 안 흔들리고 좋아요! 
왼쪽이 s 오른쪽 m 사이즈예요~",5,2
song****,2021-10-04T12:11:55.722+00:00,상품선택: 러닝벨트 / 색상: 블랙 / 사이즈: M,운동할때 휴대폰 손으로 안들고 좋네요~,5,1
x420*****,2021-09-01T11:28:19.072+00:00,상품선택: 러닝벨트 / 색상: 블랙 / 사이즈: L,싸이즈를 잘못 선택해서 좀 크긴 하지만 그래도 열심히 써보렵니다. 빠른배송 감사합니다.,4,1
jean****,2021-09-28T03:42:09.808+00:00,상품선택: 러닝벨트 / 색상: 블랙 / 사이즈: M,러닝에 전혀 방해되지 않아서 좋습니다. 170에 75kg이고 허리 30-32정도인데m사이즈 딱 맞네요.,5,1
mm62*****,2021-09-15T05:02:30.095+00:00,상품선택: 러닝벨트 / 색상: 블랙 / 사이즈: M,휴대폰 넣고 다니기 편해요,5,1
dbgh***,2021-09-25T03:09:29.457+00:00,상품선택: 러닝벨트 / 색상: 블랙 / 사이즈: S,"잘 받았는데,
사용은 안했어요
160/55 66사이즈인데,
입고?벗기 힘드네요 ㅎ",5,1
nm****,2021-09-30T01:35:21.454+00:00,상품선택: 러닝벨트 / 색상: 블랙 / 사이즈: M,헐렁하지않고조이면서좋아요,5,1
ysd8***,2021-09-30T10:30:39.813+00:00,상품선택: 러닝벨트 / 색상: 블랙 / 사이즈: M,"괜찮았습니다,  런닝에도움됩니다.",5,1
ah****,2021-08-20T02:27:38.899+00:00,상품선택: 러닝벨트 / 색상: 블랙 / 사이즈: S,"오늘 처음 사용해봤는데 좋아요.
걷기할때 핸드폰 넣고 걸으니 손도 편하고 허리에 고정도 잘 되어있어 좋았어요. 추천합니다.",5,1
sj****,2021-10-03T02:57:16.823+00:00,상품선택: 러닝벨트 / 색상: 형광 / 사이즈: S,이제 이거없이 못나가요,5,1
kale****,2021-09-28T13:51:59.514+00:00,상품선택: 러닝벨트 / 색상: 블랙 / 사이즈: M,운동할때 편하고 좋습니더,5,1
rain*******,2021-08-25T13:19:12.049+00:00,상품선택: 러닝벨트 / 색상: 블랙 / 사이즈: S,러닝할 때 쓰면 너무너무 만족스러워요~~!! 핸드폰이 요즘 커서 많이 답답했는데 완전 해결이예요!,5,1
clzk******,2021-08-29T02:39:25.018+00:00,상품선택: 러닝벨트 / 색상: 블랙 / 사이즈: M,"허리에 차고 하니 참 편해요.
다만..너무 더운 날엔 허리에 땀 차요ㅋㅋ
그것 빼곤 운동이 편해졌어요^^",4,1
xell*******,2021-09-28T06:10:33.160+00:00,상품선택: 러닝벨트 / 색상: 블랙 / 사이즈: M,러닝하려고 구매했어요 괜찮네요,5,1
clzk******,2021-08-30T00:21:58.610+00:00,상품선택: 러닝벨트 / 색상: 블랙 / 사이즈: S,"운동할때 편해요
달리기.배드민턴.
걱정 없습니다.
다만..허리가 좀 덥습니다ㅋㅋ",5,1
chin****,2021-08-17T16:01:44.573+00:00,상품선택: 러닝벨트 / 색상: 블랙 / 사이즈: S,손이 자유로워서 좋아요 러닝할때 간편하고 아이폰11 충분이 들어가고 에어팟도 넣고 다녀요 지퍼는 없어서 작은 물건은 안넣어봤습니다 운동할때 추천이요 여자분들은 s 추천이요,5,1
018p******,2021-09-28T16:59:36.535+00:00,상품선택: 러닝벨트 / 색상: 블랙 / 사이즈: L,편해요. 등산할때ㅎ,4,1
shar***,2021-10-03T00:54:20.152+00:00,상품선택: 러닝벨트 / 색상: 블랙 / 사이즈: M,딱 맞고 편합니다 !,5,1
cryr***,2021-08-20T06:48:26.980+00:00,상품선택: 러닝벨트 / 색상: 블랙 / 사이즈: S,"운동할때 쓰려고 구매했어요
여자52키로인데 스몰 딱맞아요
미듐해서 편하게 할껄하긴 했어요
배송 빨랐고 휴대폰 에어팟 잘들어가요",5,1
hara******,2021-09-21T08:21:08.649+00:00,상품선택: 러닝벨트 / 색상: 블랙 / 사이즈: S,가성비 좋네요~ 잘 쓰고 있습니다,5,1
kon_***,2021-08-27T02:28:52.537+00:00,상품선택: 러닝벨트 / 색상: 블루 / 사이즈: S,착용하고 산책했는데 넘 편하네용 ㅋㅋ 티셔츠 안쪽에 착용하니 감쪽같아용,5,1
shar***,2021-10-02T00:27:29.493+00:00,상품선택: 러닝벨트 / 색상: 블랙 / 사이즈: L,딱 맞고 편하네요 ^^,5,1
hl****,2021-08-23T03:09:26.148+00:00,상품선택: 러닝벨트 / 색상: 블랙 / 사이즈: L,배송도 빠르고 잘왔고 착용감도 좋네요. 벨트형을 안써봐서 어떤게 더 편한진...,5,1
lsar***,2021-09-20T00:50:10.579+00:00,상품선택: 러닝벨트 / 색상: 블랙 / 사이즈: M,등록이 빨라 좋습니다. 잘 쓰고있습니다,4,1
hoya********,2021-08-23T04:23:34.906+00:00,상품선택: 러닝벨트 / 색상: 블랙 / 사이즈: M,쫀쫀하게 잘 작동되는 것 같아요~,5,1
7258****,2021-09-02T12:49:52.203+00:00,상품선택: 러닝벨트 / 색상: 블랙 / 사이즈: M,흔들림도 없고 착용감 너무좋음,5,1
clsr****,2021-09-15T08:22:39.434+00:00,상품선택: 러닝벨트 / 색상: 블랙 / 사이즈: M,뛸 때 정말 편하네요 이제 필수템이 되었습니다.,5,1
am****,2021-08-22T12:24:22.402+00:00,상품선택: 러닝벨트 / 색상: 블루 / 사이즈: M,"일단 이런 플립벨트는 처음 써보는거라...
두손이 놀고 있어서 좋았습니다
더 써보고 좋은점 있으면 남기도록할께요",5,1
kimj******,2021-09-01T00:55:22.741+00:00,상품선택: 러닝벨트 / 색상: 블랙 / 사이즈: S,뛸 때 손이 가벼워져서 너무 좋아요,5,1
good*****,2021-09-03T07:41:24.083+00:00,상품선택: 러닝벨트 / 색상: 블랙 / 사이즈: S,약간 불안하지만 그래도 괜찮아요,5,1
bl****,2021-09-14T01:15:59.461+00:00,상품선택: 러닝벨트 / 색상: 블랙 / 사이즈: S,되게 좋아요 생각보다 많이 들어가네요!,5,1
doro*****,2021-09-11T08:01:55.091+00:00,상품선택: 러닝벨트 / 색상: 블랙 / 사이즈: M,런닝할때 사용하려고 구입했어요 다양하게 너을수있어서 좋아요,5,1
iape****,2021-09-19T01:57:16.363+00:00,상품선택: 러닝벨트 / 색상: 블랙 / 사이즈: S,받아서 잘쓰고 있어요~ 많이파세요^^,5,1
sang*******,2021-09-25T13:28:06.542+00:00,상품선택: 러닝벨트 / 색상: 블랙 / 사이즈: M,아주 만족합니다~~,5,1
cora*****,2021-09-02T16:12:59.190+00:00,상품선택: 러닝벨트 / 색상: 블랙 / 사이즈: M,안한들려서 러닝할 때 좋네요,5,1
ara_*******,2021-08-10T15:04:42.148+00:00,상품선택: 러닝벨트 / 색상: 블랙 / 사이즈: S,암밴드살까 하다가 에어팟과 핸드폰 모두 넣어서 다닐거라 러닝벨트로 샀는데 정말 편하고 맨거같지가 않아요 ㅋㅋ 그리고 소지품 넣는 틈새가 하나만 있는게 아니라 넣고 뺄 때 편리한 편입니당,5,1
oo****,2021-09-21T02:45:53.383+00:00,상품선택: 러닝벨트 / 색상: 블랙 / 사이즈: S,손이 자유로워서 좋아요,5,1
choc*******,2021-09-27T02:31:01.412+00:00,상품선택: 러닝벨트 / 색상: 블랙 / 사이즈: S,짱짱하니 좋습니다!!!,5,1
ship****,2021-09-23T22:47:42.888+00:00,상품선택: 러닝벨트 / 색상: 블루 / 사이즈: S,달리기할 때 편해요,5,1
back****,2021-08-22T03:27:33.964+00:00,상품선택: 러닝벨트 / 색상: 블랙 / 사이즈: L,정말 편하네요 착용도 편리하고 좋라료,5,1
jn****,2021-08-11T04:13:13.469+00:00,상품선택: 러닝벨트 / 색상: 블랙 / 사이즈: S,달리기 어플과 음악 들어야해서 늘 손에 들고 뛴지3개월 달리는 거리를 늘리면서 손에 뭘 쥐는게 너무 버거워 검색 끝에 구매했어요 정말 편합니다 160에 50킬로 여자 허리에 여유있게 맞아요,5,1
ksh2****,2021-08-20T01:53:30.558+00:00,상품선택: 러닝벨트 / 색상: 블랙 / 사이즈: S,마음에 들어요 색상도 이쁘고 있다,5,1
finb****,2021-08-28T22:30:16.498+00:00,상품선택: 러닝벨트 / 색상: 블랙 / 사이즈: M,나름 괜찮은 거 같아요 일 할 때 써요,4,1
shin***,2021-08-20T05:09:39.854+00:00,상품선택: 러닝벨트 / 색상: 블랙 / 사이즈: S,러닝할때 핸드폰 들고뛰기 불편해서 샀는데 아직 써보진 않았지만 괜찮은거같네요.,4,1
rnle******,2021-08-27T12:24:16.618+00:00,상품선택: 러닝벨트 / 색상: 블랙 / 사이즈: M,휴대폰 넣고 뛸수있어서 좋아요,5,1
gosl******,2021-08-18T02:22:43.782+00:00,상품선택: 러닝벨트 / 색상: 블랙 / 사이즈: S,"카드, 휴대폰(아이폰11pro+그립톡), 에어팟케이스까지 넣고 뛰었는데 괜찮았어요! 편해요!",5,1
park******,2021-09-14T07:49:55.075+00:00,상품선택: 러닝벨트 / 색상: 블랙 / 사이즈: L,아주 좋아요 사이즈 딱이예요,5,1
bkyl***,2021-08-20T01:30:34.556+00:00,상품선택: 러닝벨트 / 색상: 블랙 / 사이즈: M,완전편해요 러닝이 더 좋아졌어요,5,1
lond***,2021-09-14T14:52:01.298+00:00,상품선택: 러닝벨트 / 색상: 블랙 / 사이즈: M,어머니꺼 사드림 출퇴근시 가방 안메도 돼서 좋다하심,5,1
summ******,2021-10-12T18:39:38.224+00:00,상품선택: 러닝벨트 / 색상: 형광 / 사이즈: M,아주아주 좋아연!!!!!!!!!!!!!!!!!!!!!!!,5,1
82****,2021-09-19T03:57:24.511+00:00,상품선택: 러닝벨트 / 색상: 블랙 / 사이즈: S,러닝할 때 딱이에요,5,1
ju****,2021-08-25T11:34:34.489+00:00,상품선택: 러닝벨트 / 색상: 블랙 / 사이즈: M,가볍고 적당한 핏감. 바지 사이즈 32인치 m사이즈,5,1
pjn_****,2021-09-03T22:54:59.884+00:00,상품선택: 러닝벨트 / 색상: 블랙 / 사이즈: M,"달릴때 핸드폰 안 흔들리고 좋아요! 
왼쪽이 s 오른쪽 m 사이즈예요~",5,1
kron*****,2021-08-21T02:34:02.125+00:00,상품선택: 러닝벨트 / 색상: 블랙 / 사이즈: M,"흔들리지 않는 편안함
기대이상 입니다",5,1
lala******,2021-08-31T17:57:12.984+00:00,상품선택: 러닝벨트 / 색상: 블랙 / 사이즈: S,처음은 일단 손이 자유로워서 좋았고 흔들리지 않는 착용감이 좋았는데 입고 벗기 불편해서 안쓰게 되네요,2,1
sgdr*****,2021-09-11T01:41:37.299+00:00,상품선택: 러닝벨트 / 색상: 블랙 / 사이즈: M,운동하기 편하고 좋습니다,5,1
nh****,2021-09-01T06:29:01.980+00:00,상품선택: 러닝벨트 / 색상: 블랙 / 사이즈: S,"생각보다 고정이 잘되요~
핸드폰만 넣을수잇을거같아요",4,1
ha****,2021-08-19T00:33:22.861+00:00,,"몇년전 마라톤 연습하느라 샀는데 산에 갈때도 좋고
산책할때도 너무 편하게 사용하고 있어요
친구도 제 추천으로 사고
이번에는 시어머님랑 남편꺼 구매요~ 
몇년 쓴  제꺼도 하나더 살껄하는 생각이 드네요~",5,1
yunj*****,2021-09-09T23:45:54.519+00:00,상품선택: 러닝벨트 / 색상: 블랙 / 사이즈: S,허리 28사이즈 스몰사이즈 적당히 잘 맞아요,4,1
gsun****,2021-09-10T12:21:53.027+00:00,상품선택: 러닝벨트 / 색상: 블랙 / 사이즈: M,벨트식이라 착달라붙는 감이 좋네요,3,1
90****,2021-08-28T03:47:43.984+00:00,상품선택: 러닝벨트 / 색상: 블랙 / 사이즈: S,러닝백 살까하다가 밴드로 샀는데 사길 잘했어요 짱짱하고 핸드폰 잘 들어가요,5,1
park******,2021-09-14T07:49:41.630+00:00,상품선택: 러닝벨트 / 색상: 블랙 / 사이즈: M,아주 좋아요 ㅅㅏ이즈딱입니다,5,1
blue****,2021-09-08T07:45:17.244+00:00,상품선택: 러닝벨트 / 색상: 블랙 / 사이즈: M,운동할때마다 잘쓰고 있습니다!,5,1
lond***,2021-09-11T12:58:48.873+00:00,상품선택: 러닝벨트 / 색상: 블랙 / 사이즈: M,어머니것 바로 재구매,5,1
janu******,2021-08-21T05:11:58.833+00:00,상품선택: 러닝벨트 / 색상: 블랙 / 사이즈: S,160 52키로 s 사이즈 괜찮을거라고 생각했는데 m살걸 조금 후회했어요 ㅋㅋ 제품은 좋습니다. 두손 자유롭게 러닝할수 있어서 편해요,5,1
duul*****,2021-08-22T03:34:24.408+00:00,상품선택: 러닝벨트 / 색상: 블랙 / 사이즈: M,착용감 좋네요 ㅎㅎ,5,1
pg****,2021-08-13T04:32:25.720+00:00,상품선택: 러닝벨트 / 색상: 블루 / 사이즈: M,자전거 타거나 반바지 착용할때 잘사용하고 있습니다~^^,5,1
dbwd*******,2021-07-27T04:53:44.794+00:00,상품선택: 러닝벨트 / 색상: 블랙 / 사이즈: L,"우와 이거 대박이네요 
엄청 편해요 왜 진작 안 샀지ㅠㅠ
런데이 하는데 폰을 손에 드는게 거추장 스러워서 추천받고 샀는데 정말 좋아요",5,1
park****,2021-09-07T04:07:16.548+00:00,상품선택: 러닝벨트 / 색상: 블랙 / 사이즈: M,양 팔이 자유롭다는게 너무 좋아요ㅔ,5,1
na****,2021-08-08T00:36:47.789+00:00,상품선택: 러닝벨트 / 색상: 블랙 / 사이즈: S,"아내가 만족한다네요
대박나세요",5,1
ghas****,2021-09-14T01:48:29.632+00:00,상품선택: 러닝벨트 / 색상: 블랙 / 사이즈: M,런닝필수템??????????????????,5,1
nali****,2021-09-02T05:08:58.269+00:00,,좋아요 잘 쓰겠습니다~~~~~~~,5,1
vivi*******,2021-08-17T14:04:53.433+00:00,상품선택: 러닝벨트 / 색상: 블랙 / 사이즈: S,진짜 편하고 좋아요,5,1
happ****,2021-07-29T15:17:51.816+00:00,상품선택: 러닝벨트 / 색상: 블랙 / 사이즈: S,163 70 이고 S했는데 조씁니다 아이폰 쏙 들어갑니다 비교해보다가 이걸루 샀는데 진작에 알아볼 거 그랬네요 런닝시 필수템!,5,1
kkc0*****,2021-09-09T14:31:57.836+00:00,상품선택: 러닝벨트 / 색상: 블랙 / 사이즈: M,좋앙아용많이많이사세영,5,1
dlwn******,2021-08-10T05:30:19.655+00:00,상품선택: 러닝벨트 / 색상: 블랙 / 사이즈: S,런데이 필수템이에요 너무좋어요,5,1
grac******,2021-09-03T12:39:37.504+00:00,상품선택: 러닝벨트 / 색상: 블랙 / 사이즈: S,런닝할때 편해서 좋아요,5,1
lee3******,2021-08-11T04:00:57.631+00:00,상품선택: 러닝벨트 / 색상: 블랙 / 사이즈: L,아주 좋습니다 대 만족입니다!!,5,1
r010***,2021-09-03T03:18:57.970+00:00,상품선택: 러닝벨트 / 색상: 블랙 / 사이즈: S,뛸 때 폰을 안들고 뛰니까 진짜 편함,5,1
ask2***,2021-08-27T01:14:48.951+00:00,상품선택: 러닝벨트 / 색상: 블랙 / 사이즈: S,착용할때 조금 불편하긴 한데 휴대폰 수납하기 너무 좋아요~,5,1
sgs9*****,2021-08-25T23:06:11.575+00:00,상품선택: 러닝벨트 / 색상: 블랙 / 사이즈: M,좋은데 물건 넣는 구멍이 많아서 에어팟 같은 작은 것들은 떨어지지 않을까 걱정 됩니다,3,1
hade****,2021-08-29T10:59:00.906+00:00,상품선택: 러닝벨트 / 색상: 블랙 / 사이즈: S,런닝뛸때 필요해서 샀는데 아주 좋아요,5,1
yomi****,2021-07-28T22:12:16.569+00:00,상품선택: 러닝벨트 / 색상: 블랙 / 사이즈: S,"백프로 만족
꼭 사세요 엠사이즈 사려다 고무라 에스 샀는데
딱이에요 움직이는것도 없고 한지도 모르겠어요",5,1
ocha****,2021-08-29T15:59:59.486+00:00,상품선택: 러닝벨트 / 색상: 블랙 / 사이즈: S,맘에들어요 ㅎ 2개구매,5,1
sinm*******,2021-08-23T03:40:24.748+00:00,상품선택: 러닝벨트 / 색상: 블랙 / 사이즈: M,골반에 걸치면 안정감이 있고 물건을 넣어도 밴드의 탄성 덕분에 뛰어도 문제 없습니다.,5,1
choa******,2021-08-27T03:05:50.246+00:00,상품선택: 러닝벨트 / 색상: 블랙 / 사이즈: S,장마철이어서 아직 사용 전이나 제품은 맘에 듭니다.,5,1
appl******,2021-08-09T22:00:25.049+00:00,상품선택: 러닝벨트 / 색상: 블랙 / 사이즈: S,굿뜨 러닝필수템 폰넣고뜁니다,5,1
hans*****,2021-09-07T12:17:19.533+00:00,상품선택: 러닝벨트 / 색상: 블랙 / 사이즈: S,안흘러내려가길!!~,4,1
ekfh****,2021-09-03T10:17:12.852+00:00,상품선택: 러닝벨트 / 색상: 블랙 / 사이즈: M,받았습니다 좋아요:),5,1
kon_***,2021-08-23T00:03:11.939+00:00,상품선택: 러닝벨트 / 색상: 블랙 / 사이즈: L,"착용하고 핸드폰 넣어두고 산탔는데 두 손, 어깨가 자유로워서 너무 좋았습니다~~~",5,1
sana****,2021-08-31T00:55:32.352+00:00,상품선택: 러닝벨트 / 색상: 블랙 / 사이즈: L,러닝시 휴대폰 소지가 편해졌습니다.,5,1
zomo*****,2021-08-23T00:32:39.892+00:00,상품선택: 러닝벨트 / 색상: 형광 / 사이즈: S,매번 구매하던 제푸품입니다~ 빠른 배송 감사합니다~,5,1
ksd8*****,2021-09-01T00:00:43.281+00:00,상품선택: 러닝벨트 / 색상: 블랙 / 사이즈: M,만조스럽게 사용중입니다.,4,1
ismi****,2021-09-01T12:41:55.826+00:00,상품선택: 러닝벨트 / 색상: 블랙 / 사이즈: M,더 빨리 샀어야만 했음,5,1
cobr********,2021-08-19T12:01:53.379+00:00,상품선택: 러닝벨트 / 색상: 형광 / 사이즈: L,빠른 배송 잘받았습니다. 사이즈랑 색상도 다 잘맞아요.,5,1
dian*****,2021-08-26T06:30:17.713+00:00,상품선택: 러닝벨트 / 색상: 형광 / 사이즈: L,러닝할떄 잘 쓸거같습니다 핸드폰 쏙들어갑니다,5,1
gusa***,2021-08-28T04:41:47.211+00:00,상품선택: 러닝벨트 / 색상: 블랙 / 사이즈: S,핸드폰이랑 차키 넣어서 달릴때 편해요~,5,1
choi********,2021-08-13T01:21:39.989+00:00,상품선택: 러닝벨트 / 색상: 블랙 / 사이즈: L,"핸드폰, 블루투스 이어폰 넣고 다녀도 흔들림이 없어 좋습니다
빨면 물빠짐처럼 검은 물이 좀 나옵니다
가성비는 좋은듯 합니다",4,1
dnjs*******,2021-08-24T04:38:18.374+00:00,상품선택: 러닝벨트 / 색상: 블랙 / 사이즈: M,잘맞고 안흔들려요 보통체격 175 72인데 m잘맞네요,4,1
kkl1***,2021-08-22T22:06:25.762+00:00,상품선택: 러닝벨트 / 색상: 블랙 / 사이즈: S,"운동할 때 핸드폰, 카드 등을 부담없이 소지한채 러닝 가능",4,1
hjgh****,2021-08-28T03:58:27.627+00:00,상품선택: 러닝벨트 / 색상: 블랙 / 사이즈: S,굿굿 러닝할때 좋아요,4,1
nsya***,2021-07-13T14:21:31.584+00:00,상품선택: 러닝벨트 / 색상: 블랙 / 사이즈: S,"후기보고 S사이즈로 주문했는데 잘한 것 같네요 
저녁 산책시 유용하게 사용할 것 같습니다",5,1
bigb******,2021-08-23T11:06:18.982+00:00,상품선택: 러닝벨트 / 색상: 블루 / 사이즈: M,두번째 살빠져서 m샀는데 딱좋네오,5,1
ro****,2021-07-28T02:22:24.328+00:00,상품선택: 러닝벨트 / 색상: 블랙 / 사이즈: S,받자마자 좀 작지 않을까 했는데 왠걸 잘맞네요.(바지 29~30 입음) 저와 바지 사이즈 비슷하시면 s사셔도 무방합니다. 탄탄하고 휴대폰 정도 휴대 가능합니다. 다만 케이스는 빼고 넣어야 딱 좋네요,5,1
anna********,2021-08-19T05:41:07.000+00:00,상품선택: 러닝벨트 / 색상: 블랙 / 사이즈: S,친구 선물로 샀는데 맘에 들어합니다,5,1
bigs****,2021-08-09T05:10:31.934+00:00,상품선택: 러닝벨트 / 색상: 블랙 / 사이즈: S,편하고 좋아요~ 골반에 했다가 뛰면 허리 쪽으로 올라가긴 하는데 그렇다고 헐렁거리거나 헛돌지 않네요~,4,1
gg****,2021-08-25T10:46:33.953+00:00,상품선택: 러닝벨트 / 색상: 블랙 / 사이즈: S,런닝할 때 좋아요.,5,1
hy****,2021-08-01T16:34:06.754+00:00,상품선택: 러닝벨트 / 색상: 블랙 / 사이즈: S,"한달정도 사용했습니다.
아이폰12미니 사용중이구요,
남자 허리 29에 S시켰습니다.

핸드폰 안 빠지고,
뛸때 느낌 아예 없고 정말 좋습니다.

주변에 달리기 하는 친구들에게 소개하려구요.",5,1
esme*******,2021-07-07T00:24:53.237+00:00,상품선택: 러닝벨트 / 색상: 블랙 / 사이즈: M,"운동할때 허리에 차고하니 훨씬 손이편해서 좋습니다.
근데 보통체격의 여자가 쓰긴 M 사이즈도 살짝 큰 감이 있네요 그래도 흘러내리거나 하는건 아니라 잘 사용하고 있습니다.",5,1
mdig***,2021-08-14T18:46:36.453+00:00,상품선택: 러닝벨트 / 색상: 블랙 / 사이즈: M,고정 잘 되고 안 흔들려서 좋아요. 노트10플러스 잘 들어가요.,5,1
ydy0***,2021-08-18T03:39:48.855+00:00,상품선택: 러닝벨트 / 색상: 블랙 / 사이즈: S,달릴때 폰 신경 안 쓰고 달릴 수 있어서 편해요,5,1
oklj****,2021-08-21T00:25:29.329+00:00,상품선택: 러닝벨트 / 색상: 블랙 / 사이즈: S,"너무 편하고 이거없이 이제 러닝 못해요,",5,1
nka3***,2021-07-28T08:44:29.027+00:00,상품선택: 러닝벨트 / 색상: 블랙 / 사이즈: S,핸드폰이랑 에어팟 손에 들고 안뛰어도 되서 너무 좋아요! S샀는데 헐렁거맂 않아서 빠질 걱정은 없습니다!!! 한달 썼는데 늘어나지 않았어요~~ 너무 더운 여룸이라 벨트 찬 부분 땀 많이 납니다,5,1
tnse*****,2021-07-25T13:06:58.683+00:00,상품선택: 러닝벨트 / 색상: 블랙 / 사이즈: M,편해요 생각보다 운동할때 좋아요,5,1
looo***,2021-08-19T03:34:08.826+00:00,상품선택: 러닝벨트 / 색상: 블랙 / 사이즈: L,빠른배송감사합니다.,5,1
wndg*******,2021-08-18T09:13:26.197+00:00,상품선택: 러닝벨트 / 색상: 블랙 / 사이즈: M,편안하게 뛸 수 있어 좋습니다,5,1
sjk0***,2021-08-18T09:42:46.459+00:00,상품선택: 러닝벨트 / 색상: 블랙 / 사이즈: L,사이즈 맞고 만족합니다 강추,5,1
bass*****,2021-08-18T14:21:47.798+00:00,상품선택: 러닝벨트 / 색상: 블랙 / 사이즈: S,편해요 고정 잘되고 운동할때 간편합니다,5,1
zxcv*****,2021-08-22T02:17:08.606+00:00,상품선택: 러닝벨트 / 색상: 블랙 / 사이즈: S,손이 자유로워서 편함,5,1
samk****,2021-07-30T03:03:58.276+00:00,상품선택: 러닝벨트 / 색상: 블랙 / 사이즈: S,배송도 빠르고 상품도 마음에,5,1
doit******,2021-08-19T01:25:54.116+00:00,상품선택: 러닝벨트 / 색상: 블랙 / 사이즈: M,사용이 편하고 좋아요,5,1
bl****,2021-07-20T23:21:37.198+00:00,상품선택: 러닝벨트 / 색상: 블랙 / 사이즈: S,짱짱하니 좋네요 달릴 때 유용하게 쓸 것 같아요!,5,1
ador***,2021-07-25T09:29:20.763+00:00,상품선택: 러닝벨트 / 색상: 블랙 / 사이즈: M,러닝할 때 쓰고 있는데 만족스러운 제품이에요. 매번 핸드폰 손에 쥐고 뛰었는데 벨트 차고 등 쪽에 넣고 뛰니 너무 편해요. 핸드폰 크기가 큰 편인데 좀 뻑뻑하게 넣고 빼긴 하지만 잘 쓰고 있습니다.,5,1
luck*******,2021-08-02T13:36:39.099+00:00,상품선택: 러닝벨트 / 색상: 블랙 / 사이즈: S,"사이즈 고민을 많이 했는데, 여성분이시면 S가 괜찮은 것 같습니다. 다음번엔 형광색도 사려구요~~",3,1
qqqs***,2021-07-15T05:20:15.343+00:00,상품선택: 러닝벨트 / 색상: 블루 / 사이즈: M,"운동할 때 딱이것 같아요. 소재도 괜찮고 지퍼형식이면 
더 좋을것 같아요.",4,1
hsy7***,2021-08-04T09:31:01.064+00:00,상품선택: 러닝벨트 / 색상: 블랙 / 사이즈: S,흘러내리지 않아 좋은데 티셔츠 위에 하니까 좀 웃기기로 하고 ^^ 그래도 만족합니다,4,1
seas********,2021-07-28T11:45:24.350+00:00,상품선택: 러닝벨트 / 색상: 블랙 / 사이즈: S,러닝할때 좋아요!!,5,1
yumi****,2021-08-12T11:09:59.661+00:00,상품선택: 러닝벨트 / 색상: 블랙 / 사이즈: S,러닝할때 쓰려고 샀는데 뛸때마다 덜렁거림은 있네요~,4,1
carr***********,2021-07-22T14:05:42.463+00:00,상품선택: 러닝벨트 / 색상: 블랙 / 사이즈: L,보들보들하고 잘 늘어나서 좋아요.,4,1
pia1*****,2021-07-10T04:15:53.402+00:00,상품선택: 러닝벨트 / 색상: 블랙 / 사이즈: M,좋아요! 근데 사이즈가 워낙 커서 여자분들은 고도비만 아니시라면 S 사도 될거같아요,5,1
dbgh***,2021-07-25T00:55:00.698+00:00,상품선택: 러닝벨트 / 색상: 블랙 / 사이즈: S,"66통통인데, S 잘맞아요
다만 허리까지 입고벗는게 힘들어서
혼자 있을때만 탈착 가능요
방수가.되면 좋을거같아요",5,1
ehoo***,2021-07-11T23:53:33.452+00:00,상품선택: 러닝벨트 / 색상: 블랙 / 사이즈: M,배송도 빠르고 제품 만족 합니다. 이제 몸을 움직일 일만 남았네요.,4,1
jeon****,2021-08-15T09:23:11.743+00:00,상품선택: 러닝벨트 / 색상: 블랙 / 사이즈: M,쓸만합니당 굿굿굿~~,5,1
slyg***,2021-07-02T04:46:40.009+00:00,상품선택: 러닝벨트 / 색상: 블랙 / 사이즈: M,배송빠르고 물건도 착용해보니 달라붙고 좋네요 다만 글자 부분이 떨어질려고 합니다 그외에는 좋은것 같습니다,4,1
rhru********,2021-08-10T00:07:15.112+00:00,상품선택: 러닝벨트 / 색상: 블랙 / 사이즈: S,"런닝할때 편하고 좋아요
잘 안빠지구ㅎ",5,1
82****,2021-08-11T23:59:40.223+00:00,상품선택: 러닝벨트 / 색상: 블랙 / 사이즈: S,편하고 쫀쫀하고 좋아요~,5,1
dlsg*****,2021-07-29T05:46:47.129+00:00,상품선택: 러닝벨트 / 색상: 블루 / 사이즈: L,갤노트8쓰는데 자꾸 핸드폰이 빠져요 ㅠ 한번도 안찍어 먹은건데 잠금 단추라도 손수 달려고요 ㅠ,2,1
chak****,2021-07-13T15:38:26.375+00:00,상품선택: 러닝벨트 / 색상: 블랙 / 사이즈: S,좋아요 바지 28입는데 적당히 타이트하고 뛰어도 움직이지 않아서 좋아요,5,1
mone***********,2021-08-05T12:36:29.951+00:00,상품선택: 러닝벨트 / 색상: 형광 / 사이즈: M,"너무 편하네요~~ 
173/70 남성입니다. 구매 참고하시길",5,1
king********,2021-07-16T01:23:44.923+00:00,상품선택: 러닝벨트 / 색상: 블랙 / 사이즈: S,두번째 구매에여 좀 끼더라도 작은사이즈 사야 안흔들려요,5,1
pa****,2021-07-21T14:23:34.206+00:00,상품선택: 러닝벨트 / 색상: 블랙 / 사이즈: L,뭔가 헐렁해요. 상품소개에 나와있는 본인 허리 사이즈 보다 한 치수 작게 구매하셔야 쫀쫀하게 이용하실 수 있을것 같아요.,4,1
kclo******,2021-07-18T13:44:26.226+00:00,상품선택: 러닝벨트 / 색상: 블랙 / 사이즈: S,"사이즈도 딱맞네요 
폰 안들어갈것처럼 구멍이 작았는데 엄청 잘 늘어나서 쏙들어가용ㅋㅋ 아직 안써봤는데 내일 쓰러갑니당ㅋㅋㅋ",5,1
bigs******,2021-07-19T05:27:18.340+00:00,상품선택: 러닝벨트 / 색상: 블루 / 사이즈: S,음 짱짱하고 폰이 안빠져서 좋네요,5,1
limr*******,2021-08-05T02:44:10.496+00:00,상품선택: 러닝벨트 / 색상: 블랙 / 사이즈: S,쫀쫀하고 편해요! 추천합니당,5,1
chmk****,2021-08-05T00:43:55.506+00:00,상품선택: 러닝벨트 / 색상: 블랙 / 사이즈: M,배송빠르고 제품좋아요,5,1
9133****,2021-06-25T11:17:00.080+00:00,상품선택: 러닝벨트 / 색상: 블랙 / 사이즈: S,"안흘러내리고 좋아요
여자분들은 앵간하면 스몰 하심될것같아요
핸드폰넣을때 큰기종은 약간 넣기 힘들긴하는데 들어가긴 해요 ㅎㅎ 그래도 잘 잡아줘서 편하게 운동합니다",5,1
hyun*****,2021-08-05T10:23:41.954+00:00,상품선택: 러닝벨트 / 색상: 블랙 / 사이즈: M,벨트형보다 이런 패브릭형이 더 편하네요 :),5,1
blue****,2021-08-03T05:23:01.202+00:00,상품선택: 러닝벨트 / 색상: 블랙 / 사이즈: M,운동할때 사용하는데 편하고 너무 좋아요,5,1
jinm********,2021-07-19T03:32:59.181+00:00,상품선택: 러닝벨트 / 색상: 형광 / 사이즈: M,좋은재품 많이판매하세요,5,1
ey****,2021-07-01T06:38:48.632+00:00,상품선택: 러닝벨트 / 색상: 블랙 / 사이즈: M,"여자구요.  배에 살은 없는데 골반이 커서 미디움 시켰는데 스몰 살 걸 그랬나봐요. 얇은 아이폰 쓰는데도 좀 움직이고, 또 일반적으로 러닝 쇼츠 재질에서는 더 미끄러지기 쉬워서 자꾸 올라가는 편은 있습니다. 그럼에도 불구하고 폰 들고 뛰는 것 보다 훨씬 편하고 달리다보면 벨트 입었는지 까먹을 정도로 편해요. 하나 더 구매할 땐 스몰로 사려고요. 허리 통짜고 몸집이 꽤 크신게 아니라면 왠만하면 스몰 사는게 맞을 것 같아요~",4,1
su****,2021-07-27T04:59:02.062+00:00,상품선택: 러닝벨트 / 색상: 블랙 / 사이즈: S,런닝할때 쓰기 간편하고 좋아요~~ 잘 쓰고 있습니다,5,1
lala******,2021-07-29T10:56:01.114+00:00,상품선택: 러닝벨트 / 색상: 블랙 / 사이즈: S,장단점이 있네요 .양손은 편해서 좋아요,3,1
cook***,2021-07-08T05:12:40.869+00:00,,괜찮아요..다음에도 구매할 것 같아요,4,1
j_****,2021-06-15T13:27:30.464+00:00,상품선택: 러닝벨트 / 색상: 형광 / 사이즈: M,"러닝벨트는 생각보다 둘레가 커요
핸드폰 잘들어가긴 하는데 처음엔 어케 쓰는건가 했어요 단순하지만 괜찮은거 같아요
땀 흘림 방지 밴드도 아주 좋아요 만족합니다!",5,1
ec****,2021-08-06T05:58:44.945+00:00,상품선택: 러닝벨트 / 색상: 블랙 / 사이즈: M,운동할 때 너무편해요,5,1
sung***,2021-07-07T13:15:08.325+00:00,상품선택: 러닝벨트 / 색상: 블랙 / 사이즈: S,마라톤클럽 회원님들 모두 만족하고 있습니다,5,22
sung***,2021-07-07T13:14:37.111+00:00,상품선택: 러닝벨트 / 색상: 블랙 / 사이즈: S,마라톤클럽 회원님들 모두 만족하고 있습니다,5,1
sung***,2021-07-07T13:14:05.512+00:00,상품선택: 러닝벨트 / 색상: 블랙 / 사이즈: S,마라톤클럽 회원님들 모두 만족하고 있습니다,5,1
sung***,2021-07-07T13:12:59.613+00:00,상품선택: 러닝벨트 / 색상: 블랙 / 사이즈: S,마라톤클럽 회원님들 모두 만족하고 있습니다,5,1
sung***,2021-07-07T13:12:28.535+00:00,상품선택: 러닝벨트 / 색상: 블랙 / 사이즈: S,마라톤클럽 회원님들 모두 만족하고 있습니다,5,1
sung***,2021-07-07T13:11:53.754+00:00,상품선택: 러닝벨트 / 색상: 블랙 / 사이즈: S,마라톤클럽 회원님들 모두 만족하고 있습니다,5,1
sung***,2021-07-07T13:11:19.275+00:00,상품선택: 러닝벨트 / 색상: 형광 / 사이즈: S,마라톤클럽 회원님들 모두 만족하고 있습니다,5,1
sung***,2021-07-07T13:10:50.990+00:00,상품선택: 러닝벨트 / 색상: 블랙 / 사이즈: S,마라톤클럽 회원님들 모두 만족하고 있습니다,5,1
sung***,2021-07-07T13:10:23.549+00:00,상품선택: 러닝벨트 / 색상: 블랙 / 사이즈: S,마라톤클럽 회원님들 모두 만족하고 있습니다,5,1
sung***,2021-07-07T13:09:56.688+00:00,상품선택: 러닝벨트 / 색상: 블랙 / 사이즈: S,마라톤클럽 회원님들 모두 만족하고 있습니다,5,1
sung***,2021-07-07T13:09:29.134+00:00,상품선택: 러닝벨트 / 색상: 블랙 / 사이즈: S,마라톤클럽 회원님들 모두 만족하고 있습니다,5,1
sung***,2021-07-07T13:08:19.042+00:00,상품선택: 러닝벨트 / 색상: 블랙 / 사이즈: S,마라톤클럽 회원님들 모두 만족하고 있습니다,5,1
sung***,2021-07-07T13:06:09.468+00:00,상품선택: 러닝벨트 / 색상: 블랙 / 사이즈: S,마라톤클럽 회원님들 모두 만족하고 있습니다,5,1
sung***,2021-07-07T13:05:32.473+00:00,상품선택: 러닝벨트 / 색상: 블랙 / 사이즈: S,마라톤클럽 회원님들 모두 만족하고 있습니다,5,1
sung***,2021-07-07T13:04:47.212+00:00,상품선택: 러닝벨트 / 색상: 블랙 / 사이즈: S,마라톤클럽 회원님들 모두 만족하고 있습니다,5,1
sung***,2021-07-07T13:04:17.467+00:00,상품선택: 러닝벨트 / 색상: 블랙 / 사이즈: S,마라톤클럽 회원님들 모두 만족하고 있습니다,5,1
sung***,2021-07-07T13:03:44.487+00:00,상품선택: 러닝벨트 / 색상: 블랙 / 사이즈: S,마라톤클럽 회원님들 모두 만족하고 있습니다,5,1
sung***,2021-07-07T13:03:11.814+00:00,상품선택: 러닝벨트 / 색상: 블랙 / 사이즈: S,마라톤클럽 회원님들 모두 만족하고 있습니다,5,1
sung***,2021-07-07T13:02:34.617+00:00,상품선택: 러닝벨트 / 색상: 블랙 / 사이즈: S,마라톤클럽 회원님들 모두 만족하고 있습니다,5,1
sung***,2021-07-07T13:02:08.633+00:00,상품선택: 러닝벨트 / 색상: 블루 / 사이즈: S,마라톤클럽 회원님들 모두 만족하고 있습니다,5,1
sung***,2021-07-07T13:01:33.746+00:00,상품선택: 러닝벨트 / 색상: 블랙 / 사이즈: S,마라톤클럽 회원님들 모두 만족하고 있습니다,5,1
iseu***,2021-08-04T02:05:14.027+00:00,상품선택: 러닝벨트 / 색상: 블랙 / 사이즈: M,운동할때 요긴하네요,3,1
lime*******,2021-07-27T05:26:49.804+00:00,상품선택: 러닝벨트 / 색상: 블랙 / 사이즈: S,흘러내리지 않고 딱 감겨있어서 러닝할때 좋았어요.,4,1
se****,2021-07-24T10:59:04.863+00:00,상품선택: 러닝벨트 / 색상: 블랙 / 사이즈: M,달릴 때 편리하고 헤드밴드는 땀이 전혀 흘러내리지 않아서 좋아요,5,1
sd****,2021-07-22T13:18:17.898+00:00,상품선택: 러닝벨트 / 색상: 블랙 / 사이즈: M,러닝할때 자전거 탈때 최고에요 왜 이제 샀나 싶네요,5,1
sung***,2021-07-07T12:59:00.761+00:00,상품선택: 러닝벨트 / 색상: 형광 / 사이즈: S,마라톤클럽 회원들 모두 만족하고 있습니다,5,1
tm****,2021-07-26T11:49:52.908+00:00,상품선택: 러닝벨트 / 색상: 블루 / 사이즈: S,아주 좋아요  잘쓰고 있어요,5,1
blue*******,2021-07-23T06:14:52.210+00:00,상품선택: 러닝벨트 / 색상: 블랙 / 사이즈: M,"흘러내리지 않고 휴대폰 보관도 잘 되니까
너무 좋은 상품 같네요!",5,1
yhs1***,2021-07-06T12:45:20.561+00:00,상품선택: 러닝벨트 / 색상: 블랙 / 사이즈: M,전반적으로 가격대비 만족스러워요!,5,1
tmxj******,2021-06-12T09:40:15.089+00:00,상품선택: 러닝벨트 / 색상: 블랙 / 사이즈: S,아앗.. 사진 상세 설명란에 적어버렸...습니다 흐흑,4,1
re****,2021-07-02T06:34:41.303+00:00,상품선택: 러닝벨트 / 색상: 형광 / 사이즈: M,"잘받았습니다,편하고좋아요",5,1
audr*****,2021-07-25T02:06:49.318+00:00,상품선택: 러닝벨트 / 색상: 블랙 / 사이즈: L,소개받고 구매했는데 좋아요!,5,1
yoop***,2021-06-15T09:55:44.232+00:00,상품선택: 러닝벨트 / 색상: 블랙 / 사이즈: S,편합니다 늘어날 것 감안하고 s 사이즈 샀는데 딱 맞긴 하지만 괜찮아요! 땀을 다 먹는 소재라 운동복 빨 때 같이 빨아야겠어요!,4,1
talm*******,2021-06-13T11:42:46.520+00:00,상품선택: 러닝벨트 / 색상: 블랙 / 사이즈: S,러닝할 때는 물론 자전거 탈 때도 사용 가능하고 좋아요. 전에 버클 있는 것 사용해 봤는데 그것보다 편해요.허리에 딱 맞아서 가볍고 편리하네요.,5,1
alsk******,2021-07-20T04:37:10.950+00:00,상품선택: 러닝벨트 / 색상: 블랙 / 사이즈: M,사이즈가안맞는지 헐렁헐렁,2,1
cook*******,2021-07-17T02:48:51.138+00:00,상품선택: 러닝벨트 / 색상: 블랙 / 사이즈: M,30인치 입는데 사이즈도 적당하고 편리하고 만족합니다,5,1
babo*****,2021-06-26T22:13:52.724+00:00,상품선택: 러닝벨트 / 색상: 블랙 / 사이즈: S,타이트해보여요 걷기할려고삿음,5,1
ok****,2021-07-20T11:17:39.943+00:00,상품선택: 러닝벨트 / 색상: 블랙 / 사이즈: M,짱짱하네요 좋아요 폰넣기 좋아요,5,1
dmsd*****,2021-05-28T11:34:32.585+00:00,상품선택: 러닝벨트 / 색상: 블랙 / 사이즈: S,"제대로 러닝하기위해 사봤어요!
짱짱하니 만족스럽네요!
친구에게도 추천해줘서 친구도 구매했답니다~*????*

+오늘 착용하고 뛰고왔는데
진짜 너모 좋아요!! 몸에 착붙으니끄
물건 출렁거리는 일도 없고 완전 만족이여!",5,1
hong******,2021-07-16T12:34:00.874+00:00,상품선택: 러닝벨트 / 색상: 블랙 / 사이즈: M,배송 빨리 됐습니다. 만족합니다,4,1
so****,2021-06-30T00:53:03.356+00:00,상품선택: 러닝벨트 / 색상: 블랙 / 사이즈: S,밴드가 짱짱해서 핸드폰이나 블루투스 이어폰 케이스를 넣어도 출렁거리는거 없이 운동하기 편해요.  추천합니다.,5,1
juhe*****,2021-07-20T02:21:48.821+00:00,,운동 할때 런닝벨트 잘 이용하고 있습니다~^^,5,1
hanc****,2021-07-03T13:48:14.864+00:00,상품선택: 러닝벨트 / 색상: 블랙 / 사이즈: S,허리 29-30 인데 S 사이즈가 조금 작네요. 지퍼방식이 아니라 슬라이드포켓이라 조금 불편해도 허리에 착달라붙어 양손이 편안해요.,5,1
viol******,2021-06-20T09:34:16.129+00:00,상품선택: 러닝벨트 / 색상: 블루 / 사이즈: S,"달리기할때 양손이 편해졌어요
약간 큰 감이 있지만 휴대폰 넣으니 딱 좋아요",5,1
mani*****,2021-07-23T02:42:12.273+00:00,상품선택: 러닝벨트 / 색상: 블랙 / 사이즈: M,짱짱하고 좋아요.ㅇ,5,1
trip******,2021-06-19T03:32:10.406+00:00,상품선택: 러닝벨트 / 색상: 블랙 / 사이즈: S,허리에 잘 맞고 러닝할때 간단한 짐 보관은 가능해서 좋을것 같아용,5,1
qwer******,2021-06-21T07:42:57.042+00:00,상품선택: 러닝벨트 / 색상: 블랙 / 사이즈: M,"사이즈고민많이했는데 잘 맞아요
폰이큰데 흘러내리지않아요",5,1
suji*********,2021-06-08T08:13:20.443+00:00,상품선택: 러닝벨트 / 색상: 블랙 / 사이즈: S,"마감 디테일이 나중에 올 풀릴까봐 조금 걱정되긴한데, 디자인 깔끔하고 잘 쓸 것 같아요!",4,1
yooj*****,2021-07-16T10:44:47.169+00:00,상품선택: 러닝벨트 / 색상: 블랙 / 사이즈: M,너무 편하고 좋아요,5,1
7258****,2021-06-26T08:20:39.010+00:00,상품선택: 러닝벨트 / 색상: 블랙 / 사이즈: M,휴대폰 덜렁거림 없고 아주 안정적이고 편합니다 골반쪽(바지 위로)에 착용하고 달리면 전혀 불편하지 않아요 휴대폰은 배쪽보다 등쪽으로 넣는게 더 안정적이고 편한 느낌입니다 만족스러운 제품입니다,5,1
vico***,2021-07-10T12:07:08.191+00:00,상품선택: 러닝벨트 / 색상: 블랙 / 사이즈: S,달리기할 때 안정감이 좋습니다!,5,1
ne****,2021-06-09T22:29:20.114+00:00,상품선택: 러닝벨트 / 색상: 블랙 / 사이즈: M,배송빨라요 처늠에는 좀 착용한어색함이있는데 운동할때는 그런거없네요,3,1
goms******,2021-07-10T12:37:42.121+00:00,상품선택: 러닝벨트 / 색상: 블랙 / 사이즈: L,핸드폰 차키 버즈 넣고 운동하기 좋아요,5,1
yong********,2021-07-11T10:50:33.278+00:00,상품선택: 러닝벨트 / 색상: 블루 / 사이즈: M,착용감이 아주 좋은것 같아요,5,1
bo****,2021-06-14T09:42:00.268+00:00,상품선택: 러닝벨트 / 색상: 블루 / 사이즈: S,"쫀쫀해요~
운동할때 허리밴드형이 제일 편해요~
허리 28까진 스몰이  딴인듯 합니다^^",5,1
asy5***,2021-07-19T05:07:55.281+00:00,상품선택: 러닝벨트 / 색상: 블랙 / 사이즈: S,튼튼하고 좋아ㅛ ㅎㅎ,5,1
sung***,2021-07-07T13:13:24.366+00:00,상품선택: 러닝벨트 / 색상: 블랙 / 사이즈: S,마라톤클럽 회원님들 모두 만족하고 있습니다,5,1
hayu***,2021-06-16T09:42:13.343+00:00,상품선택: 러닝벨트 / 색상: 블랙 / 사이즈: S,배송도 빠르고 이틀써봤는데 좋아요!,5,1
epam****,2021-07-08T03:05:32.165+00:00,상품선택: 러닝벨트 / 색상: 블랙 / 사이즈: S,운동할때 흘러내리지 않고 고정되어 편해요,5,1
s_****,2021-06-03T05:57:21.814+00:00,상품선택: 러닝벨트 / 색상: 블랙 / 사이즈: S,워치 사기싫어서 대신구매했는데 안흔들리고 좋아요 근데 s사이즈도 좀 크네요,5,1
mist******,2021-05-14T03:56:56.454+00:00,상품선택: 러닝벨트 / 색상: 블랙 / 사이즈: M,배송깔끔하게 잘 왔습니다. 배송도 빨랐구요. 사이즈를 조절할 수 있는 제품이 아니지만 충분히 골반아래로 내려갈 것 같지 않고요. 가성비 좋은 제품이네요. 헤어밴드도 같이 주문했는데 보라색은 아니고 진분홍에 가까운 보라색이었어요,5,1
viol****,2021-06-01T07:53:23.599+00:00,상품선택: 러닝벨트 / 색상: 형광 / 사이즈: M,처음에 단독세탁 권장해요~ 운동할때 핸드폰 카드 잘들어가고 좋아요! 다만 땀을 흡수하는 천이에요~,5,1
haez******,2021-06-11T01:29:04.318+00:00,상품선택: 러닝벨트 / 색상: 블랙 / 사이즈: L,"러닝벨트 무료배송이라 한번 샀는데 맘에 들어 동생과 친구도 선물했어요
부피 차지 덜하고 핸드폰, 차키, 립밤을 넣을 수 있어 더 편하네요",4,1
kme0***,2021-06-29T08:35:14.134+00:00,상품선택: 러닝벨트 / 색상: 블루 / 사이즈: S,배송 빠르고 저렴하게 잘샀어요,5,1
dlwn******,2021-06-08T07:38:42.393+00:00,상품선택: 러닝벨트 / 색상: 블랙 / 사이즈: M,좋아요~ 배쪽에 말고 등쪽에 고정하니까 더 좋더라구요,4,1
look****,2021-06-04T03:26:59.891+00:00,상품선택: 러닝벨트 / 색상: 블랙 / 사이즈: L,아직은 사용전입니다ㅎ배송빠르고 좋아요,4,1
82lo****,2021-06-10T09:15:34.306+00:00,상품선택: 러닝벨트 / 색상: 블랙 / 사이즈: S,S사이즈 조금 쪼이는데 두손자유로워 편해요,4,1
hasu*****,2021-06-16T14:11:23.078+00:00,상품선택: 러닝벨트 / 색상: 블랙 / 사이즈: S,쫀쫀하고 잘고정되네요~,5,1
de****,2021-07-02T06:11:29.991+00:00,상품선택: 러닝벨트 / 색상: 블랙 / 사이즈: L,벨트형을 안써봐서 비교할 수가 없네요...,3,1
fks3***,2021-06-03T05:17:55.400+00:00,상품선택: 러닝벨트 / 색상: 형광 / 사이즈: M,작은 물병도 들어가네요~ 완젼 만족합니다!,5,1
anim*****,2021-06-17T14:47:42.089+00:00,상품선택: 러닝벨트 / 색상: 형광 / 사이즈: S,러닝할 때 쓰려고 샀고 물통은 안 들어가겠지 싶었는데 물통까지 들어가네요. 덕분에 가볍게 운동 잘 했습니다!,5,1
naya*****,2021-06-28T00:25:53.321+00:00,상품선택: 러닝벨트 / 색상: 블랙 / 사이즈: M,"땀좀 차긴한데 빨면되죠 뭐 
꿀템이네용",5,1
vico***,2021-06-21T08:22:45.330+00:00,상품선택: 러닝벨트 / 색상: 블랙 / 사이즈: S,완전만족입니다! 지퍼형도 생기면 좋을것같아요,5,1
re****,2021-06-23T23:15:12.962+00:00,상품선택: 러닝벨트 / 색상: 블랙 / 사이즈: S,넘 편해요. 2개 돌아가며 쓰려고 또 구매했어요.,5,1
mist******,2021-06-30T00:31:57.337+00:00,상품선택: 러닝벨트 / 색상: 블랙 / 사이즈: M,깔끔한 마감에 만족했습니다.,4,1
viol****,2021-06-01T07:54:28.331+00:00,상품선택: 러닝벨트 / 색상: 블랙 / 사이즈: M,선물용으로 구입했어요~ 블랙 깔끔해요!,5,1
bals******,2021-06-07T01:03:45.553+00:00,상품선택: 러닝벨트 / 색상: 블랙 / 사이즈: S,암밴드로 다녔었는데 은근히 떨어질까 신경쓰였는데 진작에 살껄 그랬어요. 골반에 걸치고 달리면 배쪽으로 올라오긴하는데 훨씬 안정감 있고 신경안쓰고 러닝할 수 있습니다!!,5,1
only*******,2021-05-31T12:30:49.221+00:00,상품선택: 러닝벨트 / 색상: 블랙 / 사이즈: L,여름이라 휴대폰곤에들고다니기불편한데 다욧하는 남편이좋아하네요,5,1
trac*****,2021-06-03T06:11:54.614+00:00,상품선택: 러닝벨트 / 색상: 블랙 / 사이즈: M,핸드폰은 배 앞쪽에 넣는 것보단 옆구리에 넣어야 무게 때문에 안 내려가는 듯 싶어용,5,1
sk****,2021-07-01T14:29:36.811+00:00,상품선택: 러닝벨트 / 색상: 블랙 / 사이즈: L,운동할때 꼭 필여해요,4,1
miji****,2021-06-09T10:51:06.495+00:00,상품선택: 러닝벨트 / 색상: 블랙 / 사이즈: S,가격대비 만족합니다.,4,1
jonk*******,2021-06-20T09:56:32.684+00:00,상품선택: 러닝벨트 / 색상: 블랙 / 사이즈: M,"가성비 최고입니다!
잘흘러 내리지 않아요",5,1
mehi****,2021-06-07T02:20:19.897+00:00,상품선택: 러닝벨트 / 색상: 블랙 / 사이즈: S,핸드폰 넣고 빼기는 편해요. 4칸 구멍이 있는데 한쪽은 지퍼로 작은걸 두면 더 안전히 보관이 될거 같아요. 가볍고 두손이 편해서 좋아요,4,1
ou****,2021-06-02T07:21:41.414+00:00,상품선택: 러닝벨트 / 색상: 블랙 / 사이즈: M,"자전거 탈때 사용하려고 구매 하였습니다.
노트10+ 넣었는데,. 잘 들어가고 짱짱하니 사용 중 문제는 없을 것 같습니다. 재질은 스판재질인데, 기존에 운동복 스판하고 재질이 비슷한 것 같고 맨살에 해도 땀띠 같은건 염려할 정도는 아닌 것 같습니다.
사용해 보고 좋으면 어머니 사드릴 생각 입니다.  &quot;추천&quot; ㅎ",5,1
qhtj***,2021-06-23T10:26:38.701+00:00,상품선택: 러닝벨트 / 색상: 블랙 / 사이즈: S,"러닝할 때 쓰려고 샀어요.
잘 고정되서 편해요.",5,1
ew****,2021-07-29T07:28:17.935+00:00,상품선택: 러닝벨트 / 색상: 블랙 / 사이즈: M,dgsdfgsdfgsdf,5,1
deat*****,2021-06-03T05:15:40.941+00:00,상품선택: 러닝벨트 / 색상: 블랙 / 사이즈: S,"아직 착용은 안 해봤는데 쓰시는 분이 계셔서

믿고 샀습니다",5,1
smka******,2021-06-20T12:58:03.999+00:00,상품선택: 러닝벨트 / 색상: 블랙 / 사이즈: S,달리기 할때 손에 핸드폰을 안 들고 달려도 돼서 좋아요,5,1
auro****,2021-06-28T02:07:14.505+00:00,상품선택: 러닝벨트 / 색상: 블랙 / 사이즈: S,편하게 쓰기 좋을 것 같습니다,4,1
04****,2021-05-22T12:07:02.798+00:00,상품선택: 러닝벨트 / 색상: 블랙 / 사이즈: M,생각보다 사이즈가 커서 헐렁거리지만 운동할때 잘 쓰고 있습니다,4,1
chan*****,2021-06-20T07:24:02.307+00:00,상품선택: 러닝벨트 / 색상: 블랙 / 사이즈: L,감사합니다 배송 잘받았습니다,4,1
ss****,2021-06-20T13:44:38.924+00:00,,좋아요~~가볍고 편해요!,5,1
pigl******,2021-06-09T07:00:17.989+00:00,상품선택: 러닝벨트 / 색상: 블랙 / 사이즈: S,아직 안 써봤지만 짱짱하고 흘릴 걱정 없어보여요 근데 입는(?)게 조금 힘들긴 해요,5,1
yoha*******,2021-06-18T01:31:52.833+00:00,상품선택: 러닝벨트 / 색상: 블랙 / 사이즈: M,잘 고정이 될까 싶었는데 잘 되네요. 좋습니다~,5,1
hanu*****,2021-05-20T14:24:13.733+00:00,상품선택: 러닝벨트 / 색상: 블루 / 사이즈: M,만족합니다. 정품인지 뭔지 너무 비싸서 이걸로 샀는데 러닝에 충분합니다.,5,1
nluc****,2021-06-22T04:48:17.028+00:00,,소재도 좋고 좋아요,5,1
koos*****,2021-06-12T12:12:58.452+00:00,상품선택: 러닝벨트 / 색상: 블랙 / 사이즈: S,오우 러닝 필수템을 이제서야 샀네요ㅜㅜ 다들 외않사..?,5,1
jjno****,2021-06-21T10:49:21.283+00:00,상품선택: 러닝벨트 / 색상: 블랙 / 사이즈: L,"6.7 주문, 6.21 배송완료, 재구매인데 배송때문에 별 1점 드립니다",1,1
tmdq*****,2021-06-18T02:03:12.076+00:00,상품선택: 러닝벨트 / 색상: 블랙 / 사이즈: S,널널할까봐 걱정했는데 너무 좋아용,5,1
sp****,2021-06-18T20:31:41.583+00:00,상품선택: 러닝벨트 / 색상: 블랙 / 사이즈: L,배송 빠르고 제품 잘 받았습니다,5,1
tndu*****,2021-05-28T13:45:07.759+00:00,상품선택: 러닝벨트 / 색상: 블랙 / 사이즈: S,"하체비만이라 허리는 M 엉덩이/허벅지는 L 사이즈 입습니다. 이 러닝벨트 S사이즈 잘 맞네요. 
저한텐 사이즈 딱 좋네요. 
양손가볍게 뛰는 신세계 기대해봅니당..",5,1
kme0***,2021-06-18T12:48:11.681+00:00,상품선택: 러닝벨트 / 색상: 블랙 / 사이즈: S,배송 빠르고 상품 좋네요,5,1
vj****,2021-06-19T01:01:16.655+00:00,상품선택: 러닝벨트 / 색상: 블랙 / 사이즈: M,핸드폰 넣고 꺼내기가 좀 불편해요,3,1
pjs6***,2021-06-13T06:58:46.438+00:00,상품선택: 러닝벨트 / 색상: 형광 / 사이즈: L,운동할때 편하게 소지푸 보관이 가능하네요,5,1
jun0*****,2021-05-27T08:36:28.540+00:00,상품선택: 러닝벨트 / 색상: 블랙 / 사이즈: M,런닝할 때 노래들을 휴대폰을 넣으려고 샀어요,5,1
goms******,2021-06-11T02:41:27.029+00:00,상품선택: 러닝벨트 / 색상: 블랙 / 사이즈: L,핸드폰이나 버즈를 넣고 사용중인데 빠지지 않고 좋아요,5,1
hkma*****,2021-06-12T04:17:33.991+00:00,상품선택: 러닝벨트 / 색상: 블랙 / 사이즈: L,"핸드폰 넣고 뛰어봤는데 잘 잡아주네요
늘어나지 않고 오래 썼으면 좋겠어요",5,1
jean****,2021-06-03T13:49:11.280+00:00,상품선택: 러닝벨트 / 색상: 블랙 / 사이즈: M,"한달 사용해보니 더 좋아요. 팔차는 갓보다 훨 좋은데, 땀이 차긴 합니다",5,1
cous*****,2021-05-24T13:17:52.426+00:00,상품선택: 러닝벨트 / 색상: 블랙 / 사이즈: M,가격대비 그렇겐 나쁘지도 좋지도 않네요.,3,1
12****,2021-05-11T07:08:26.940+00:00,상품선택: 러닝벨트 / 색상: 블랙 / 사이즈: S,"아직 하고 뛰어보진않았으나 편할 듯 해요. 다만 실밥처리가 약하게 돼있어서 살짝 넣어봤더니 벌써 조금씩 뜯어지네요,,",4,1
zoe1*****,2021-06-17T01:26:20.675+00:00,상품선택: 러닝벨트 / 색상: 블랙 / 사이즈: S,우와 진짜 조깅할때 너무 편해요!!,5,1
ysko****,2021-06-07T12:53:34.863+00:00,상품선택: 러닝벨트 / 색상: 블랙 / 사이즈: M,운동할때 너무좋습니다! 꼬박꼬박 쓰고 있습니당,5,1
soul*****,2021-06-10T05:57:13.836+00:00,상품선택: 러닝벨트 / 색상: 블랙 / 사이즈: L,배송도 다음날 바로 오고 좋아요,5,1
zlzl******,2021-06-13T13:51:16.545+00:00,상품선택: 러닝벨트 / 색상: 블랙 / 사이즈: M,만족스럽습니다 짱짱하네요,5,1
lhwp***,2021-05-29T03:58:34.642+00:00,상품선택: 러닝벨트 / 색상: 블랙 / 사이즈: M,빨리옵니다 잘쓸ㄹ게요,5,1
tm****,2021-05-19T13:13:05.530+00:00,상품선택: 러닝벨트 / 색상: 블루 / 사이즈: S,운동할때 편하네요 핸드폰도 안빠져요,5,1
ilov********,2021-06-11T07:31:43.649+00:00,상품선택: 러닝벨트 / 색상: 블랙 / 사이즈: L,달릴때 쳐짐없이 아주 잘 잡아줍니다.. 186 76키로 기준 라지 잘 맞네요..,5,1
c301****,2021-05-17T10:59:34.943+00:00,상품선택: 러닝벨트 / 색상: 블랙 / 사이즈: L,핸드폰 들고뛰기 거주창스러웠는데 매우 만족합니다,5,1
rhee***,2021-06-13T04:25:16.090+00:00,상품선택: 러닝벨트 / 색상: 블랙 / 사이즈: L,너무 편하고 좋습니다.,5,1
jine****,2021-05-26T13:47:55.201+00:00,상품선택: 러닝벨트 / 색상: 블랙 / 사이즈: L,잘 쓰겠습니다!!!,5,1
ur****,2021-06-01T10:42:17.436+00:00,상품선택: 러닝벨트 / 색상: 블랙 / 사이즈: S,운동할때 너무 좋습니다.. 매일 매일 사용중이에요,5,1
keon***,2021-06-09T01:46:13.773+00:00,상품선택: 러닝벨트 / 색상: 블루 / 사이즈: L,간편하게 핸드폰을 해결해 줍니다.,4,1
heav******,2021-06-08T10:06:27.959+00:00,상품선택: 러닝벨트 / 색상: 블랙 / 사이즈: S,"사이즈 딱 맞고,,이쁩니다",5,1
sopd***,2021-06-12T01:33:13.493+00:00,상품선택: 러닝벨트 / 색상: 블랙 / 사이즈: L,딱맞아요 좋습니다!!,5,1
seoy********,2021-06-05T05:11:00.653+00:00,상품선택: 러닝벨트 / 색상: 블랙 / 사이즈: M,배송도 빠르고 좋아요~,5,1
suri****,2021-06-04T03:51:08.512+00:00,상품선택: 러닝벨트 / 색상: 블랙 / 사이즈: M,폰을 넣어도 걸리적거리는거 없이 짱짱하네요,5,1
in****,2021-05-30T00:45:27.287+00:00,상품선택: 러닝벨트 / 색상: 블루 / 사이즈: L,추천 할만해요 근데 자동차 키는 좀 덜렁거려요,4,1
sesh***,2021-04-22T10:01:09.369+00:00,상품선택: 러닝벨트 / 색상: 블랙 / 사이즈: S,허리가 가는 편이라 꽉 찡기지는 않네요. 생각보다 트임이 많아서 뛰다보면 핸드폰이 튀어 나갈까봐 신경을 많이 써야할 듯 해요,5,1
okkh***,2021-05-12T22:41:05.514+00:00,,가성비 상당히 만족스럽습니다. 적극추천! 생각보다 사이즈는 넉넉하네요!,3,1
heav******,2021-06-08T10:05:09.132+00:00,상품선택: 러닝벨트 / 색상: 블랙 / 사이즈: L,사이즈  딱 맞고 좋습닏ㄱㆍ,5,1
re****,2021-05-22T23:46:03.473+00:00,상품선택: 러닝벨트 / 색상: 블랙 / 사이즈: S,간편하고 가볍게 잘 사용하고 있어요. 런닝 필수템이에요.,5,1
love****,2021-05-06T14:23:54.351+00:00,상품선택: 러닝벨트 / 색상: 블랙 / 사이즈: S,"운동 할때 너무 편해요!!
더 써보구 엄빠도 사드려야겠어요ㅎㅎㅎ",5,1
tn****,2021-05-10T13:55:00.736+00:00,상품선택: 러닝벨트 / 색상: 블랙 / 사이즈: S,흔들림없이 핸드폰 에어팟 다 들어가니 편하네요,5,1
ruyk****,2021-05-12T07:16:48.990+00:00,상품선택: 러닝벨트 / 색상: 블랙 / 사이즈: L,덜렁거림이 없어 러닝 시 매우 좋습니다.,4,1
dmst******,2021-04-26T09:15:35.248+00:00,상품선택: 러닝벨트 / 색상: 블랙 / 사이즈: M,암밴드 사려다가 이거 산건데 너무 편해요 핸드폰케이스에 그립톡까지 낀상태로 착용해봤는데 전혀 문제없네요,5,1
1121****,2021-05-02T02:38:19.405+00:00,상품선택: 러닝벨트 / 색상: 블랙 / 사이즈: S,지퍼 없어도 절대로 빠지지 않아요 탄력있게 잡아줘서  흔들리지도 않고요.,5,1
nabi******,2021-05-11T09:12:44.427+00:00,상품선택: 러닝벨트 / 색상: 블루 / 사이즈: S,너무 좋아서 재구매해요,5,1
wkdw********,2021-05-31T10:51:36.614+00:00,상품선택: 러닝벨트 / 색상: 블랙 / 사이즈: S,런닝할 때 편하고 좋아요,5,1
crea****,2021-05-04T23:15:59.649+00:00,상품선택: 러닝벨트 / 색상: 블랙 / 사이즈: S,"아직 사용을 하지 않았지만
엄마 등산 및 일 하실때 사용하시라 구매했어요",4,1
dmsw******,2021-06-01T15:02:39.960+00:00,상품선택: 러닝벨트 / 색상: 블랙 / 사이즈: S,만족스러운 상품이에요,5,1
racm*******,2021-05-12T11:30:16.091+00:00,상품선택: 러닝벨트 / 색상: 블랙 / 사이즈: L,러닝하기 좋고 편해요,5,1
hapi***,2021-05-01T07:09:56.134+00:00,상품선택: 러닝벨트 / 색상: 블랙 / 사이즈: S,써보니 좋습니다 ㅎ암밴드보다 편하네요,5,1
leej*****,2021-05-31T12:43:23.829+00:00,상품선택: 러닝벨트 / 색상: 블랙 / 사이즈: S,매우만족합니다 ^^,5,1
racm*******,2021-05-12T11:29:50.130+00:00,상품선택: 러닝벨트 / 색상: 블랙 / 사이즈: S,러닝하기 좋네요 편해요,5,1
dhpr***,2021-04-16T08:26:59.512+00:00,상품선택: 러닝벨트 / 색상: 블랙 / 사이즈: M,늘쓰는 제품입니다.  요즘 살이빠져서 그런지 M사이즈 그대로 또산건데 헐렁이는 느낌이네요 안에  수선용 고무줄 넣으면 좀더 탱탱해지겠죠!,5,1
07****,2021-05-26T13:54:22.181+00:00,상품선택: 러닝벨트 / 색상: 블랙 / 사이즈: S,허리를 꽉 잡아줘서 좋아요,5,1
zuih****,2021-04-13T09:33:37.716+00:00,상품선택: 러닝벨트 / 색상: 블랙 / 사이즈: M,사이즈가 생각보다 크네요 s 해도 충분했을 것 같아요 그래도 옷 핀으로 약간 찝으면 딱 맞아서 런닝할때 편하겠어요 넘 좋습니당,5,1
jean****,2021-04-29T08:48:38.335+00:00,상품선택: 러닝벨트 / 색상: 블랙 / 사이즈: M,"배송도 빠르고, 사용하기 편해요",5,1
jean****,2021-04-29T08:49:03.541+00:00,상품선택: 러닝벨트 / 색상: 블루 / 사이즈: S,하늘색 색도 너무 예쁘고 마음에 들어요,5,1
cafe******,2021-05-21T10:30:00.880+00:00,상품선택: 러닝벨트 / 색상: 블랙 / 사이즈: M,예상했던 것 보다 더 좋습니다,5,1
love*******,2021-05-24T04:21:03.563+00:00,상품선택: 러닝벨트 / 색상: 블랙 / 사이즈: M,허리 29정도인데 엠샤쥬 딱맞음,5,1
au****,2021-06-09T07:55:33.887+00:00,상품선택: 러닝벨트 / 색상: 블랙 / 사이즈: L,가볍고 좋아요 운동할때좋아요,5,1
love*****,2021-05-18T11:06:08.695+00:00,상품선택: 러닝벨트 / 색상: 형광 / 사이즈: M,매일아침 이거 차고 조깅하는데 매우 만족~~,5,1
dong*****,2021-04-21T10:27:25.636+00:00,상품선택: 러닝벨트 / 색상: 블랙 / 사이즈: M,달릴때 편하고 좋아요 배송도 빨랐어요,5,1
ccuc****,2021-04-21T06:41:23.559+00:00,상품선택: 러닝벨트 / 색상: 블랙 / 사이즈: S,배송도 빠르고 편해요. 감사합니다,5,1
ar****,2021-05-22T15:48:18.561+00:00,상품선택: 러닝벨트 / 색상: 블랙 / 사이즈: S,착용감이 좋습니다.,5,2
eelj***,2021-04-23T14:33:46.605+00:00,상품선택: 러닝벨트 / 색상: 블랙 / 사이즈: S,선물인데 맘에들어해서 좋아영,5,1
cm****,2021-05-11T15:09:06.939+00:00,상품선택: 러닝벨트 / 색상: 블랙 / 사이즈: L,지퍼가 없어서 좀 당황했지만 러닝벨트 기능은 좋은거같아요,5,1
unju****,2021-04-17T11:47:02.955+00:00,상품선택: 러닝벨트 / 색상: 블랙 / 사이즈: S,"폰이 안들어갈것같은데 잘 들어가네요 
노트9이에요 충분해요",5,1
hc****,2021-05-19T22:32:36.880+00:00,상품선택: 러닝벨트 / 색상: 블랙 / 사이즈: S,런닝할때 편합니다.,4,1
nick***,2021-05-09T13:28:54.447+00:00,상품선택: 러닝벨트 / 색상: 블랙 / 사이즈: M,아쉬운점은 휴대폰 휴대시 달리는 반동에 벌어진 틈으로 휴대폰이 탈출위험이 상존한다는 점~~~~^^,5,1
jine***,2021-04-06T03:48:51.259+00:00,상품선택: 러닝벨트 / 색상: 블랙 / 사이즈: M,배송빠르네요!! m살지 L살지 고민 했는데 m도 살짝 큰거 같아요!허리 32입니다! 아이폰 12프로맥스도 잘 들어가서 좋네요!,4,1
db52****,2021-04-16T06:13:31.870+00:00,상품선택: 러닝벨트 / 색상: 블랙 / 사이즈: M,가격이 싸서 나쁘지않고 고정도 괜찮고 나쁮 않다,4,1
sune*******,2021-05-14T06:45:50.418+00:00,상품선택: 러닝벨트 / 색상: 블랙 / 사이즈: M,가격대비 좋아요~~,5,1
tj****,2021-04-26T01:10:33.485+00:00,상품선택: 러닝벨트 / 색상: 블랙 / 사이즈: S,"운동할떄 써봤는데 사용감도 좋고 편안합니다. 
카드나 핸폰 넣기 좋아요.",5,1
chim***,2021-04-21T06:50:14.130+00:00,상품선택: 러닝벨트 / 색상: 블루 / 사이즈: M,하비라 55반~66인데 m이 조이지 않고 맞는 듯합니다,5,1
tj****,2021-05-13T01:38:51.903+00:00,상품선택: 러닝벨트 / 색상: 블랙 / 사이즈: S,세탁해도 형태가 유지됩니다.,5,1
ym92****,2021-04-03T11:10:10.266+00:00,상품선택: 러닝벨트 / 색상: 블랙 / 사이즈: S,s가 딱 낫네요 엠이면 헐렁했을듯 후대폰 들고 운동하기 좀 짜증낫는데 덕분에 편하게 운동하겟어요!,5,1
aneh*****,2021-04-21T02:46:20.299+00:00,상품선택: 러닝벨트 / 색상: 블랙 / 사이즈: S,허리30인데 딱 맞는것같아요,5,1
pjy2***,2021-04-01T08:53:13.566+00:00,상품선택: 러닝벨트 / 색상: 블랙 / 사이즈: S,사이즈도 적당하고 넘 좋아요~ 아직 사용전이지만 기대됩니다,5,1
yong****,2021-04-21T02:00:33.311+00:00,상품선택: 러닝벨트 / 색상: 블랙 / 사이즈: M,전에 쓰던거 늘어진거 같아서 새로 다시 구매했습니다. 형광색 사고 싶었는데 땀나거나 습하면 바지에 이염될까봐 검정색으로 구매했습니다 ㅎㅎ,5,1
chir*****,2021-03-26T02:38:57.972+00:00,상품선택: 러닝벨트 / 색상: 블랙 / 사이즈: S,착용감이 너무 좋아요 배송과 상품 모두 만족합니다,5,1
nang****,2021-04-12T22:12:30.951+00:00,상품선택: 러닝벨트 / 색상: 블랙 / 사이즈: M,레깅스 위에 착용후 운동 좋아요,5,1
kkur********,2021-03-13T13:25:39.251+00:00,상품선택: 러닝벨트 / 색상: 블랙 / 사이즈: M,통허리라 m구매했는데 s해도 될걸 그랬나봐요. 아직 착용하고 달려보진 않았는데 구멍사이로 폰 넣기가 빠듯해보입니다. 그만큼 빠지진 않겠죠. 배송은 빨라서 좋았어요.,4,1
kimm****,2021-04-19T08:49:47.434+00:00,상품선택: 러닝벨트 / 색상: 블랙 / 사이즈: M,배송 엄청 빨리 왔어요. 아침에 좀 걷거나 간단히 조깅할때 썼는데 양손이 자유로워서 좃아요,5,1
ki****,2021-04-29T00:12:51.211+00:00,상품선택: 러닝벨트 / 색상: 블랙 / 사이즈: M,편해요 달릴때 착용해보니,5,1
icet******,2021-05-01T06:27:41.466+00:00,상품선택: 러닝벨트 / 색상: 블랙 / 사이즈: S,"슬림하게
붙어서 너무 좋아요",5,1
choi***,2021-04-10T01:43:04.346+00:00,상품선택: 러닝벨트 / 색상: 블랙 / 사이즈: M,튼튼하고 운동하기 좋아요,5,1
kwan***,2021-04-10T06:50:26.066+00:00,상품선택: 러닝벨트 / 색상: 블랙 / 사이즈: M,편하고 핸드폰 넣고 뛰기 좋네요,5,1
ki****,2021-04-29T00:13:07.275+00:00,상품선택: 러닝벨트 / 색상: 블루 / 사이즈: M,손에 뭐 안들고있어도 되고 좋네요,5,1
rang******,2021-04-30T18:36:52.106+00:00,상품선택: 러닝벨트 / 색상: 블루 / 사이즈: L,사용해보니 좋네요 ㅎㅎㅎ,4,1
sj****,2021-05-09T12:54:43.215+00:00,상품선택: 러닝벨트 / 색상: 블랙 / 사이즈: M,딱 맞아서 좋습니다ㅏㅏㅏ,5,1
chee****,2021-03-30T04:34:22.541+00:00,상품선택: 러닝벨트 / 색상: 블랙 / 사이즈: M,좋아요 편하게 운동할수 있겠습니다,5,1
hans******,2021-04-07T10:58:42.771+00:00,상품선택: 러닝벨트 / 색상: 블랙 / 사이즈: L,배송 빠르게 잘왔어요,4,1
wnsa*****,2021-04-13T01:01:31.805+00:00,상품선택: 러닝벨트 / 색상: 블랙 / 사이즈: M,"배송 너무 빠르고
생각보다 너무 좋고 유용해서 만족입니다
재구매의사 있습니다!",5,1
beca***,2021-03-15T13:20:55.247+00:00,상품선택: 러닝벨트 / 색상: 블랙 / 사이즈: M,달리기 할때 최고예요 좀 걱정했는데 전혀 신경쓰이지 않네요! 폰 넣고 달리기 너무 좋아요,5,1
gusw*******,2021-03-28T01:06:52.369+00:00,상품선택: 러닝벨트 / 색상: 형광 / 사이즈: S,가볍고 안 떨어져요 러닝할때 좋아요,5,1
ques********,2021-04-02T01:15:28.406+00:00,상품선택: 러닝벨트 / 색상: 블랙 / 사이즈: M,손으로 들때 살짝 묵직 했는데 착용하니까 너무 가볍고 좋아요. 러닝 처음 하시는 분들께 가격도 딱 좋고 진짜 질이 달라집니다.,5,1
lo_o*****,2021-04-21T08:56:59.791+00:00,상품선택: 러닝벨트 / 색상: 블랙 / 사이즈: S,탄탄하고 좋아요 쫀쫀합니다,5,1
cute****,2021-03-28T23:15:04.191+00:00,상품선택: 러닝벨트 / 색상: 블랙 / 사이즈: S,여름에 좀 더울 것 같긴 하지만 아직까지는 잘 쓰고 있어요!,5,1
jodd****,2021-03-03T14:25:14.246+00:00,상품선택: 러닝벨트 / 색상: 블랙 / 사이즈: L,편한데 폰 넣기가 많이 불편합니다. 스타트 누르고 3초안에 폰 집어 넣을깨마다 너무 힘들어요 ㅠ,3,1
gpal****,2021-03-10T03:32:01.752+00:00,상품선택: 러닝벨트 / 색상: 블랙 / 사이즈: S,"아직 사용전이지만 벨트중에서
후기가 제일좋아 구매했습니다.
오늘 당장 뛰어봐야겠네요.
빠른배송 감사합니다.",4,1
lhji*****,2021-04-21T13:06:12.770+00:00,상품선택: 러닝벨트 / 색상: 블랙 / 사이즈: S,핸드폰이 커서 좀 불편하네요..,3,1
wwww****,2021-03-23T13:33:42.888+00:00,상품선택: 러닝벨트 / 색상: 블랙 / 사이즈: S,S샀구요 가성비 대비 만족합니다,5,1
kyo4***,2021-03-20T02:01:44.138+00:00,상품선택: 러닝벨트 / 색상: 블랙 / 사이즈: L,자주 달려보진 못했지만 편하게 쓰고있습니다 길이 조절이 안되는게 좀 아쉽네요,5,1
dusw*****,2021-03-11T21:33:45.003+00:00,상품선택: 러닝벨트 / 색상: 블랙 / 사이즈: S,러닝할 때 편할것 같아요. 허리가 얇은 편이라 생각보다 짱짱하게 잡아주진 않는데 가격 품질 모두 만족합니다.,5,1
jhha***,2021-04-14T04:48:25.738+00:00,상품선택: 러닝벨트 / 색상: 블랙 / 사이즈: L,운동할때 쓸려고 샀어요.많이파세요,5,1
haem*******,2021-03-25T00:28:23.045+00:00,상품선택: 러닝벨트 / 색상: 블랙 / 사이즈: S,쓰임새가 좋아요 운동할때 쓰기 딱입니다??,5,1
sole*****,2021-02-27T14:39:59.357+00:00,상품선택: 러닝벨트 / 색상: 형광 / 사이즈: S,일단 편하고 풀릴 열려 없어서 좋아요.  노트20플러스인데 꽉끼긴하지만 들어가요. 근데 땀나면 방수가 안되니 아쉽긴해요 뭐 그래도 가격대비 만족,4,1
hjun****,2021-05-17T02:40:15.645+00:00,상품선택: 러닝벨트 / 색상: 블랙 / 사이즈: M,노트20 쓰는데 약간 작은듯 하네요,5,1
nick***,2021-03-10T02:43:53.764+00:00,상품선택: 러닝벨트 / 색상: 블랙 / 사이즈: M,"편이성(휴대, 세탁 등)이 뛰어납니다
단 밴드 특성상  틀어짐에 신경 써야합니다",5,1
emfp********,2021-04-09T08:02:02.912+00:00,상품선택: 러닝벨트 / 색상: 블랙 / 사이즈: S,운동 할 때 너무 편하게 휴대폰 걱정없이 뛸 수 있어서 좋은거 같아요~,5,1
rebe***,2021-03-29T01:16:45.771+00:00,상품선택: 러닝벨트 / 색상: 블랙 / 사이즈: S,"핸드폰 넣고 뛰어보니 흔들리지 않고 좋아요~
착용 안 한것처럼 편하고 맘에 듭니다",5,1
juns*****,2021-03-26T11:15:51.006+00:00,상품선택: 러닝벨트 / 색상: 블랙 / 사이즈: S,러닝 필수품이에요 넘편함,5,1
pret******,2021-03-15T02:01:04.033+00:00,상품선택: 러닝벨트 / 색상: 블랙 / 사이즈: M,"원래 작은 힙쌕 사려고 했는데 .. 
와 !! 이런 상품이 있었다니 ...
운동할때 너무 편해요 ..... 뛰면 살짝살짝씩 핸드폰이 돌아가기도 하지만 저는 완전 만족입니다 . 참고로 Z 플립 쓰는데 신축성이 좋아서 잘드가요 추천하고 갑니당 !",5,1
sdr0****,2021-03-23T14:33:36.507+00:00,상품선택: 러닝벨트 / 색상: 블랙 / 사이즈: S,러닝할 때 너무 좋아요!,5,1
1031***,2021-04-08T05:46:52.376+00:00,상품선택: 러닝벨트 / 색상: 블랙 / 사이즈: S,배송너무느림 제품 마감도 그닥,2,1
re****,2021-04-06T10:32:11.711+00:00,상품선택: 러닝벨트 / 색상: 블랙 / 사이즈: S,편하고 물건도 잘 들어가네요. 잘 쓸게요.,5,1
xodn*****,2021-04-08T16:25:04.811+00:00,상품선택: 러닝벨트 / 색상: 블랙 / 사이즈: S,시간이 지나도 쫀쫀하니 좋아요~,5,1
aneh*****,2021-04-01T10:29:58.633+00:00,상품선택: 러닝벨트 / 색상: 블랙 / 사이즈: M,"매번 뛸때 잘 쓰고있어요
쓰다보니 조금 늘어나니 조금 한사이즈
작게가도될것같아요",4,1
qu****,2021-04-02T03:33:56.514+00:00,상품선택: 러닝벨트 / 색상: 블랙 / 사이즈: S,s사이즈 딱 좋아요! 노트9도 잘 들어가요.,5,1
tjrd********,2021-02-27T13:50:56.366+00:00,상품선택: 러닝벨트 / 색상: 블랙 / 사이즈: S,"체력이 안좋아서 러닝 시작하면서 샀는데
허리에 차고 핸드폰 넣고 달려도 아무느낌 없어요!!
너무 만족합니다ㅎㅎ",5,1
woor********,2021-04-05T03:59:18.037+00:00,상품선택: 러닝벨트 / 색상: 블랙 / 사이즈: M,런닝할때 유용하게 잘 쓰고있어요~,5,1
xodn*****,2021-03-07T04:35:28.098+00:00,상품선택: 러닝벨트 / 색상: 블랙 / 사이즈: S,"S 샀더니 불편하지 않게 딱 잡아줘서 좋습니다. 자유롭게 런닝할 수 있어서, 10KG 감량은 따놓은 당상입니다!",5,1
cool*****,2021-03-03T14:48:19.674+00:00,상품선택: 러닝벨트 / 색상: 형광 / 사이즈: M,"잘받았구요.. 
골반에 걸쳐서 워킹하는데 걸리는거없이 넘 편하네요
잘산거 같아요. 
잘쓸께요",5,1
yaja******,2021-03-22T03:42:41.598+00:00,상품선택: 러닝벨트 / 색상: 블랙 / 사이즈: S,러닝할 때 편해요??,5,1
sang***,2021-03-12T03:26:56.923+00:00,상품선택: 러닝벨트 / 색상: 형광 / 사이즈: S,안흔들리고 좋다 어플운동시작 해놓고 폰을 빨리 넣기는 좀 힘듦,4,1
si****,2021-04-02T04:28:35.500+00:00,상품선택: 러닝벨트 / 색상: 블랙 / 사이즈: M,s가 너무 꽉 조이는 느낌이여서 이번에 m으로 샀는데 조이는 느낌없이 딱 맞네요.,5,1
9476****,2021-03-16T13:10:46.388+00:00,상품선택: 러닝벨트 / 색상: 블루 / 사이즈: S,"생각보다 딱 맞아서 좋습니다. 
레깅스같은 천이라 엄청 늘어나는 건 아니고, 적당히 쫀쫀한 느낌으로 레깅스 배를 감싼 느낌입니다. 아이폰12프로 들어갑니다.",5,1
swle*****,2021-03-30T05:02:03.229+00:00,상품선택: 러닝벨트 / 색상: 형광 / 사이즈: L,"러닝할 때 딱입니다!!
안 떨어지고 고정 잘 되어요",5,1
ssso*****,2021-03-12T02:52:37.936+00:00,상품선택: 러닝벨트 / 색상: 블랙 / 사이즈: S,뛰어도 안흔들리고 딱 고정되어 좋아요,5,1
2h****,2021-04-07T02:30:13.723+00:00,상품선택: 러닝벨트 / 색상: 블랙 / 사이즈: S,런닝할때 쓰려고 삿어요,5,1
ds_m****,2021-03-10T04:49:03.883+00:00,상품선택: 러닝벨트 / 색상: 블랙 / 사이즈: S,딱 맞네요~  런닝시 두손이 편할것 같네요~,5,1
lsy0****,2021-03-10T04:49:40.519+00:00,상품선택: 러닝벨트 / 색상: 블랙 / 사이즈: M,휴대폰을 옆으로 넣을수 있어서 안전해요!,5,1
rr****,2021-02-24T04:04:40.255+00:00,상품선택: 러닝벨트 / 색상: 블랙 / 사이즈: S,"물건 넣는 구멍이 4개나 있어서 물건이 잘 빠질까 걱정했는데, 폰 넣고 달려도 전혀 문제 없었습니다.
골반에 끼면 물건 안 빠지고 딱 좋아용??",5,1
kcjy*****,2021-03-04T04:15:55.217+00:00,상품선택: 러닝벨트 / 색상: 블랙 / 사이즈: M,배송도빠르고 맘에듭니다,5,1
true*****,2021-03-22T00:50:50.487+00:00,상품선택: 러닝벨트 / 색상: 블랙 / 사이즈: M,사이즈가 m 사이즈 인데도 약간 큽니다 참고로 바지는 34 사이즈 입습니다,3,1
alwa******,2021-02-26T04:53:34.851+00:00,상품선택: 러닝벨트 / 색상: 블루 / 사이즈: M,남친 선물 ㅎㅎ 같이 잘 써보겠습니다,5,1
taew****,2021-03-06T01:27:31.938+00:00,상품선택: 러닝벨트 / 색상: 형광 / 사이즈: M,좋아요 운동할때 딱인듯,5,1
ki****,2021-03-26T10:36:06.431+00:00,상품선택: 러닝벨트 / 색상: 블랙 / 사이즈: S,"160, 60킬로 스몰 사이즈로 충분해요!",5,1
hyun***,2021-04-24T00:29:28.104+00:00,상품선택: 러닝벨트 / 색상: 블랙 / 사이즈: S,아주 편하네요!! 러닝할때 좋아요,5,1
jang*****,2021-03-18T14:14:43.500+00:00,상품선택: 러닝벨트 / 색상: 블랙 / 사이즈: M,런닝 꾸준히 하고 있는데 잘 산거 같아여 만족합니다,5,1
yjc8***,2021-02-23T11:43:31.309+00:00,상품선택: 러닝벨트 / 색상: 블랙 / 사이즈: M,"겨울동안 너무 추워도 제대로 착용해보지 못하였지만
앞으로 사용할 예정이에요^^",3,1
shej***,2021-02-17T11:41:00.052+00:00,상품선택: 러닝벨트 / 색상: 블랙 / 사이즈: S,만족해요 잘 사용할게요 운동할때 좋을거 같앙?ㄷ,4,1
rbgu*****,2021-03-17T05:52:46.631+00:00,상품선택: 러닝벨트 / 색상: 블랙 / 사이즈: M,별롱에요...ㄴ핸드폰 어떻게 ....냄새도 안좋음,1,1
hosa******,2021-02-24T13:34:16.049+00:00,상품선택: 러닝벨트 / 색상: 블랙 / 사이즈: S,배송빠르고 좋네요 잘 쓸게여,4,1
alwa******,2021-02-26T04:52:57.426+00:00,상품선택: 러닝벨트 / 색상: 형광 / 사이즈: S,좋아요 잘 써보겠습니당 ㅎㅎ,5,1
tkd5***,2021-03-19T08:54:54.673+00:00,상품선택: 러닝벨트 / 색상: 블랙 / 사이즈: L,가성비 최고에요 ㅎ,5,1
rang******,2021-03-19T16:09:08.634+00:00,상품선택: 러닝벨트 / 색상: 블루 / 사이즈: L,유용하고 좋아용 ㅎㅎㅎ,3,1
rlaw*******,2021-03-07T02:50:26.540+00:00,상품선택: 러닝벨트 / 색상: 블랙 / 사이즈: S,쫀쫀해서 좋아요~~ 잘 쓸게요,5,1
psj1****,2021-02-19T06:11:40.333+00:00,상품선택: 러닝벨트 / 색상: 블랙 / 사이즈: M,남자 허리사이즈 31 m 좋습니다,5,1
garc****,2021-02-27T03:06:55.406+00:00,상품선택: 러닝벨트 / 색상: 블랙 / 사이즈: M,"배송 빠르게 잘 받았습니다.

근데 주머니가 좀 작네요..",4,1
whit****,2021-02-19T11:32:38.563+00:00,상품선택: 러닝벨트 / 색상: 블랙 / 사이즈: M,생각보다 안정감있게 잡아주어 좋습니다. 다만 조금 작은 크기의 물건은 흐를것 같아 불안하네요,4,1
elin*****,2021-03-07T13:11:21.339+00:00,상품선택: 러닝벨트 / 색상: 블랙 / 사이즈: M,뛸때완전편해용 진작살걸그랫어옹,5,1
kdsa*****,2021-02-17T15:43:32.735+00:00,상품선택: 러닝벨트 / 색상: 블루 / 사이즈: L,배송 포장 다 괜찮네요,4,1
nang****,2021-02-18T03:32:41.529+00:00,상품선택: 러닝벨트 / 색상: 블랙 / 사이즈: M,운동시 잡아줘서 편하게 운동가능해요,5,1
kims*****,2021-03-06T07:01:46.803+00:00,상품선택: 러닝벨트 / 색상: 블랙 / 사이즈: S,런닝 시작하면서 일단 구매해봤어요.,4,1
ga****,2021-01-11T07:18:49.714+00:00,상품선택: 러닝벨트 / 색상: 블랙 / 사이즈: M,달리기 정말 자주하는 편인데 20km 가량 달린날에는 아무래도 좀 무리가 가다보니 착용하고 그다음에 가볍게 뛸 때 무리안가서 참 좋더라구요,5,1
vp****,2021-02-26T01:23:39.346+00:00,상품선택: 러닝벨트 / 색상: 블랙 / 사이즈: M,허리 31 정도 입는데 m 사이즈 크네요 ㅠㅠ s 살껄...,5,1
ys****,2021-02-23T07:20:32.664+00:00,상품선택: 러닝벨트 / 색상: 블랙 / 사이즈: M,좋아요 배송이 빨라서좋아요,5,1
emer******,2021-01-16T13:32:52.595+00:00,상품선택: 러닝벨트 / 색상: 블랙 / 사이즈: S,배송빠르고 제품도 짱짱하니 좋아요. 골반 위에 걸쳐두면 핸드폰 넣어도 안정감 있어요~,5,1
silv********,2021-01-30T01:19:04.180+00:00,상품선택: 러닝벨트 / 색상: 형광 / 사이즈: M,착용감 이랑  수납 및 고정력이 좋아요,4,1
momo****,2021-01-25T01:31:45.890+00:00,상품선택: 러닝벨트 / 색상: 블랙 / 사이즈: L,진짜 러닝 필수템입니다 항상 감사합니다,5,1
okok********,2021-01-26T07:21:12.726+00:00,상품선택: 러닝벨트 / 색상: 블랙 / 사이즈: M,쫀쫀해요 생각보다 커요,5,1
kbk_****,2021-03-11T02:37:53.431+00:00,상품선택: 러닝벨트 / 색상: 블랙 / 사이즈: S,감사합니다 감사합니다!,5,1
base***,2021-02-21T05:06:18.768+00:00,상품선택: 러닝벨트 / 색상: 블랙 / 사이즈: M,허리30~32 m사이즈 좋습니다.,4,1
zz****,2021-01-28T23:00:28.496+00:00,상품선택: 러닝벨트 / 색상: 블랙 / 사이즈: M,깔끔하게 잘 왔어요,5,1
chri****,2021-01-17T08:22:34.258+00:00,상품선택: 러닝벨트 / 색상: 블랙 / 사이즈: M,골반에 차고 한번 달려봤는데 거의 흔들리지도 않고 안에 들어있는것도 잘잡아줘요 허리 31에 M 괜찮습니다,5,1
hatn****,2021-02-16T07:43:12.782+00:00,상품선택: 러닝벨트 / 색상: 블랙 / 사이즈: S,러닝할ㄸㅐ 잘 쓰고 있어요,5,1
hisw*******,2021-02-08T00:25:12.534+00:00,상품선택: 러닝벨트 / 색상: 블랙 / 사이즈: L,만족합니다 다른 사람에게 추천하겠습니다,5,1
funp***,2021-02-09T17:59:34.443+00:00,상품선택: 러닝벨트 / 색상: 블랙 / 사이즈: S,무난하게 가격대비 괜찮아요,4,1
hide***,2021-02-04T01:51:24.520+00:00,상품선택: 러닝벨트 / 색상: 블랙 / 사이즈: L,노트20을 넣기에는 다소 빡빡한 편이지만 넣고 등뒤로 돌리고 뛰면 너무 편하네요,5,1
yjc8***,2021-01-09T11:42:44.425+00:00,상품선택: 러닝벨트 / 색상: 블랙 / 사이즈: M,날씨가 추워서 벨트 착용하고 런닝할수 업네요... 제품은 그저 그래요,2,1
sdh4***,2021-01-31T03:59:14.067+00:00,상품선택: 러닝벨트 / 색상: 블랙 / 사이즈: M,만족합니다!!! 배송도 빨라요,5,1
bong*******,2021-01-18T09:00:31.247+00:00,상품선택: 러닝벨트 / 색상: 블랙 / 사이즈: S,사이즈 S 샀는데 좋아요,5,1
joun****,2021-02-09T20:53:44.444+00:00,상품선택: 러닝벨트 / 색상: 블랙 / 사이즈: S,운동할때 편하네요!!!,5,1
kj****,2021-01-14T01:11:06.057+00:00,상품선택: 러닝벨트 / 색상: 블랙 / 사이즈: L,이거 사고 나서 러닝하는데 집중도 잘 되고 손이 굉장히 편해졌어요. 재질도 짱짱합니다. 폰을 뒤로 넣고 달리면 옷만 입고 뛰는 느낌이에요.,5,1
ko****,2021-01-31T15:48:29.681+00:00,상품선택: 러닝벨트 / 색상: 블랙 / 사이즈: M,"공간이 너무 허접함
열쇠. 휴대폰 떨어지기 쉬움",2,1
rede***,2020-12-31T13:06:06.193+00:00,상품선택: 러닝벨트 / 색상: 블랙 / 사이즈: S,스몰로 주문했는데 너무 꽉 끼어요ㅠ 엠으로 주문할걸..그랬어요. 다른건 다 좋아요.,4,1
hsa1***,2021-01-02T16:06:56.663+00:00,상품선택: 러닝벨트 / 색상: 블랙 / 사이즈: M,쫀쫀하고 휴대폰도 안빠질 거 같아요! 잘 쓸게요!,5,1
chol****,2021-01-30T03:10:22.273+00:00,상품선택: 러닝벨트 / 색상: 블랙 / 사이즈: M,항상 쓰는 제품이예요,5,1
hell****,2021-01-03T04:52:10.163+00:00,상품선택: 러닝벨트 / 색상: 블랙 / 사이즈: M,"몇 번 빨래하니까 좀 늘어지는 경향이 있지만 갓성비 짱입니다. 휴대폰 카드 에어팟케이스
넣고 뛰었는데 에어팟 캐이스 몇 번 빠졌어요. 나머지는 물품은 괜찮았습니다",5,1
ga****,2020-12-28T14:53:55.323+00:00,상품선택: 러닝벨트 / 색상: 형광 / 사이즈: M,이거 없울 때는 속주머니있는 언더아머 바지만 입었는데 스마트폰도 넣고 에어팟도 넣고 맘대로 뛰어 좋아요,5,1
skfd********,2021-02-04T00:30:34.965+00:00,상품선택: 러닝벨트 / 색상: 블랙 / 사이즈: M,32입는데 m 딱맞네요,5,1
dgs7***,2021-02-01T04:32:25.246+00:00,상품선택: 러닝벨트 / 색상: 블랙 / 사이즈: S,fit 플립벨트 런닝벨트,5,1
tomo***,2020-12-25T11:10:04.377+00:00,상품선택: 러닝벨트 / 색상: 블랙 / 사이즈: S,허리에 차고 핸드폰 가운데 넣고 뛰면 무게가 안 쏠려서 편하고 좋아요~,5,1
gree********,2021-01-07T06:37:06.075+00:00,상품선택: 러닝벨트 / 색상: 블랙 / 사이즈: S,"아이폰 11도 들어가는 넉넉한 사이즈 ㅎㅎ
편하구 좋아요~^^",5,1
ra****,2021-01-04T01:53:13.988+00:00,상품선택: 러닝벨트 / 색상: 블랙 / 사이즈: M,주머니에 핸드폰 넣고 뛰면 불안불안했는데 이 제품은 짱짱하게 잘 잡아줘서 좋아요,5,1
subi***,2020-12-18T11:06:09.906+00:00,상품선택: 러닝벨트 / 색상: 블랙 / 사이즈: M,짱짱해요 재구매 의사있어요,5,1
ttac*******,2021-01-08T01:40:41.221+00:00,상품선택: 러닝벨트 / 색상: 블랙 / 사이즈: M,배송 빨라욤 이것도 좋아요,5,1
hy2o****,2021-01-06T11:28:20.878+00:00,상품선택: 러닝벨트 / 색상: 블랙 / 사이즈: M,뛸때 불편하지않고 너무 편합니다 강추합니다,5,1
the_****,2020-12-08T13:29:46.738+00:00,상품선택: 러닝벨트 / 색상: 블랙 / 사이즈: M,처음 착용했을 때는 이게 잘 잡아줄까 생각 들었는데 런닝에 집중할 수 있도록 도와주는 제품입니다. 잘 산 것 같아요!,5,1
anne****,2021-01-08T17:10:11.719+00:00,상품선택: 러닝벨트 / 색상: 블랙 / 사이즈: S,다른거사면서 사봤는데 운동을 안하네요,5,1
rhdr*****,2021-01-20T12:31:38.567+00:00,상품선택: 러닝벨트 / 색상: 블랙 / 사이즈: M,73ud7eud73ud73udu2hr,5,1
asas*****,2021-01-05T13:06:26.151+00:00,상품선택: 러닝벨트 / 색상: 형광 / 사이즈: M,촤로 좋은 제품입니다. 즐-,5,1
eggl****,2021-01-07T10:44:47.153+00:00,상품선택: 러닝벨트 / 색상: 블랙 / 사이즈: M,흘러내리지 않고 편리해요 ㅎㅎ,5,1
joll****,2020-12-18T03:06:01.648+00:00,상품선택: 러닝벨트 / 색상: 블랙 / 사이즈: S,"착 밀착되서 흔들림 없고, 휴대폰 빠질 염려도 안되고 편하네요! 배송도 빠르고 만족해요",5,1
john****,2021-01-04T10:05:44.110+00:00,상품선택: 러닝벨트 / 색상: 블랙 / 사이즈: L,쓸만합니다. 쓸만해요.,4,1
chae****,2020-12-30T07:31:02.177+00:00,상품선택: 러닝벨트 / 색상: 블랙 / 사이즈: S,잘받았습니다 좋아요,5,1
ihan******,2020-12-07T17:37:40.689+00:00,상품선택: 러닝벨트 / 색상: 블랙 / 사이즈: S,핸드폰을 런닝벨트에 넣고 운동하는데도 착용감이 좋습니다. 몸에 밀착됩니다. 런닝벨트를 착용하고 있는 걸 잊을 때가 많습니다.,5,1
hell****,2020-11-04T05:14:12.494+00:00,상품선택: 러닝벨트 / 색상: 블랙 / 사이즈: M,가격 기능 모두 만족합니다. 좀 비싼 러닝벨트도 가지고 있는데 이 제품이 입구가 작아서 물건 넣고 빼는 것이 조금 불편할 뿐 기능상으로는 동일합니다. 달리면서 물건 수납하기는 좀 힘드네요. 그래도 이 가격이면 매우 훌륭!! 최고입니다,5,1
20****,2020-11-11T06:47:53.598+00:00,상품선택: 러닝벨트 / 색상: 블랙 / 사이즈: L,핸드폰 두고 러닝하려고 애플워치 샀는데 GPS버전으로 구매하다보니 음악 듣기가 매우 불편한 점이 있었는데 이 제품으로 그러한 단점을 잘 보완할 수 있을것 같습니다! 저렴한 가격에 운동 필수품으로 잘 구입했네요~,5,1
go****,2020-12-28T02:13:39.389+00:00,상품선택: 러닝벨트 / 색상: 블랙 / 사이즈: S,쫀쫀하니 좋네요 만족,5,1
jk****,2020-12-23T03:14:19.680+00:00,상품선택: 러닝벨트 / 색상: 블랙 / 사이즈: M,운동할때마다 잘 쓰고있습니다.,5,1
lomb*****,2020-12-18T10:53:36.390+00:00,상품선택: 러닝벨트 / 색상: 블랙 / 사이즈: S,"핸드폰 넣고 러닝하려고 샀는데 
달릴때 신경쓰이지도 않고 좋은 것 같아요",5,1
sunn*******,2020-12-11T07:58:35.485+00:00,상품선택: 러닝벨트 / 색상: 블랙 / 사이즈: M,좋은데 미새먼지땨문에 나가서 운동하기가 힘드네요ㅠㅠㅠ 좋습니다 추천이에요!,4,1
red5***,2020-12-20T16:16:17.309+00:00,상품선택: 러닝벨트 / 색상: 블랙 / 사이즈: L,생각보다 짱짱한게 흘러내리지 않아요,5,1
sung*****,2020-11-27T21:42:57.352+00:00,상품선택: 러닝벨트 / 색상: 블랙 / 사이즈: M,만족합니다. 입구가 좁아보였는데 신축성이 좋아 단단히 고정되고 골반도 잡아줍니다. 헬스장에 방문하기 꺼려지느 요즘 이 친구와 함께탁트인 곳을 달리는 재미에 빠졌네요.ㅎ,5,1
jins*****,2020-12-16T22:16:58.335+00:00,상품선택: 러닝벨트 / 색상: 블랙 / 사이즈: S,운동할 때 편합니다. 가성비 좋네요.,5,1
x2****,2020-12-17T01:19:34.007+00:00,상품선택: 러닝벨트 / 색상: 블랙 / 사이즈: S,"60kg s사이즈 딱 좋습니다~
이걸 왜 이제 삿을까...최고입니다",5,1
piko****,2020-12-16T05:28:52.941+00:00,,잘 사용했습니다. 재구매한 제품입니다.,5,1
riri*****,2020-11-11T12:44:01.575+00:00,상품선택: 러닝벨트 / 색상: 블랙 / 사이즈: L,확실히 편합니다. 핸드폰을 배 가운데 쪽에 두어서 무게중심이 불균형해지는 걸 막아줍니다. 빨래도 손쉬워서 관리도 간편합니다.,4,1
regi***,2020-12-04T09:36:36.221+00:00,상품선택: 러닝벨트 / 색상: 블랙 / 사이즈: M,이렇게까지 편할줄은 몰랐네요. 쓰다가 나중에 추가구매 해야겠습니다. 번창하세요~!,5,1
5soy****,2020-12-13T07:22:14.736+00:00,상품선택: 러닝벨트 / 색상: 블랙 / 사이즈: S,좋은 제품 저렴한 가격에 사서 좋아용,5,1
fa****,2020-11-13T10:56:43.878+00:00,상품선택: 러닝벨트 / 색상: 블랙 / 사이즈: S,일단 허리는 딱 맞는데 폰이 안빠질지는 좀 의문이 드네요...일단 폰은 s20+ 사용중인데 내일 한번 차고 뛰어봐야겠어요,5,1
kimm*****,2020-11-27T15:43:11.863+00:00,상품선택: 러닝벨트 / 색상: 블랙 / 사이즈: S,짱짱해서 잘 쓰고있어요ㅎㅎㅎ,5,1
kimm*****,2020-11-27T15:44:02.339+00:00,상품선택: 러닝벨트 / 색상: 블랙 / 사이즈: L,달리기 할 때 편합니다~~!,5,1
gonp*****,2020-11-20T13:21:15.953+00:00,상품선택: 러닝벨트 / 색상: 블랙 / 사이즈: L,깔끔하게 포장잘되어 왔습니다??,5,1
kwak*****,2020-12-08T07:04:49.631+00:00,상품선택: 러닝벨트 / 색상: 블랙 / 사이즈: M,배송도빠르고 러닝할때 쓰기 딱 좋네요,5,1
li****,2020-11-17T12:07:33.548+00:00,상품선택: 러닝벨트 / 색상: 블랙 / 사이즈: M,빠른 배송 감사합니다.,5,1
rkaw******,2020-12-10T08:04:40.108+00:00,상품선택: 러닝벨트 / 색상: 블랙 / 사이즈: S,두번인가 사용하고 잃어버렸네요..,4,1
rudt*****,2020-11-22T03:06:42.037+00:00,상품선택: 러닝벨트 / 색상: 블랙 / 사이즈: M,"대만족, 무조건 사세요 ㅎㅎ",5,1
k-we*****,2020-12-07T20:22:22.012+00:00,상품선택: 러닝벨트 / 색상: 블랙 / 사이즈: M,"골반에 걸치니, 흔들림없어요. ^^",5,1
youh*****,2020-11-20T02:05:55.482+00:00,상품선택: 러닝벨트 / 색상: 블랙 / 사이즈: M,편하고 좋습니다. 익숙하지 않아 달릴 때 떨어지지 않을까 하는 걱정이 생겨서 지퍼형이면 더 좋을 것 같습니다.,4,1
gkdu*****,2020-12-01T12:49:00.555+00:00,상품선택: 러닝벨트 / 색상: 블랙 / 사이즈: M,편하게 쓰기 좋습니다 만족합니다,5,1
blac*******,2020-12-10T01:29:10.185+00:00,상품선택: 러닝벨트 / 색상: 블랙 / 사이즈: L,편하고 좋아용 ㅋㅋ,5,1
chuc***,2020-11-15T01:33:55.384+00:00,상품선택: 러닝벨트 / 색상: 블랙 / 사이즈: S,가격대비 만족합니다,5,1
jang********,2020-10-24T11:59:53.759+00:00,상품선택: 러닝벨트 / 색상: 블랙 / 사이즈: S,많이 튀지 않는 디자인이라서 선택했는데 역시 맘에 드네요~ 아이폰8+ 잘 들어가고요. 걷기는 괜찮았는데 아직 뛰어보진 않아서 어떨지 모르겠어요,5,1
flor*****,2020-11-16T17:11:28.809+00:00,상품선택: 러닝벨트 / 색상: 블랙 / 사이즈: S,생갇보다 헐렁해서 어쉽,4,1
ksd6***,2020-11-24T16:42:08.954+00:00,상품선택: 러닝벨트 / 색상: 블랙 / 사이즈: L,벨트에 폰 넣으면 그만큼 허리 라인이 불편해지긴 하지만 손에 들고 뛰는거보다는 나아요.,4,1
ies2***,2020-10-08T04:01:39.685+00:00,상품선택: 러닝벨트 / 색상: 블랙 / 사이즈: S,운동하려고 암밴드 여러개 사용해보다 우연히 런닝벨트 보고 이거괜찮겠다 싶어 주문했는데 이거 완전 강추예요..  말이 필요없이 진짜 사용해보면 물건이구나 싶을거예요~~두손이 자유롭고 허리에 착용하다보니 한쪽에만 치우치지않고 또 쉽게 꺼내고.. 폰 이외에 다른 물건도 수납 가능하니 짱 좋아요~~,5,1
hhh_***,2020-11-24T13:13:42.962+00:00,상품선택: 러닝벨트 / 색상: 블랙 / 사이즈: S,배송빠르고 재질도 레깅스랑 비슷해서 좋아요,5,1
toxi****,2020-11-07T14:56:32.497+00:00,상품선택: 러닝벨트 / 색상: 블랙 / 사이즈: M,오 편해요 내일 또 사용예정,4,1
eggl****,2020-11-05T04:27:10.180+00:00,상품선택: 러닝벨트 / 색상: 블랙 / 사이즈: M,179 cm / 80 kg 미디움 사이즈 적당합니다~ 생각보다 퀄이 괜찮네요 ㅎㅎ,5,1
sk****,2020-11-26T10:59:49.484+00:00,상품선택: 러닝벨트 / 색상: 블랙 / 사이즈: M,달리기 간에 핸드폰을 벨트에 넣고 달렸는데 좋아요,4,1
chav***,2020-10-20T15:16:55.149+00:00,상품선택: 러닝벨트 / 색상: 블랙 / 사이즈: M,복부가 두툼해서 m 샀는데 쭉쭉 잘 늘어나서 허리가 아니라 엉덩이에도 불편함 없이 착용 가능하네요ㅋㅋ s 샀으면 더 좋았을거 같아요.,5,1
k-we*****,2020-11-28T05:10:38.969+00:00,상품선택: 러닝벨트 / 색상: 블랙 / 사이즈: M,달리는데 불편함 없었습니다. 강추,5,1
rkdm***,2020-11-17T04:03:25.569+00:00,상품선택: 러닝벨트 / 색상: 블랙 / 사이즈: L,폰이 떨어질까봐 조마조마했는데 떨어지진 않네요~ 빨리 뛰면 출렁거림은 어쩔 수 없는듯 하구요~,3,1
pbl0***,2020-11-26T01:49:46.973+00:00,상품선택: 러닝벨트 / 색상: 블랙 / 사이즈: S,좋아요 운동할때 항상 가지고 다녀요,4,1
cc****,2020-11-23T13:14:36.219+00:00,상품선택: 러닝벨트 / 색상: 블랙 / 사이즈: S,음 기능은 좋은데 코로나때문에 잘 안쓰게 되네요,3,1
main****,2020-11-11T07:16:49.054+00:00,상품선택: 러닝벨트 / 색상: 블랙 / 사이즈: M,늘어남 없이 잘 사용하고 있습니다. 이어폰 핸드폰 빠지는일 없었고 허리 30~32인치 왔다갔다하는데 안흘러내리게 잘 맞습니다.,5,1
ansa******,2020-10-30T02:57:44.108+00:00,상품선택: 러닝벨트 / 색상: 블랙 / 사이즈: M,"가성비갑
구씨 다른것 쓸 필요없음
쫀쫀하고 좋네요",5,1
main****,2020-09-20T01:47:10.431+00:00,상품선택: 러닝벨트 / 색상: 블랙 / 사이즈: M,"남자 168cm/71kg, 허리사이즈 31~32 인데
M사이즈 잘 맞습니다. 배꼽아래-골반에 걸치고 스마트폰 넣고 뛰면 말려올라가지도 않고 내려가지도 않고 딱 맞습니다.

처음 착용했을때는 생각보다 짱짱하게 맞는 느낌이 없어 S로 시켰어야하나 싶었는데 스마트폰 넣으니 주머니에 넣은것처럼 출렁거리지 않아서 좋습니다. 손으로 들고 뛰느라 손목아팠는데 정말 좋네요ㅋㅋ

사이즈표 보고 사시면 무난하게 맞으실 것 같습니다.",5,1
king********,2020-10-18T07:08:27.992+00:00,상품선택: 러닝벨트 / 색상: 블랙 / 사이즈: M,날 추워지기 전에 사길 잘했어요 뛸때 핸드폰 안들고 다녀서 좋아여.,5,1
hanp****,2020-11-01T12:48:37.950+00:00,상품선택: 러닝벨트 / 색상: 블랙 / 사이즈: M,증말간편하고 좋아요,5,1
7277***,2020-11-03T03:46:12.857+00:00,상품선택: 러닝벨트 / 색상: 블랙 / 사이즈: S,대만족하는제품 러닝 필수품 ㅋㅋㅋ,5,1
rlaf*****,2020-11-22T07:03:02.165+00:00,상품선택: 러닝벨트 / 색상: 블랙 / 사이즈: L,핸드폰 안들고 뛰어서 좋음,5,1
hr****,2020-11-18T10:33:58.646+00:00,상품선택: 러닝벨트 / 색상: 블랙 / 사이즈: S,운동할때 만족스러웠습니다,5,1
dpsw****,2020-11-20T03:09:03.042+00:00,상품선택: 러닝벨트 / 색상: 블랙 / 사이즈: M,너무편해요 위로말고 밑으로 입는거네요ㅎㅎ,5,1
litt********,2020-11-11T14:55:14.012+00:00,상품선택: 러닝벨트 / 색상: 블랙 / 사이즈: S,정말 좋아요. 러닝시에 아주 편합니다,5,1
somm*******,2020-11-19T05:58:46.776+00:00,상품선택: 러닝벨트 / 색상: 블랙 / 사이즈: S,좀 헐렁한데 없는것보단 나아요,5,1
goeu*****,2020-11-09T16:35:09.372+00:00,상품선택: 러닝벨트 / 색상: 형광 / 사이즈: S,잘 안 헤지고 러닝할땐 손목이나 팔뚝 밴드보다 이게 훨씬 좋은 듯 합니다,5,1
loxi****,2020-11-02T13:09:40.338+00:00,상품선택: 러닝벨트 / 색상: 블루 / 사이즈: S,걷거나 뛸때 간단한 소지품 넣기 좋아요. 뛰어도 안움직이고 고정이 잘 돼서 자주 씁니다.,5,1
kura***,2020-11-12T11:44:28.510+00:00,상품선택: 러닝벨트 / 색상: 블랙 / 사이즈: M,다른 러닝가방보다 몸에 딱 붙어서 좋아요,5,1
bori*****,2020-10-26T12:52:47.040+00:00,상품선택: 러닝벨트 / 색상: 블랙 / 사이즈: S,암밴드사려다가샀는데너무좋아요7!!흘러내림도없고수납도잘됩니다!!여성분들상의95?까지는 s해도충분할듯합니당,5,1
iko0***,2020-10-16T05:34:56.663+00:00,상품선택: 러닝벨트 / 색상: 블랙 / 사이즈: S,"걷기할때 폰때문에 무게가 한쪽으로  쏠렸었는데 
이젠 편안하게 걸을 수 있어서 좋아요",5,1
sehi****,2020-10-22T04:59:39.917+00:00,상품선택: 러닝벨트 / 색상: 블랙 / 사이즈: S,배송도 빠르고 탄탄해서 좋아요~,5,1
kjw7***,2020-10-25T06:23:52.787+00:00,상품선택: 러닝벨트 / 색상: 블랙 / 사이즈: M,"오늘 처음 산에갈때 착용하고
고~고~
정말편해요!",5,1
minn******,2020-11-12T21:29:44.095+00:00,상품선택: 러닝벨트 / 색상: 블랙 / 사이즈: S,미쳤어요 왜 이걸 이제 샀을까요,5,1
dlsd******,2020-11-03T09:50:18.265+00:00,상품선택: 러닝벨트 / 색상: 블랙 / 사이즈: S,평소 바지 27-28 입는데 잘 맞아요ㅋㅋ 이제 핸드폰 안들고 뛰어도 되서 넘 좋아요...,5,1
wo****,2020-10-08T10:51:49.967+00:00,상품선택: 러닝벨트 / 색상: 블랙 / 사이즈: M,M샀는데 몸에 착맞네요. 무엇보다 시장 아저씨 패션 느낌이 안나고 세련되서 좋았어요.,5,1
ruda*****,2020-11-12T10:32:16.437+00:00,상품선택: 러닝벨트 / 색상: 블랙 / 사이즈: S,잘 고정되네요 잘샀음,5,1
rudg*******,2020-11-07T11:14:29.428+00:00,상품선택: 러닝벨트 / 색상: 블랙 / 사이즈: S,2개째 구매했습니다 사용하다보면 조금씩 늘어나긴 하는 것 같습니다,5,1
hanc********,2020-11-07T01:50:58.792+00:00,상품선택: 러닝벨트 / 색상: 블랙 / 사이즈: L,신축성 좋고 휴대폰도 안 떨어져서 좋아요,5,1
leeb****,2020-10-11T07:00:48.749+00:00,상품선택: 러닝벨트 / 색상: 블랙 / 사이즈: S,아직 뛰어보지는 않았지만 폰이 쏙 들어가고 제자리뛰기 했을 때 출렁거림이 없어서 좋았어요!,5,1
jsfi******,2020-10-16T08:51:20.080+00:00,상품선택: 러닝벨트 / 색상: 블랙 / 사이즈: S,짱찡하고 좋아요 만족합니다,5,1
tk97****,2020-10-13T11:59:39.384+00:00,상품선택: 러닝벨트 / 색상: 블랙 / 사이즈: M,주머니가 조금 작은줄알았는데 폰 잘들어가고 딱좋습니다.,5,1
lver****,2020-11-03T05:51:16.308+00:00,상품선택: 러닝벨트 / 색상: 블랙 / 사이즈: L,"권장 사이즈 보고 샀는데
한치수 작은걸로 사야될듯..
그래도 괜찮게 잘산듯합니다",5,1
nefe*******,2020-10-19T01:47:46.601+00:00,상품선택: 러닝벨트 / 색상: 블랙 / 사이즈: M,런닝할때 암밴드보다 편한것 같아요,5,1
hyeo*******,2020-10-20T12:48:52.308+00:00,상품선택: 러닝벨트 / 색상: 블랙 / 사이즈: L,"런닝할때 휴대폰이랑 에어팟 넣어두면 딱!
쓰는데 전혀 불편함 없고
흘러내리는것도 느낄수없어요!
런닝 잇템!",4,1
dude*******,2020-10-19T03:07:29.531+00:00,상품선택: 러닝벨트 / 색상: 블랙 / 사이즈: M,휴대폰 들고 달리기 불편했는데 좋네요 ㅎㅎ,5,1
bn****,2020-10-31T12:03:55.351+00:00,상품선택: 러닝벨트 / 색상: 블랙 / 사이즈: M,감사합니다^^ 잘받았습니디,5,1
luci****,2020-11-04T04:26:40.154+00:00,상품선택: 러닝벨트 / 색상: 블랙 / 사이즈: S,아이폰의 보행 비대칭성 측정에도 좋아요.,5,1
mrso****,2020-11-06T03:41:19.945+00:00,상품선택: 러닝벨트 / 색상: 블랙 / 사이즈: M,항상 만족하며 사용중입니다,5,1
ga****,2020-10-13T10:35:53.764+00:00,상품선택: 러닝벨트 / 색상: 블랙 / 사이즈: L,색감도 좋고 주머니도 커서 핸드폰이 잘 들어가네요,5,1
ekwj****,2020-10-13T01:20:38.848+00:00,상품선택: 러닝벨트 / 색상: 블루 / 사이즈: S,런닝할때 폰이랑 카드 간단한 거 넣고 달리기 나무 좋아요. 폰들고 달리기 거추장스러웠는데 이거 쓰고나서부터 너무 편하게 잘 달리고 있어요! 진짜 만족스럽고 강추입니다!!!,5,1
piyo******,2020-10-16T04:11:50.270+00:00,상품선택: 러닝벨트 / 색상: 블랙 / 사이즈: M,제품 품질에 만족합니다,5,1
shee*****,2020-10-09T04:13:39.592+00:00,상품선택: 러닝벨트 / 색상: 블랙 / 사이즈: M,아빠 사드렸는데 사이즈도 맞고 만족하시네요,5,1
sysy*****,2020-10-07T09:22:17.221+00:00,상품선택: 러닝벨트 / 색상: 블랙 / 사이즈: S,"런닝해보려고 추천 받아서 구매해봤어요
빠른배송 좋아요~~",5,1
dydd******,2020-10-11T13:21:21.237+00:00,상품선택: 러닝벨트 / 색상: 블랙 / 사이즈: M,잘 단단히 고정되었고 달릴때도 전혀 불편함 없습니다~먀우 만족하며 사용하구요!!사이즈도 딱 맞는거 같아 만족입니다,5,1
lady****,2020-10-27T00:30:39.952+00:00,상품선택: 러닝벨트 / 색상: 블랙 / 사이즈: S,딱 기본이에요 좋아요 다만 물통은 어려울듯,3,1
sw****,2020-10-18T11:38:12.467+00:00,상품선택: 러닝벨트 / 색상: 블랙 / 사이즈: S,"가볍고 입고 벗기 편하고, 입은듯 안 입은듯~ 휴대품 넣고 빼기도 편하고 좋습니다. 저는 재구매 의사 있습니다.",5,1
kim9****,2020-09-09T22:28:32.978+00:00,상품선택: 러닝벨트 / 색상: 블랙 / 사이즈: S,"손의 자유를 얻었습니다! 제가 보통 27-28인치 바지를 입고 레깅스는 M을 입는데요, 이 제품은 s를 구입했습니다. 단점이라고 하면 달리기 할 때조금씩 올라가는게 정도? 어차피 핸드폰 외에 아무것도 넣지 않아서 상관은 없지만 좀 더 탄성이 셌다면 좋았겠다는 아쉬움이 남습니다. 그래도 흔들거리지 않고 잘 고정되는 편이라 구매하길 잘했단 생각이 듭니다. 필요하신 분은 고민 말고 어서 구매하시길!",5,1
ruby********,2020-10-08T10:13:00.908+00:00,상품선택: 러닝벨트 / 색상: 블랙 / 사이즈: M,"사실 손이 편하려고 산건데 복대처럼 배를 한번더 잡아주니 일석이조내요~~아주 좋아요 지퍼없어도 핸드폰은빠질염려없네요 작은 블루투스 이어폰은 좀 불안한감이있어서 캐이스를 꼭 챙겨야겠습니당
아주 편하게 잘이용중입니다 ^^",5,1
ckdn******,2020-10-17T02:08:17.498+00:00,상품선택: 러닝벨트 / 색상: 블랙 / 사이즈: S,"핸드폰 고정이 잘되서 운동할때 너무 좋아요. 
뱃살이 있어 운동하다가 좀 위로 올라가긴 하지만^^; 딱히 불편사항은 아닙니다",5,1
ra****,2020-10-26T06:16:52.761+00:00,상품선택: 러닝벨트 / 색상: 블랙 / 사이즈: M,"허리 31인치 정도인데 딱맞아요 
달리기 너무 편하네요",4,1
tort***,2020-10-16T10:22:59.780+00:00,상품선택: 러닝벨트 / 색상: 블랙 / 사이즈: M,라지커서 엠으로 다시,4,1
cobr*****,2020-10-19T03:59:25.708+00:00,상품선택: 러닝벨트 / 색상: 블랙 / 사이즈: L,주머니에 안넣고 다녀서 좋아요. 생각보다 걸리적 거리지 않아서 좋네요.,5,1
flyc*****,2020-10-13T04:48:48.003+00:00,상품선택: 러닝벨트 / 색상: 블랙 / 사이즈: S,편하고 좋네여 잘쓸듯,5,1
m_pr***,2020-09-04T04:13:32.000+00:00,상품선택: 러닝벨트 / 색상: 블랙 / 사이즈: M,"지금까지 구매한 운동용품 중에서 가장 만족하고 있습니다. 지금까지 스마트폰을 손에 들고 뛰거나 암밴드를 하고 뛰었었는데, 어떤 방법을 쓰던 신경 쓰이는 것은 마찬가지였습니다. 하지만 플립벨트는 러닝 시, 핸드폰 소지 여부가 전혀 신경쓰이지 않네요. 강추입니다.",5,1
pood*****,2020-10-15T07:53:30.068+00:00,상품선택: 러닝벨트 / 색상: 블랙 / 사이즈: S,조깅할때 너무 편해요,5,1
jk****,2020-10-28T12:23:10.821+00:00,상품선택: 러닝벨트 / 색상: 블랙 / 사이즈: M,너므좋아요너무좋아요,3,1
jij6***,2020-10-31T02:34:34.768+00:00,상품선택: 러닝벨트 / 색상: 블랙 / 사이즈: L,신축성도 뛰어나고 잘 사용하고 있습니다.,4,1
bn****,2020-10-31T12:04:23.088+00:00,상품선택: 러닝벨트 / 색상: 형광 / 사이즈: S,감사합니다 ?? 잘받았슨비다,5,1
ssto****,2020-09-27T02:05:50.970+00:00,상품선택: 러닝벨트 / 색상: 블랙 / 사이즈: S,"두번째 구매
허리 30 달릴때 스몰 사이즈가 더 밀착되서
나은 거 같네요.",5,1
sh****,2020-09-10T08:57:02.993+00:00,상품선택: 러닝벨트 / 색상: 블루 / 사이즈: S,"적립금사용해 만원에 득템^^
지인추천으로 구매했구요
사용전이긴하나 짱짱하니 좋은듯요
런할때 핸드폰이 걸리적거리지않고 잘 고정되기를..",5,1
soba****,2020-09-12T08:21:11.077+00:00,상품선택: 러닝벨트 / 색상: 블랙 / 사이즈: S,"머리띠는 흘러내리지 않는데 머리를 쪼으지 않아서 좋습니다. 나이키나 언더아머제품은 시간이 지나면 머리가 아픈데 이제품은 그렇지 않아 좋네요
플립밴드 착용후 운동했는데 허리에 조이지 않고 가벼워서 좋습니다",5,1
neoj****,2020-11-02T13:21:53.352+00:00,상품선택: 러닝벨트 / 색상: 블루 / 사이즈: L,잘맞아요 편합니다.,5,1
nasu****,2020-09-21T03:32:42.964+00:00,상품선택: 러닝벨트 / 색상: 블랙 / 사이즈: S,"러닝할때 잘 사용할게요 아직 사용전이네요 ^^
이제 핸드폰 덜렁이며 안뛰어도 된다는 생각에 좋아요",5,1
hope******,2020-09-19T01:06:30.405+00:00,상품선택: 러닝벨트 / 색상: 블랙 / 사이즈: S,"다른 제품과 달리 고리가 있어서, 블투이어폰 걸고 주머니에 넣고 달리기하려고 구입했습니다.
휴대폰, 블투이어폰케이스 잘 들어가구요. 기존에 쓰던 힙색에 비해 걸리적 거리지 않아요. 심지어 가끔 하고있는 것을 잊어요. 
여자 허리사이즈 29인치인데 S했어요. 처음에는 답답한 느낌도 있어서 M으로 할걸 그랬나 했는데, 점점 늘어나는건지 허리사이즈가 줄어드는건지 편해지더라구요.",4,1
dhk9***,2020-09-30T06:08:11.131+00:00,상품선택: 러닝벨트 / 색상: 블랙 / 사이즈: M,"뛸때 팔치기를 편하게 할수있어요
차키 휴대폰 보관에 좋습니다",5,1
kymp***,2020-10-08T13:06:01.138+00:00,상품선택: 러닝벨트 / 색상: 블랙 / 사이즈: L,"자주 쓰진 않지만 한번씩 필요할때가 있더라구요.
운동나갈때 딱이예요.
통으로 되어있어 장착이 좀 불편하지만 장착후엔 걸리는거 없이 좋아요.",5,1
10****,2020-10-05T18:14:42.971+00:00,상품선택: 러닝벨트 / 색상: 블랙 / 사이즈: S,헬스장에서 폰들고 다니면 불편한데 이거는 순간 폰이 어디잇지싶을정도로 골반이나 허리에 차고 운동하면 진짜 편해요짱짱 사이즈도 기가막히게 잘맞고 입고 벗는데 전혀안불편합니다,5,1
se****,2020-10-30T15:23:32.626+00:00,상품선택: 러닝벨트 / 색상: 블랙 / 사이즈: S,운동할때 정말 편해요,5,1
ojwo***,2020-10-30T14:12:01.012+00:00,상품선택: 러닝벨트 / 색상: 블랙 / 사이즈: S,빠르고 정확한 배송,5,1
skyc*****,2020-09-14T01:17:04.278+00:00,상품선택: 러닝벨트 / 색상: 블랙 / 사이즈: S,일단 배송이 빠르고 받자마자 바로 런닝하러 나갔는데 핸드폰 안들고 뛰는거 짱임. 골반에 걸치니깐 딱이고 사실 그립톡쓰면 넣기 힘들어요 그래서 전 핸드폰 케이스 빼서 넣고 가는데 최고입니다. 내 핸드폰이 이렇게 얇은줄 몰랐음. 세탁기에 한번 돌렸는데 실밥이 좀 튀어나오지만 완전 만족,5,1
qudw*****,2020-10-28T02:47:16.858+00:00,상품선택: 러닝벨트 / 색상: 블랙 / 사이즈: M,생각보다 쫀쫀하네요!!,5,1
dbwl*****,2020-10-28T06:15:50.518+00:00,상품선택: 러닝벨트 / 색상: 블랙 / 사이즈: M,"골반에차려고 m사이즈삿어요
딱좋네요!",5,1
kb****,2020-10-28T15:42:39.825+00:00,상품선택: 러닝벨트 / 색상: 블랙 / 사이즈: M,흘러내리지 않고 편합니다.,4,1
mira*******,2020-09-24T02:04:35.650+00:00,상품선택: 러닝벨트 / 색상: 블랙 / 사이즈: S,런닝할때 정말 편합니다 고정도 잘되고 수납도 좋네요,5,1
mira*******,2020-10-29T22:53:32.801+00:00,상품선택: 러닝벨트 / 색상: 블랙 / 사이즈: S,제품 좋습니다 ㅎㅎㅎ,5,1
wooc*******,2020-08-31T23:58:42.000+00:00,상품선택: 러닝벨트 / 색상: 블랙 / 사이즈: S,"플립벨트 2 번째 사용하고 있습니다. 기존에도 스몰썻고 이번에도 스몰 삿는데 지난번보다는 천이나 이런게 부드러워진 느낌이어서 좋은데, 약간 늘어나는 느낌이 있더라구요! 뭔가 달라진게 잇는지 궁금합니다 ㅎ 만족은 하면서 쓰고 있어요 ㅎ 러너들에게는 강추 ㅎ",4,1
bj****,2020-10-21T10:50:41.698+00:00,상품선택: 러닝벨트 / 색상: 블랙 / 사이즈: M,벨트생각보다너뮤 유용함,5,1
sts0****,2020-09-04T02:07:06.000+00:00,상품선택: 러닝벨트 / 색상: 블랙 / 사이즈: S,"보통~통통 여성분까지 s쓰셔도 될듯
근데 생각보다 널널해여ㅜ
면 소재 아니어서 좋아여 땀나도 빨리마를 재질인듯
노트 10 사용하는데 케이스 빼고 넣으면 쑥 들어가요!
케이스 끼고도 무리없이 들어갑니다",5,1
only********,2020-09-22T17:18:29.734+00:00,상품선택: 러닝벨트 / 색상: 블랙 / 사이즈: L,골반 사이즈대로 샀는데 넘 크네요.. 다음엔 m사이즈로 사야겠어요,4,1
ssol***,2020-09-18T13:04:55.209+00:00,상품선택: 러닝벨트 / 색상: 블랙 / 사이즈: S,진짜 편리하네요. 아이폰 11프로 잘 들어갑니다. 골반에 걸치니 뛸 때 거슬리지 않고 좋아요.,5,1
pp****,2020-09-20T11:06:57.497+00:00,상품선택: 러닝벨트 / 색상: 블랙 / 사이즈: L,엄청 빨리 도착했습니다. 사이즈도 딱 맞아요!,5,1
yo****,2020-10-21T16:55:45.570+00:00,상품선택: 러닝벨트 / 색상: 블랙 / 사이즈: M,러닝에 이만큼 좋은게 없는 것 같습니다.,5,1
rlaf*****,2020-10-16T06:42:05.004+00:00,상품선택: 러닝벨트 / 색상: 블랙 / 사이즈: L,"편함 허리 36 L사이즈 큰거 같은데
뛰다보면 아무생각 안듬",5,1
rudg*******,2020-10-18T05:26:09.207+00:00,상품선택: 러닝벨트 / 색상: 블랙 / 사이즈: S,2개째 구매중인데 살짝 늘어나는 것 같아요 감안하시고 구매하세요,4,1
hani********,2020-09-18T07:15:07.667+00:00,상품선택: 러닝벨트 / 색상: 블랙 / 사이즈: S,"시착만 해봄 굿 노트9 쌩폰 그냥 들어가고 그립톡이랑 고무보호케이스 덮고도 잘 넣으면 들어는 감 
뛰어보고 빡치면 리뷰 올리겠음",5,1
ksi1***,2020-10-23T02:10:48.768+00:00,상품선택: 러닝벨트 / 색상: 블랙 / 사이즈: M,좋아요좋아욥 좋아뇨오,5,1
carn********,2020-09-30T03:16:29.216+00:00,상품선택: 러닝벨트 / 색상: 블랙 / 사이즈: L,배송빠르고 좋습니다,5,1
dkst*****,2020-10-20T02:21:11.446+00:00,상품선택: 러닝벨트 / 색상: 블랙 / 사이즈: M,운동할때 편해서 좋아요~,4,1
amj5***,2020-09-04T16:04:53.000+00:00,상품선택: 러닝벨트 / 색상: 블랙 / 사이즈: M,"S9정도는 적당히 들어갑니다. 그런데 오히려 부피가 작은 버즈같은 경우에는 빠지더군요... 떨어지면서 한쪽이 빠져서 잃어버리뻔 했습니다. 다행히 찾았지만... 무선이어폰같은 경우에는 꼭 케이스를 써서 벨트내의 고리에 거는 것이 안전하고, 작은 부피의 물건은 조심하셔야 해요",3,1
1989****,2020-09-11T09:44:42.961+00:00,상품선택: 러닝벨트 / 색상: 블루 / 사이즈: M,"만족합니다 색도 너무 이쁘네요
런닝할때 도움되네요",5,1
jo****,2020-10-16T04:42:13.854+00:00,상품선택: 러닝벨트 / 색상: 블랙 / 사이즈: L,잘받았습니다 감사합니다,5,1
rlag******,2020-09-29T14:55:11.188+00:00,상품선택: 러닝벨트 / 색상: 블랙 / 사이즈: S,"허리 29인데 S 딱 맞고, 아이폰 SE 잘 들어갑니다 만족!",5,1
yooj******,2020-10-09T12:37:17.788+00:00,상품선택: 러닝벨트 / 색상: 블랙 / 사이즈: S,"러닝할때 걸리적거리지 않아서 좋아요
여자는 55 or 66 사이즈 옷 입으시면 s사이즈 적당합니다^^",5,1
pola****,2020-10-18T23:22:20.651+00:00,상품선택: 러닝벨트 / 색상: 블랙 / 사이즈: M,그냥 가격 수준인것같습니다.. 걍 그래요,5,1
ha****,2020-09-21T07:49:34.314+00:00,상품선택: 러닝벨트 / 색상: 블랙 / 사이즈: M,"남자/172cm/67kg
매번 손에 핸드폰을 들고 러닝/산책 했는데, 런닝벨트 쓰니까 손이 너무 편해요. 앞뒤로 공간이 각각 있어서 핸드폰과 무선이어폰 케이스 넣고 다닙니다. 
쓰면서 핸드폰 무게때문에 러닝벨트가 많이 움직일까 걱정했는데 거의 안움직여서 착용하고 있는지도 까먹어요. 추천합니다.",5,1
blue********,2020-09-22T14:30:53.432+00:00,상품선택: 러닝벨트 / 색상: 블랙 / 사이즈: S,착용감 좋구요 편합니다. 이 구멍에 들어간다고? 싶었는데 그립톡 붙인 갤럭시S10 5G+강아지 배변봉투통 두개 넣고 강아지 산책 시키고 왔는데 정말 편하네요. 달려도 문제 없을거 같습니다.,5,1
tjdg********,2020-09-19T14:14:59.578+00:00,상품선택: 러닝벨트 / 색상: 블랙 / 사이즈: M,"운동할때 주머니에 뭐가 있는게 거슬렸는데
여기에 폰이랑 잡다한걸 넣고다니니 편하게 좋습니다",5,1
nefe*******,2020-09-06T05:57:16.946+00:00,상품선택: 러닝벨트 / 색상: 블랙 / 사이즈: M,"사이즈도 잘 맞고 암밴드보다 훨씬 편하네요
방수되는 재질은 아닌것 같아요
그래도 옷 위에 벨트 하니까 땀이 묻긴 하지만 벨트안에 휴대폰 이어폰 마스크가 젖을 정도는 아니네요",5,1
mini****,2020-10-08T11:19:50.331+00:00,상품선택: 러닝벨트 / 색상: 블랙 / 사이즈: S,괜찮네요 배송이 늦어서 좀 아쉬웠어요,5,1
chro***,2020-10-20T04:35:44.619+00:00,상품선택: 러닝벨트 / 색상: 블루 / 사이즈: M,잘 맞고 핸드폰이 잘 들어가네요,5,1
lmj2***,2020-10-09T08:52:58.815+00:00,상품선택: 러닝벨트 / 색상: 블랙 / 사이즈: M,배송도 빠르고 런닝할때 손이 가벼워서 좋아요,5,1
amj5***,2020-10-07T18:48:35.771+00:00,상품선택: 러닝벨트 / 색상: 블랙 / 사이즈: M,써보니 좋긴 한데 좀 늘어나는 느낌이 있네요 어쩔 수 없다고 생각합니더,4,1
choi****,2020-09-11T09:53:38.793+00:00,상품선택: 러닝벨트 / 색상: 블랙 / 사이즈: S,갤럭시 s7 범퍼케이스 착용한 채로도 벨트에 잘 들어갑니다. 조깅할 때 덜렁거리는 느낌이 없어서 좋아요~,5,1
dmlw******,2020-10-05T02:14:21.073+00:00,상품선택: 러닝벨트 / 색상: 블랙 / 사이즈: S,완전 편하고 좋아요 질도 좋구요,5,1
no****,2020-09-09T20:16:11.677+00:00,상품선택: 러닝벨트 / 색상: 블랙 / 사이즈: M,"생각하던 그대로에요.
하지만 착용하기 살짝 불편하다는 거랑, 수납 지퍼가 없어서 빠질 위험이 있다는 거,, 제 아이팟 케이스는 달리는 중에 벌써 한번 빠졌... 안뽀게진 게 다행이긴 한데 사방에 기스 천지 ㅠㅠ.. 제 불찰도 있기 때문에.. 암튼 이정도면 괜춘해요",4,1
dlwn*******,2020-09-08T15:13:03.770+00:00,상품선택: 러닝벨트 / 색상: 블랙 / 사이즈: S,허리 29인치 s사이즈 잘맞네요! 품질도 괜찮고 튼튼해보입니다 오래오래 잘사용하겠습니다!!,5,1
ihpa****,2020-10-16T00:03:48.546+00:00,상품선택: 러닝벨트 / 색상: 블랙 / 사이즈: L,아주 마음에 듭니다.,5,1
happ*******,2020-10-12T02:38:26.181+00:00,상품선택: 러닝벨트 / 색상: 블루 / 사이즈: S,핸드폰이 안빠져서 너무 좋아요!,5,1
smil*****,2020-09-23T05:06:20.903+00:00,상품선택: 러닝벨트 / 색상: 블랙 / 사이즈: M,아직 차보진 않았지만 기대되어요,5,1
ljms***,2020-10-12T11:25:39.026+00:00,상품선택: 러닝벨트 / 색상: 블랙 / 사이즈: M,"런닝할때 무지좋음
노트10플러스도 잘 어감",5,1
leti*****,2020-09-18T11:34:02.615+00:00,상품선택: 러닝벨트 / 색상: 블랙 / 사이즈: M,허리 32인데 남자고요 m이 잘 맞습니다,5,1
kell*****,2020-09-18T02:42:10.718+00:00,상품선택: 러닝벨트 / 색상: 블랙 / 사이즈: L,오 생각보다 카드나 핸드폰이 안빠져나와여????,4,1
mari***,2020-09-23T12:29:23.241+00:00,상품선택: 러닝벨트 / 색상: 블랙 / 사이즈: S,실용도가 엄청 뛰어납니다,5,1
ohse*******,2020-09-24T09:16:31.248+00:00,상품선택: 러닝벨트 / 색상: 블랙 / 사이즈: S,무난하고 좋습니다~~~,5,1
ssto****,2020-09-11T14:11:04.260+00:00,상품선택: 러닝벨트 / 색상: 블랙 / 사이즈: M,"허리 30 m사이즈 약간 여유 있네요. 
골반에 걸치면 딱 맞습니다.",5,1
pbl0***,2020-09-25T07:26:06.883+00:00,상품선택: 러닝벨트 / 색상: 블랙 / 사이즈: S,"핸드폰이 빠질듯 빠지지 않네요~ 
좋아요~~ 운동할때 항상 폰을 어디에 두어야 할지 고민이였는데 좋습니다.",4,1
gg****,2020-10-13T00:28:15.083+00:00,상품선택: 러닝벨트 / 색상: 블랙 / 사이즈: S,폰이 흔들리거나 빠지지 않아요.,5,1
dkst*****,2020-09-20T07:17:57.684+00:00,상품선택: 러닝벨트 / 색상: 블랙 / 사이즈: M,착용하고 뛰니 좋으네요,4,1
mira*******,2020-09-19T12:56:20.052+00:00,상품선택: 러닝벨트 / 색상: 블랙 / 사이즈: S,배송 빠르고 제품 괜찮네요,4,1
snoo****,2020-10-08T07:54:35.323+00:00,상품선택: 러닝벨트 / 색상: 블루 / 사이즈: M,짱 좋아요. 달리기 10km 추파!,5,1
euns****,2020-09-20T03:23:13.563+00:00,상품선택: 러닝벨트 / 색상: 블랙 / 사이즈: M,눈에 보이니까 들고 나가게 된달까..,5,1
sat3***,2020-10-13T01:57:05.079+00:00,상품선택: 러닝벨트 / 색상: 블랙 / 사이즈: L,그럭저럭 쓸만합니다.,4,1
pika******,2020-09-23T01:00:15.242+00:00,상품선택: 러닝벨트 / 색상: 블랙 / 사이즈: M,구멍을 닫을 수 있으면 좋은데 그렇지 않아서 아쉽습니다. 뭔가를 바지에 넣고 뛰면 바지가 조금 내려가는데 여기에 넣고 쓰면 안 그래서 좋네요.,4,1
zkfm*******,2020-10-03T01:28:42.672+00:00,상품선택: 러닝벨트 / 색상: 형광 / 사이즈: M,주문할떄 사이즈 감이 잘 안와서 걱정했는데 잘맞는것 같습니다 :),4,1
thdc******,2020-09-17T06:33:55.901+00:00,상품선택: 러닝벨트 / 색상: 블랙 / 사이즈: S,바지 28정도 입는데 S사이즈 딱맞아요,5,1
dmlw******,2020-09-25T12:02:22.446+00:00,상품선택: 러닝벨트 / 색상: 블랙 / 사이즈: M,쫀쫀하고 좋네요 핸드폰 큰 것도 잘 들어가구여 운동할 때 편할 것 같아요 배송도 빨라요,5,1
jams*******,2020-09-11T03:05:37.186+00:00,상품선택: 러닝벨트 / 색상: 블랙 / 사이즈: M,사이즈도 알맞고 착용하면 편합니다. 추천합니다.,5,1
love*******,2020-09-24T01:48:41.907+00:00,상품선택: 러닝벨트 / 색상: 블랙 / 사이즈: S,핸드폰 넣고 뛰어봤는데 흔들리는 느낌 없이 좋네요. 만족합니다.,5,1
theo*******,2020-09-13T21:31:27.393+00:00,상품선택: 러닝벨트 / 색상: 블랙 / 사이즈: S,170/60kg S주문했는데 살짝 타이트한 느낌이 안정감있고좋아요,5,1
yeye****,2020-09-08T14:21:01.691+00:00,상품선택: 러닝벨트 / 색상: 블랙 / 사이즈: S,배송 엄청 빠르네요! 러닝항 때 딱일 듯 합니다,5,1
fjqd*****,2020-09-22T03:35:51.890+00:00,상품선택: 러닝벨트 / 색상: 블랙 / 사이즈: S,"러닝할때 손에 핸드폰을 뛰지않아서 너무 좋고, 무게가 왼쪽 혹은 오른쪽으로 쏠리지 않은 이점도 있구용 
운동하시는 분들, 특히 러닝하시는 분들께 강추 드립니다",5,1
dkff*****,2020-09-08T10:50:30.937+00:00,상품선택: 러닝벨트 / 색상: 블랙 / 사이즈: S,생각보다 꽉 조이진 않고 적당하고 좋아요 유용하게 잘 쓸듯!,5,1
haze*****,2020-09-21T14:19:30.637+00:00,상품선택: 러닝벨트 / 색상: 블랙 / 사이즈: S,27-28입는데 딱 좋아요,5,1
hdae****,2020-10-11T07:09:57.118+00:00,상품선택: 러닝벨트 / 색상: 블랙 / 사이즈: M,깨끗하고 너무너무 편리해요,5,1
whit****,2020-09-09T22:26:32.097+00:00,상품선택: 러닝벨트 / 색상: 블랙 / 사이즈: S,"착용감도 좋고 달릴때 고정이 잘됩니다
최고의상품!!!!",5,1
zer0****,2020-10-01T14:26:52.042+00:00,상품선택: 러닝벨트 / 색상: 블랙 / 사이즈: L,가볍게 뛰는데 핸드폰에 케이스를 끼고 넣으면 딱히 빠지진 않는것 같아요,4,1
atum****,2020-10-08T11:46:32.342+00:00,상품선택: 러닝벨트 / 색상: 블랙 / 사이즈: S,운동할 때 딱 좋아요~,4,1
kkkk***,2020-09-12T13:09:00.503+00:00,상품선택: 러닝벨트 / 색상: 블랙 / 사이즈: M,허리에 찼는데 너무가볍고 덜렁거리지 않아서 신기했어요,5,1
lee0****,2020-09-23T08:13:54.467+00:00,,딱 맞고 좋아요 아이폰xs max쓰는데 케이스 끼웠는데도 잘 들어가네요 추천합니다~,5,1
qo****,2020-10-06T05:56:56.510+00:00,상품선택: 러닝벨트 / 색상: 블랙 / 사이즈: S,편하고 좋습니다. 굳굳,4,1
yohh*****,2020-09-18T08:01:46.896+00:00,상품선택: 러닝벨트 / 색상: 블랙 / 사이즈: M,잘 사용하겠습니다.,4,1
naeg********,2020-10-02T07:12:34.251+00:00,상품선택: 러닝벨트 / 색상: 블랙 / 사이즈: M,짱짱하고 생각보다 잘 안 늘어나요.,5,1
miss********,2020-09-25T05:26:46.749+00:00,상품선택: 러닝벨트 / 색상: 블랙 / 사이즈: S,잘 받았어요 배송 빠르고 굿,5,1
kimm*****,2020-08-31T04:49:35.000+00:00,상품선택: 러닝벨트 / 색상: 블랙 / 사이즈: L,"배송 빠르고 좋아요!
운동할 때 잘 쓰고 있어요",5,1
sest*****,2020-09-10T13:06:13.710+00:00,상품선택: 러닝벨트 / 색상: 블루 / 사이즈: S,뛰면 핸드폰 많이 안느껴지고 좋아요!!,5,1
whit****,2020-09-09T22:27:26.388+00:00,상품선택: 러닝벨트 / 색상: 블랙 / 사이즈: M,달릴때 고정이 잘되어서 너무 좋네요!!!,5,1
mans****,2020-09-11T12:58:56.504+00:00,상품선택: 러닝벨트 / 색상: 블랙 / 사이즈: M,"근양근양...
생각보단...
칸이 안나눠졌다는게 좀...",1,1
xxxq******,2020-08-28T10:29:25.000+00:00,상품선택: 러닝벨트 / 색상: 블랙 / 사이즈: S,가격대비 괜찮습니다. 다만 안쪽 면이 방수은 아니라서 달리다가 땀나면 빨아야되여,4,1
heal********,2020-09-07T04:40:09.106+00:00,상품선택: 러닝벨트 / 색상: 형광 / 사이즈: M,"배송이 너무 지연되어서 4일만에 받아봤습니다.
그 외 기능은 좋습니다.
세탁 후 마르는데 시간이 오래걸려서 하나 더 추가로 구매했습니다.",4,1
dhkd****,2020-09-30T12:01:03.726+00:00,상품선택: 러닝벨트 / 색상: 블랙 / 사이즈: M,몸에 착 감겨요 잘 쓸기요,5,1
cc****,2020-09-10T08:01:04.912+00:00,상품선택: 러닝벨트 / 색상: 블랙 / 사이즈: S,보기에도 좋고 기능에도 좋습니다,4,1
sr****,2020-09-09T02:59:42.766+00:00,상품선택: 러닝벨트 / 색상: 블랙 / 사이즈: S,"뛸때골반에 딱 하구 사용하면 흔들림없구 편해요!
휴대폰이 좀 큰편인데 들어가구 튀어나오지않아서 만족합니다",5,1
inse****,2020-09-08T14:33:52.615+00:00,상품선택: 러닝벨트 / 색상: 블랙 / 사이즈: M,아주만족스럽네요좋아툐,5,1
kb****,2020-09-30T03:45:32.243+00:00,상품선택: 러닝벨트 / 색상: 블랙 / 사이즈: M,흔들림 없고 좋습니다,5,1
riri*****,2020-09-05T11:20:31.000+00:00,상품선택: 러닝벨트 / 색상: 블랙 / 사이즈: L,항상 폰을 손에 들고 운동하다가 써봤는데 정말 편합니다.,4,1
cool*****,2020-10-01T13:07:14.537+00:00,상품선택: 러닝벨트 / 색상: 블랙 / 사이즈: M,노트10 케이스 없으면 들어가요,3,1
kolu****,2020-09-04T03:01:44.000+00:00,상품선택: 러닝벨트 / 색상: 블랙 / 사이즈: S,진짜 편하게 운동할수 있네요 뛰어도 흔들림 없네요 평소 라지 사이즈인데 골반에 걸치기 딱입니다,5,1
sest*****,2020-09-10T13:06:54.788+00:00,상품선택: 러닝벨트 / 색상: 블랙 / 사이즈: S,뛸때 손이 자유로워졌어요!,5,1
rkaw******,2020-09-24T16:32:29.193+00:00,상품선택: 러닝벨트 / 색상: 블랙 / 사이즈: S,몇번 못 쓰고 산지 얼마 안되서 잃어버렸어요 ㅜㅜ,4,1
usop****,2020-09-08T10:34:23.208+00:00,상품선택: 러닝벨트 / 색상: 블랙 / 사이즈: M,런닝은 처음이지만 잘 달려볼게요!,5,1
jij6***,2020-08-30T06:20:45.000+00:00,상품선택: 러닝벨트 / 색상: 블랙 / 사이즈: L,폰 때문에 손에 땀 났는데 사이즈도 잘 맞고 간편하고 좋아요,5,1
brit****,2020-09-09T07:51:38.441+00:00,상품선택: 러닝벨트 / 색상: 블랙 / 사이즈: S,"불편한 암밴드여 안녕! 왜 진작 이걸 안 썼는지.
여름엔 땀이 많이 나서 축축해지는데 빨고 말리기 편한 소재라 괜찮아요.",4,1
gmrr*****,2020-09-23T04:42:20.576+00:00,상품선택: 러닝벨트 / 색상: 블랙 / 사이즈: M,걸리벅 거리진 않을까 걱정했는데 편하메요,5,1
tort***,2020-09-11T06:38:04.907+00:00,상품선택: 러닝벨트 / 색상: 블랙 / 사이즈: L,마라톤하려고 구매.,4,1
este****,2020-09-03T05:21:16.000+00:00,상품선택: 러닝벨트 / 색상: 블랙 / 사이즈: S,부들부들하고 물품도 잘 들어가고 좋아요,5,1
kimm*****,2020-08-31T04:51:46.000+00:00,상품선택: 러닝벨트 / 색상: 블랙 / 사이즈: S,"배송 빨라요!
운동할 때 좋아요",5,1
jaem*****,2020-08-22T04:38:43.000+00:00,상품선택: 러닝벨트 / 색상: 블랙 / 사이즈: S,제가 2년 넘게 쓰고 있거든요?? 짱짱합니다 실밥만 좀 나왔지 진짜 좋은듯요 그래서 여자친구 하나 사줬는데 운동하고 싶답니다  ~.~ㅎㅎ,5,1
happ**********,2020-09-10T11:26:44.574+00:00,상품선택: 러닝벨트 / 색상: 블랙 / 사이즈: S,"쫀쫀해서 핸드폰이 몸에 밀착됩니다.
달리거나 걸을 때 전혀 불편하지 않습니다,
저렴한 가격에 잘 구매하였습니다.",5,1
sest*****,2020-09-10T13:07:23.219+00:00,상품선택: 러닝벨트 / 색상: 블랙 / 사이즈: M,손이 자유로워졌어용!!,5,1
zzan********,2020-08-12T07:03:52.000+00:00,상품선택: 러닝벨트 / 색상: 블랙 / 사이즈: M,시착해보니 좋아요 바지30사이즈 입는데 딱맞긴하고 더 작은 사이즈는 어떤지 궁금하네요. 좋으면 s사이즈도 구매해볼 예정입니다. 택배는 이틀만에왔네요.,4,1
kali******,2020-08-30T03:18:16.000+00:00,상품선택: 러닝벨트 / 색상: 블랙 / 사이즈: M,가격도 저렴하고 품질도 나름 좋은 것 같아요 잘 쓸께요,5,1
k687***,2020-09-16T12:52:30.167+00:00,상품선택: 러닝벨트 / 색상: 블랙 / 사이즈: M,"오늘받아서 아직 사용전이지만 주문하면서 안들어가면 어쩌나 했는데...
노트 20 지갑형 케이스장착도 잘들어갑니다.",5,1
jins*****,2020-09-28T16:18:09.619+00:00,상품선택: 러닝벨트 / 색상: 블랙 / 사이즈: S,편하고 고정 잘 되네요,5,1
vbvb***,2020-09-23T01:31:46.963+00:00,상품선택: 러닝벨트 / 색상: 블랙 / 사이즈: S,사이즈 딱맞고 좋아요,5,1
sm****,2020-08-17T06:57:18.000+00:00,상품선택: 러닝벨트 / 색상: 블루 / 사이즈: S,"몸의 균형을 위해 암밴드말고 찾다가 샀어요. 그동안 손에들고 다니다가..
갤노트20울트라인데 넣기 케이스 벗기고 넣어야 잘 들어가요. 표준몸무게는 s추천합니다.",5,1
15yh*****,2020-09-23T02:10:14.317+00:00,상품선택: 러닝벨트 / 색상: 블랙 / 사이즈: M,빠른배송 감사합니다,4,6
zmfl*******,2020-09-23T15:35:29.086+00:00,상품선택: 러닝벨트 / 색상: 블랙 / 사이즈: S,런닝할때 안흔들려서좋아요,5,1
nary****,2020-09-03T03:14:10.000+00:00,상품선택: 러닝벨트 / 색상: 블랙 / 사이즈: L,고도비만이라 작을까봐 걱정했는데 좋네요 테스트삼아 하루종일 착용하고있었는데 엄청 편안하고 좋았어요 만족 합니다 강추 허리말고 크로스로 착용해도 될듯합니다,5,1
cham***,2020-08-25T17:41:15.000+00:00,상품선택: 러닝벨트 / 색상: 블랙 / 사이즈: S,"런닝용으로 구매했습니다. 

마른허리 가지신 남자분이라면 s도 충분합니다~!",5,1
gusd*****,2020-09-19T14:56:32.650+00:00,상품선택: 러닝벨트 / 색상: 블랙 / 사이즈: L,조깅할때나 신책할때 좋을듯 75키로 바지 34인치입는데 안끼구 딱입니다,5,1
joaj******,2020-09-06T08:32:05.357+00:00,상품선택: 러닝벨트 / 색상: 형광 / 사이즈: L,배가 튀어나온 저로서는 앞은 파묻히네여 ㅠㅠㅠ 하지만 갤럭시노트9도 들어가서 달리면서 차키랑 폰 넣기.정말 좋음,5,1
blus****,2020-09-02T04:09:47.000+00:00,상품선택: 러닝벨트 / 색상: 블랙 / 사이즈: M,깔끔하고 착용도 편하네요,5,1
jumd*******,2020-08-22T10:10:57.000+00:00,상품선택: 러닝벨트 / 색상: 블랙 / 사이즈: M,제 허리가 32인데 꽉낑기지도 헐렁하지도 않고 딱 좋네요. 노트10쓰는데 무리없이 잘 들어갑니다.,5,1
toxi*******,2020-08-27T03:59:51.000+00:00,상품선택: 러닝벨트 / 색상: 블랙 / 사이즈: S,잘 안빠지고 ㅎㅎㅎ괜찮네요ㅎㅎ배송도 ㅎㅎㅎ빨랐어요 ㅎㅎㅎ,5,1
wodu*****,2020-09-24T03:11:26.323+00:00,상품선택: 러닝벨트 / 색상: 블랙 / 사이즈: M,운동할때 쓰기 좋아요 ㅎㅎ,5,1
sky4****,2020-08-15T16:39:53.000+00:00,상품선택: 러닝벨트 / 색상: 블랙 / 사이즈: M,운동시 핸드폰 넣고 뛰기 너무 좋아요. 디자인도 나쁘지 않고 잘 사용하고 있습니다.,5,1
hhm1***,2020-08-30T04:21:49.000+00:00,상품선택: 러닝벨트 / 색상: 블랙 / 사이즈: M,배송도빠르고 상품도 너무 좋습니다.,5,1
ihan******,2020-09-13T13:58:26.843+00:00,상품선택: 러닝벨트 / 색상: 블랙 / 사이즈: S,"1. 빠른 배송
2. S구입했는데 사이즈 적당
3. 핸드폰들어가서 손이 자유로움",5,1
hoon*****,2020-09-09T01:19:49.882+00:00,상품선택: 러닝벨트 / 색상: 블랙 / 사이즈: L,"생각보다 탄력이 약하네요
M 사이즈도 꽤 그네요
여성분 마른 남자는 S 추천합니다",3,1
ag****,2020-09-01T17:11:52.000+00:00,상품선택: 러닝벨트 / 색상: 블랙 / 사이즈: M,재구매입니다~ 너무 좋네요~,5,1
luxu****,2020-09-02T09:54:54.000+00:00,상품선택: 러닝벨트 / 색상: 블랙 / 사이즈: S,마른 여성분들은 s사이즈 조금 여유있어 뛰다가 흘러내릴 수도 있을 것 같아요 하지만 편하고 자주 사용할 것 같아요 !,5,1
hall***,2020-09-01T09:19:05.000+00:00,상품선택: 러닝벨트 / 색상: 블랙 / 사이즈: M,우선 써보고 한달후기 남길게요,5,1
khw4***,2020-09-17T06:28:09.145+00:00,상품선택: 러닝벨트 / 색상: 블랙 / 사이즈: S,덜렁거리지 않고 사용하기 편하고 좋네요,5,1
ifie***,2020-09-16T11:41:39.079+00:00,상품선택: 러닝벨트 / 색상: 블랙 / 사이즈: S,사용전이에요 사용해보고 다시 적을게요~,4,1
hn****,2020-09-16T01:51:21.464+00:00,상품선택: 러닝벨트 / 색상: 블랙 / 사이즈: M,요거 진짜 물건이네요.  달릴때 너무 편해요,5,1
new3***,2020-09-15T02:42:39.666+00:00,상품선택: 러닝벨트 / 색상: 블랙 / 사이즈: S,러닝 할때 핸드폰 들고 뛰지 않게 된게 너무 좋아요,5,1
kjw9******,2020-08-27T15:04:10.000+00:00,상품선택: 러닝벨트 / 색상: 블랙 / 사이즈: M,뛸 때 핸드폰 보관하려고 샀는데 좋아요,4,1
para******,2020-08-21T02:09:14.000+00:00,상품선택: 러닝벨트 / 색상: 블랙 / 사이즈: M,허리 31인치인데 m사이즈 맞네요. 핸드폰 넣고 뛰기 좋습니다.,5,1
pia1*****,2020-09-04T10:42:44.000+00:00,상품선택: 러닝벨트 / 색상: 블루 / 사이즈: L,"기대치 보단 그저 그렇습니다.
그리고 헤어밴드는 아주 조잡 합니다.폭이 약13미리 정도로 땀이 많이나면 흘러 넘치게 생겼습니다.",2,1
sung****,2020-09-19T23:47:29.816+00:00,상품선택: 러닝벨트 / 색상: 블랙 / 사이즈: M,배송이 빠르고 좋습니다.,5,1
the1*****,2020-09-19T00:41:01.262+00:00,상품선택: 러닝벨트 / 색상: 블랙 / 사이즈: M,단단히 고정돼서 좋아요,5,1
riot********,2020-09-13T05:53:08.864+00:00,상품선택: 러닝벨트 / 색상: 형광 / 사이즈: M,형광색도 이쁘네요 가시성도 좋고,5,1
jsy2***,2020-07-21T04:50:36.000+00:00,상품선택: 러닝벨트 / 색상: 블랙 / 사이즈: S,"s , 제 사이즈는 27인데 골반에 걸쳤는데 그렇게 짱짱하진 않았어요. 그래도 물건도 나름 잘 들어가고 노트10 잘 들어가네요. 고리 잇어서 차키 안 빠져서 좋았어요. 신기하게 네방향 다 수납이 되서 좋습니더 네방향 다 수납할것같진않지만
 고리가 하나 더 잇엇음 뮤선이어폰도 넣을텐데 그냥 무선이어폰은 케이스 없이 귀에서 안 빼고 달려요. 골반보다 약간 아랜가? 싶을 쯤 살짝 내려입으면 뛰어도 위로 안올라와요. 굳",4,1
wy****,2020-09-18T02:27:02.708+00:00,상품선택: 러닝벨트 / 색상: 블랙 / 사이즈: L,배송도 빠르고 만족합니다,5,1
hans****,2020-09-17T06:28:36.817+00:00,상품선택: 러닝벨트 / 색상: 블랙 / 사이즈: M,뛰는데 걸림없어 너무 좋아요,5,1
simb*****,2020-09-16T02:10:35.748+00:00,상품선택: 러닝벨트 / 색상: 블랙 / 사이즈: M,빠른 배송 감사합니다,5,1
ry****,2020-09-12T07:21:59.554+00:00,상품선택: 러닝벨트 / 색상: 블랙 / 사이즈: S,주머니에 폰 넣고다니다 이 제품사용하니 편하고좋네요~~,5,1
aegi*****,2020-08-28T03:50:08.000+00:00,상품선택: 러닝벨트 / 색상: 블랙 / 사이즈: M,달릴 때 편하고 좋네요,5,1
fjqd*****,2020-08-21T03:52:22.000+00:00,상품선택: 러닝벨트 / 색상: 블랙 / 사이즈: S,운동할때 한결 편해요!! 잘 쓰겠습니다??,5,1
tene***,2020-09-06T07:06:20.644+00:00,상품선택: 러닝벨트 / 색상: 블랙 / 사이즈: L,좋아요. 편리하고 유용하게 쓰고있습니다,5,1
onet*****,2020-09-20T06:51:10.156+00:00,상품선택: 러닝벨트 / 색상: 블랙 / 사이즈: M,러닝이 편해 집니다,5,1
ranc*****,2020-08-25T04:15:38.000+00:00,상품선택: 러닝벨트 / 색상: 블랙 / 사이즈: S,편리합니다만 착용감이 기대보다는...,3,1
geun******,2020-09-13T23:23:49.797+00:00,상품선택: 러닝벨트 / 색상: 블랙 / 사이즈: S,노트핸드폰 쓰는데 조금 작아요ㅠ,3,1
jury***,2020-08-23T03:20:10.000+00:00,상품선택: 러닝벨트 / 색상: 블랙 / 사이즈: M,아주 편리해요! 잘썼습니다.,5,1
khy8***,2020-09-08T01:05:54.266+00:00,상품선택: 러닝벨트 / 색상: 블랙 / 사이즈: S,핸드폰 들고 뛰는게 너무 불편해서 구입했는데 흘러내리지도 않고 정말 편해요,5,1
su****,2020-09-08T05:50:23.382+00:00,상품선택: 러닝벨트 / 색상: 블랙 / 사이즈: M,"배송도 빨랐고
런닝할때 양손 가볍게 달릴 수 있어서 좋습니다^^",5,1
ljms***,2020-09-11T01:33:09.396+00:00,상품선택: 러닝벨트 / 색상: 블랙 / 사이즈: M,노트10플스도 잘들어가고 런닝할때 좋아요,5,1
didh*****,2020-08-24T09:49:13.000+00:00,상품선택: 러닝벨트 / 색상: 블랙 / 사이즈: S,운동하면서 쓰기 좋아요.,4,2
didh*****,2020-08-24T09:48:26.000+00:00,상품선택: 러닝벨트 / 색상: 블랙 / 사이즈: M,운동하면서 쓰기 좋아요.,4,1
ranc*****,2020-08-25T04:17:43.000+00:00,상품선택: 러닝벨트 / 색상: 블랙 / 사이즈: M,키 고리가 있어서 좋아요~~~,3,1
jslo****,2020-08-25T02:02:00.000+00:00,상품선택: 러닝벨트 / 색상: 블랙 / 사이즈: M,"대만족...노트10이구요 케이스에 그립톡 붙어있는데
잘들어가네요 골반에 딱 걸치니까 진짜 편해요
배송도 총알배송",5,1
su****,2020-09-08T05:49:14.658+00:00,상품선택: 러닝벨트 / 색상: 블랙 / 사이즈: S,"허리에 딱 맞고
소지품이 흔들거리지 않아서 좋아요~",5,1
winn******,2020-09-03T23:26:11.000+00:00,상품선택: 러닝벨트 / 색상: 블랙 / 사이즈: M,제품 좋아요 배송도 빠릅니다,5,1
10****,2020-08-28T07:34:29.000+00:00,상품선택: 러닝벨트 / 색상: 블랙 / 사이즈: S,"받아서 꺼내볼때는 왜케작아 그랫는데 착용해보니까 
딱이예욤 m사이즈샀으면 컷을뻔했어여 운동할때 폰이너무무거웠는데 이건 신세계네유 ㅋ",5,1
anne***,2020-08-20T22:50:22.000+00:00,상품선택: 러닝벨트 / 색상: 블랙 / 사이즈: M,운동할 때 핸드폰이 늘 고민이었는데 이제 고민 끝이네요,5,1
love****,2020-09-13T06:42:14.103+00:00,상품선택: 러닝벨트 / 색상: 블랙 / 사이즈: S,배송빠르고  좋아요,5,1
whrb******,2020-08-24T04:31:56.000+00:00,상품선택: 러닝벨트 / 색상: 블랙 / 사이즈: S,사이즈가 딱 맞고 편해요!! :),5,1
pwan*****,2020-08-13T16:45:28.000+00:00,상품선택: 러닝벨트 / 색상: 형광 / 사이즈: S,"오 너무 편하고 좋아요 신세계에요 암밴드보다
나아요!!!!",5,1
lish******,2020-08-20T08:21:51.000+00:00,상품선택: 러닝벨트 / 색상: 블랙 / 사이즈: M,아직 사용전이지만 괜찮아 보여요.,4,1
crin***,2020-08-30T02:37:07.000+00:00,상품선택: 러닝벨트 / 색상: 블랙 / 사이즈: M,"달리기하거나 걸을때 편해요
사이즈는 m이 커서 s가 더 좋을것같아요
물건이 떨어질까봐 불안했는데 아직까지 잘 넣고 다녀요",4,1
stev*****,2020-08-23T15:12:29.000+00:00,상품선택: 러닝벨트 / 색상: 블랙 / 사이즈: S,쫀쫀하니 좋아요 ㅎ,5,1
stev*****,2020-08-23T15:11:45.000+00:00,상품선택: 러닝벨트 / 색상: 블랙 / 사이즈: M,쫀쫀하니좋습니다 180에 76인데 M 좋네요,5,1
yang****,2020-09-06T03:22:47.555+00:00,상품선택: 러닝벨트 / 색상: 블루 / 사이즈: S,운동할때 소지품 보관하기 편하고 좋아요,5,1
anso****,2020-09-12T10:18:48.147+00:00,상품선택: 러닝벨트 / 색상: 블랙 / 사이즈: S,흘러내리지않고 편해요,5,1
shgm*******,2020-09-08T06:02:25.107+00:00,상품선택: 러닝벨트 / 색상: 블랙 / 사이즈: S,배송도 빠르고 만족스러워요,5,1
xoxo******,2020-08-24T01:58:22.000+00:00,상품선택: 러닝벨트 / 색상: 블랙 / 사이즈: S,"일단 손이 가벼워서 너무 좋고요, 
그리고 핸드폰을 꺼냈다 넣기에도 편리 합니다. 
안쪽에 열쇠고리 거는 것도 있어서 너무 좋은 듯 해요!",5,1
gsjj*******,2020-08-19T16:03:54.000+00:00,상품선택: 러닝벨트 / 색상: 블랙 / 사이즈: S,편해요 위 m 아래 s에요,5,1
coud******,2020-09-04T01:52:52.000+00:00,상품선택: 러닝벨트 / 색상: 블랙 / 사이즈: M,쫀쫀해서 러닝뛸때 핸드폰 빠질 걱정 안해도 될듯,5,1
wjdd******,2020-09-08T01:15:53.351+00:00,상품선택: 러닝벨트 / 색상: 블랙 / 사이즈: M,달랑거리는거 하나도 없어엉 딱 붙어있음,5,1
pika******,2020-08-09T14:14:18.000+00:00,상품선택: 러닝벨트 / 색상: 블랙 / 사이즈: M,"배송도 빠르고 제품도 기대한대로 입니다.
키는 172, 몸무게 68인데
m사이즈 딱 적당하네요",5,1
hyun********,2020-08-10T23:16:04.000+00:00,상품선택: 러닝벨트 / 색상: 블랙 / 사이즈: M,"비가와서 뛰질 못해 사용 못하고있지만 정말 편합니다!!!
7월 누적100km달성!",5,1
star******,2020-09-04T04:45:19.000+00:00,상품선택: 러닝벨트 / 색상: 블랙 / 사이즈: M,짱짱하고 좋아요 강추합니다,5,1
hoon*****,2020-09-09T01:20:38.412+00:00,상품선택: 러닝벨트 / 색상: 블랙 / 사이즈: M,탄력이 약한점이 아쉽네요,3,1
ekth***********,2020-09-07T11:00:35.545+00:00,상품선택: 러닝벨트 / 색상: 블랙 / 사이즈: L,운동 나갈때 너무 좋아요,5,1
66ye***,2020-08-06T06:26:33.000+00:00,상품선택: 러닝벨트 / 색상: 블랙 / 사이즈: M,매일 장마라 아직 실제 착용하고 달려보진 못했지만 아이폰XS 틴케이스 끼우고 흉하지 않게 적당히 조이고 헐겁지도 않아요.,4,1
sps0***,2020-09-07T00:58:38.026+00:00,상품선택: 러닝벨트 / 색상: 블랙 / 사이즈: M,게안네게안아 괜ㅊ나항요 좋아욤 좋네좋아요,5,1
ps****,2020-09-05T01:02:45.000+00:00,상품선택: 러닝벨트 / 색상: 블랙 / 사이즈: S,맘에드네요 운동할때 써야징,5,1
tmf1***,2020-09-04T14:51:05.000+00:00,상품선택: 러닝벨트 / 색상: 블루 / 사이즈: S,배송도 빠르고 상품이 좋았어요,5,1
gsjj*******,2020-08-19T16:03:24.000+00:00,상품선택: 러닝벨트 / 색상: 블랙 / 사이즈: M,편해요 굿 위에거 m 아래거 s에요,5,1
imag****,2020-09-08T13:21:03.497+00:00,상품선택: 러닝벨트 / 색상: 블랙 / 사이즈: S,빠른배송 좋은제품 ~~^^,5,1
time***,2020-07-17T04:30:47.000+00:00,상품선택: 러닝벨트 / 색상: 블랙 / 사이즈: S,"암밴드용 사려다가 구매했어요.
지퍼가 있는게 아니었군요.ㅎㅎ
상세 설명이 약간 부족했는데 운동 나갈때 허리에 차면 손이 자유로와요. 다만 아이폰 같은 경우 케이스(실리콘)씌우면 넣고 빼는게 약간 불편해서 케이스 분리 후 넣어 다녀요. 차키나 카드도 적당히 수납 되어 좋아요.",5,1
mhd6***,2020-08-21T00:37:33.000+00:00,상품선택: 러닝벨트 / 색상: 블랙 / 사이즈: M,"전에 사용하던것 보다 조금 커졌는지
물건들이 더 잘 들락날락하네요.
아주 만족합니다.",5,1
ferm*****,2020-08-30T11:26:50.000+00:00,상품선택: 러닝벨트 / 색상: 블랙 / 사이즈: M,만족합니다. 안흘러내려요,5,1
tmf1***,2020-09-04T14:50:47.000+00:00,상품선택: 러닝벨트 / 색상: 블랙 / 사이즈: S,배송도 빠르고 상품도 좋았어요,5,1
paa2***,2020-08-29T16:10:51.000+00:00,상품선택: 러닝벨트 / 색상: 블랙 / 사이즈: M,아주조아요배송빨라요,5,1
heal********,2020-08-25T01:44:21.000+00:00,상품선택: 러닝벨트 / 색상: 블랙 / 사이즈: M,"갤s10 쓰는데 케이스 끼운 상태에서도 잘 들어가네요
런닝할때 아주 유용합니다.",5,1
mons*******,2020-08-24T09:51:12.000+00:00,상품선택: 러닝벨트 / 색상: 블랙 / 사이즈: M,런닝할 때 자주 쓸 것 같아요. 사이즈도 맞네요.,5,1
gudw*****,2020-08-21T03:53:39.000+00:00,상품선택: 러닝벨트 / 색상: 블랙 / 사이즈: L,"배송 정말 빠르고 상품도 좋아요
생각하는 사이즈보다 하나 낮혀서 주문하면 좋을것같아요",5,1
stev******,2020-09-29T02:48:06.125+00:00,상품선택: 러닝벨트 / 색상: 블랙 / 사이즈: L,아주아주아주아주좋습니다ㅓ,5,1
oran******,2020-08-27T06:19:38.000+00:00,상품선택: 러닝벨트 / 색상: 블랙 / 사이즈: S,배송이 굉장히 빨랐고 아직 안써봣지만 유용할것 같아요!,5,1
ph****,2020-08-23T00:07:36.000+00:00,상품선택: 러닝벨트 / 색상: 블랙 / 사이즈: S,러닝벨트 없이 이재 운동 못할것같아요. 만족합니다,5,1
fggi****,2020-08-29T01:36:10.000+00:00,상품선택: 러닝벨트 / 색상: 블랙 / 사이즈: M,두번째 사는데 너무 맘에 듭니다 추천해요,5,1
hyeo*******,2020-07-29T01:51:27.000+00:00,상품선택: 러닝벨트 / 색상: 블랙 / 사이즈: L,"키 180인데 L 주문했어요
근ㄷ 살짝 헐렁한 느낌이더라구요
그래서 골반에 걸쳐서 햇어요
빠른걸음/느린뜀했는데 흘러내리진않네요!",4,1
jumo****,2020-08-30T01:57:40.000+00:00,,뛸때 물건 수납용으로 정말 좋네요,5,1
dest********,2020-08-16T17:35:40.000+00:00,상품선택: 러닝벨트 / 색상: 블랙 / 사이즈: M,편하고 좋아요 허리가 제품 사이즈의 경계라면 하나 작은 사이즈도 괜찮을거 같네요,5,1
re****,2020-08-30T05:29:17.000+00:00,상품선택: 러닝벨트 / 색상: 블랙 / 사이즈: S,"두번정도 사용했는데 , 두손이 편안해져서 좋네요.",4,1
izzy****,2020-08-22T04:03:19.000+00:00,상품선택: 러닝벨트 / 색상: 블랙 / 사이즈: M,배송도 빠로고 감사합니다. 잘 쓸께요.,5,1
vo****,2020-08-27T14:19:11.000+00:00,상품선택: 러닝벨트 / 색상: 블랙 / 사이즈: S,케이스 낀 핸드폰 도 잘들어가고 좋아요,5,1
yana*******,2020-09-01T01:43:55.000+00:00,상품선택: 러닝벨트 / 색상: 블랙 / 사이즈: L,유용하게 잘 사용하고 있습니다.,5,1
bjh0***,2020-08-19T05:47:03.000+00:00,상품선택: 러닝벨트 / 색상: 블랙 / 사이즈: M,생각보다 사이즈가 크긴 했지만 배보다 골반에 걸치고 뛰니 더 편해서 괜찮았습니다,4,1
dasi****,2020-07-28T14:03:32.000+00:00,상품선택: 러닝벨트 / 색상: 블루 / 사이즈: M,"운동할때 폰 보관하기 좋아요
암밴드보다 편해요
뛰면 자꾸 올라가는게 좀 아쉬워요",5,1
save*****,2020-08-23T02:30:12.000+00:00,상품선택: 러닝벨트 / 색상: 블랙 / 사이즈: M,휴대폰 넣고 달리기하는데 정말 하나도 걸리적거리지 않고 좋아요,5,1
ksg2***,2020-08-20T23:35:35.000+00:00,상품선택: 러닝벨트 / 색상: 블랙 / 사이즈: S,"런닝할때 핸드폰 달그락거려서 싫었는데 좋아용 
착용했을때 흘러내리지는 않는데  조금 더 짱짱해도 될거같아요",5,1
miss***,2020-07-27T00:42:44.000+00:00,상품선택: 러닝벨트 / 색상: 블랙 / 사이즈: S,암밴드만 써왔었는데 암밴드보다 더 안정적이네요. 딱히 거슬리는 점도 없고 좋습니다.,4,1
wldb******,2020-07-21T11:37:25.000+00:00,상품선택: 러닝벨트 / 색상: 블랙 / 사이즈: S,"쫀쫀하고 좋아요
트여있는부분이 중간중간 여러개라
사이로 물건이 빠질까 걱정했는데
오히려 깊숙하게 들어가면 빼기 힘들듯해요
편하고 좋아요",5,1
jini****,2020-08-02T13:38:44.000+00:00,상품선택: 러닝벨트 / 색상: 블랙 / 사이즈: S,"딱 맞구 좋아요~
S사이즈 구매했고, 바지사이즈는 27-28입어요",5,1
tjrw******,2020-08-27T14:16:56.000+00:00,상품선택: 러닝벨트 / 색상: 블랙 / 사이즈: S,배송빠르규 제품 마우 좋슴니다,5,1
soul********,2020-08-26T07:28:16.000+00:00,상품선택: 러닝벨트 / 색상: 블랙 / 사이즈: M,여자친구 주려 샀습니다 좋아하네요,5,1
mica*****,2020-08-27T10:39:52.000+00:00,상품선택: 러닝벨트 / 색상: 블랙 / 사이즈: M,괜찮네요 s10 5g인데 잘들어가요,5,1
toxi****,2020-08-21T01:37:25.000+00:00,상품선택: 러닝벨트 / 색상: 블랙 / 사이즈: M,가볍고 신측성이 좋아서 휴대성이 좋습니다 배송도 빨랐습니다.,5,1
sw****,2020-08-07T14:38:48.000+00:00,상품선택: 러닝벨트 / 색상: 블랙 / 사이즈: S,"양손이 자유로운신세계를 경험하고 있다. 레깅스처럼 입기만 하면되고 몸에 딱 밀착되서 편하고, 보기보다 수납이 많이되서 좋다. 
러닝벨트로 강추!",5,1
soon*****,2020-08-22T16:18:57.000+00:00,상품선택: 러닝벨트 / 색상: 블랙 / 사이즈: M,배송빨라요.m사이즈 노트9 잘 들어가요,5,1
zeln***,2020-08-15T08:07:12.000+00:00,상품선택: 러닝벨트 / 색상: 블랙 / 사이즈: M,잘받았어요. 핸드폰은 앞에서 끼우고 뒤로 돌리면 편하게 쓸수있겠네요.,4,1
chie*****,2020-08-27T06:56:32.000+00:00,상품선택: 러닝벨트 / 색상: 블랙 / 사이즈: M,흘러내리지ㅡ않고 좋아용,5,1
asum*****,2020-08-15T04:19:57.000+00:00,상품선택: 러닝벨트 / 색상: 블랙 / 사이즈: M,"사용감이 아직은 불편한데 가격대비 괜찮은 것 같기도, 뛰면서 넣다뺏다하기가 조금 힘들긴해요",4,1
wate*******,2020-07-29T06:46:31.000+00:00,상품선택: 러닝벨트 / 색상: 블랙 / 사이즈: M,"조깅할때 편합니다
바지 주머니에 넣거나 손에 들고 뛰면 특히 여름에는 불편했는데 덕분에 편해졌어요",4,1
qkrw********,2020-07-30T13:16:38.000+00:00,상품선택: 러닝벨트 / 색상: 형광 / 사이즈: M,"늘어짐없이 잘사용하고있고, 운동은 많이해서 좋은데 운동한만큼 먹어서 문제군요.",5,1
smil******,2020-07-17T13:37:29.000+00:00,상품선택: 러닝벨트 / 색상: 블랙 / 사이즈: S,허리에 감겨지니 불편하지도 않고 뛸때좋아요 가끔 실에 걸리는거 빼곤 좋아요ㅎㅎ사진은 라지랑스몰 입니다,5,1
febr*****,2020-08-25T08:21:43.000+00:00,상품선택: 러닝벨트 / 색상: 형광 / 사이즈: S,몸에 착 붙어서 달릴 때 좋습니다,5,1
soul********,2020-08-26T07:27:40.000+00:00,상품선택: 러닝벨트 / 색상: 형광 / 사이즈: S,편합니다 양손이 편해져요,5,1
ii****,2020-08-27T01:30:34.000+00:00,상품선택: 러닝벨트 / 색상: 블랙 / 사이즈: S,바지 27입는데 S안쪼이고 편해요,4,1
turt******,2020-08-25T07:27:13.000+00:00,상품선택: 러닝벨트 / 색상: 블랙 / 사이즈: M,튼튼하구 괜찮아요 ㅎ,5,1
hyun******,2020-08-26T13:28:15.000+00:00,상품선택: 러닝벨트 / 색상: 형광 / 사이즈: S,착용감 좋습니다^^,5,1
ghdu*****,2020-08-22T08:45:01.000+00:00,상품선택: 러닝벨트 / 색상: 블랙 / 사이즈: S,조금 두꺼워요 지퍼없어요,4,1
key0******,2020-08-09T06:51:14.000+00:00,상품선택: 러닝벨트 / 색상: 블랙 / 사이즈: M,운동다닐때 핸드폰이 좀 걸리적 거렸는데 넘 좋은 상품 득템했어요 넘편해요,5,1
smil******,2020-07-17T13:38:04.000+00:00,상품선택: 러닝벨트 / 색상: 블랙 / 사이즈: M,허리에 감겨지니 불편하지도 않고 뛸때좋아요 가끔 실에 걸리는거 빼곤 좋아요ㅎㅎ,5,1
dtw2***,2020-07-16T17:27:53.000+00:00,상품선택: 러닝벨트 / 색상: 블랙 / 사이즈: S,"바로 사용해봤는데 밴드가 꽉 잡아줘서 휴대폰이랑 무선 이어폰 케이스 넣고 뛰어도 흔들림이 없음

무선 이어폰 케이스가 밴드 구멍쪽으로 밀려와서 신경쓰이긴 했는데 실리콘 케이스 끼워 놔서 빠지진 않았음",5,1
bigs*****,2020-08-01T02:34:58.000+00:00,상품선택: 러닝벨트 / 색상: 블랙 / 사이즈: M,"빠른 배송에 상품도 만족합니다.
동네 한바퀴 달리고 왔는데 거의 밀착 되어 불편함 없이 런닝하는데 좋네요.",5,1
jun0*****,2020-08-21T06:43:56.000+00:00,상품선택: 러닝벨트 / 색상: 블랙 / 사이즈: M,달리기의 질을 아주 높여줍니다,5,1
eoaj*****,2020-08-18T08:17:39.000+00:00,상품선택: 러닝벨트 / 색상: 블랙 / 사이즈: M,"허리 27~28인데 M사이즈도 크진않아요
그닥 유용하진 않아요",3,1
a382****,2020-08-14T15:07:30.000+00:00,상품선택: 러닝벨트 / 색상: 블랙 / 사이즈: S,처음보다 좀 늘어나서 헐렁한감이 있는데 런데이 할때 너무 유용해요,5,1
sooj******,2020-07-22T04:28:48.000+00:00,상품선택: 러닝벨트 / 색상: 블랙 / 사이즈: S,"그동안 힙쌕 메고 힘겹게 운동하던 날들은 안녕~~! 진짜 진짜 좋아요. 러닝운동하는 친구들한테도 엄청 추천하고 다님. 뛸 때 위치를 잘못잡으면 허리로 올라가거나 그러긴 하지만, 그래도 러닝벨트의 편리함은 이루 말할 수 없음. 러닝인들이여 폰에서 해방됩시다!!!!!!!!!",5,1
tren*****,2020-08-16T10:52:54.000+00:00,상품선택: 러닝벨트 / 색상: 블랙 / 사이즈: L,배송빠르고좋아요아주,5,1
cf****,2020-08-21T09:50:14.000+00:00,상품선택: 러닝벨트 / 색상: 블랙 / 사이즈: M,운동할때 좋은것같네요,5,1
dest********,2020-08-16T17:33:10.000+00:00,상품선택: 러닝벨트 / 색상: 블랙 / 사이즈: S,운동 할 때 정말 편하고 좋습니다,5,1
chbc******,2020-08-25T12:50:48.000+00:00,상품선택: 러닝벨트 / 색상: 블랙 / 사이즈: M,미디엄 헐렁거림 180/70,3,1
kjsz********,2020-07-28T11:43:58.000+00:00,상품선택: 러닝벨트 / 색상: 블랙 / 사이즈: M,핸드폰 빠지지않고 런닝할때 편해요.,5,1
gydn******,2020-07-26T12:08:32.000+00:00,상품선택: 러닝벨트 / 색상: 블랙 / 사이즈: S,몸에 너무 딱 붙지도 않고 편하게 잘 맞습니다,5,1
an****,2020-08-15T06:38:32.000+00:00,상품선택: 러닝벨트 / 색상: 블랙 / 사이즈: S,날씨가 빨리 풀어서 더 사용하고싶네요,5,1
mone*****,2020-07-13T03:03:24.000+00:00,상품선택: 러닝벨트 / 색상: 블랙 / 사이즈: M,표기해놓은 사이즈 치수는 참고하기에 문제가 잇습니다 사이즈가 생각보다 커요 쫀쫀하게 잡아주려면 작게 주문하세요,3,1
aver****,2020-08-19T14:22:59.000+00:00,상품선택: 러닝벨트 / 색상: 블랙 / 사이즈: M,가볍고 깔끔하네요!,5,1
arch***,2020-07-25T02:03:52.000+00:00,상품선택: 러닝벨트 / 색상: 블랙 / 사이즈: S,좋아요 다만 넣는부분 반대편이라도 지퍼로 되어 있으면 좋겠다는 생각이 들어요 핸드폰이 빠진적은 없지만 핸드폰이 커서 다른 구멍으로 뻐질까봐 괜히 염려 되어서요,4,1
ba****,2020-08-14T03:49:06.000+00:00,상품선택: 러닝벨트 / 색상: 블랙 / 사이즈: L,달릴때 흔들림없이 좋아요,5,1
xxxq******,2020-07-22T03:21:01.000+00:00,상품선택: 러닝벨트 / 색상: 블랙 / 사이즈: S,탄력있고 좋습니다 덕분에 양손 편하게 운동중입니다,5,1
dasi****,2020-07-28T14:06:52.000+00:00,상품선택: 러닝벨트 / 색상: 블랙 / 사이즈: M,암밴드 보다 편해요,5,1
pola****,2020-08-13T07:52:17.000+00:00,상품선택: 러닝벨트 / 색상: 블랙 / 사이즈: M,걍 가격값정도하는거같아요..,3,1
id48*****,2020-07-08T04:35:37.000+00:00,상품선택: 러닝벨트 / 색상: 블랙 / 사이즈: L,사이즈도 잘 맞고 늘어나지만 않는다면 좋을 것 같네요 ! 테스트 해보니 뛸 때 꿀렁거림도 거의 없고 좋습니다.,5,1
nasa****,2020-07-16T14:20:54.000+00:00,상품선택: 러닝벨트 / 색상: 블랙 / 사이즈: S,인기많길래 주문해봤는데 요즘 나오는 큰 사이즈 폰은 넣기 힘들어요~,3,1
rais******,2020-08-17T03:37:52.000+00:00,상품선택: 러닝벨트 / 색상: 블랙 / 사이즈: M,횔용도 높고 깔끔함,5,1
jisu******,2020-08-09T01:37:25.000+00:00,상품선택: 러닝벨트 / 색상: 블랙 / 사이즈: S,"운동할때 휴대폰,차키가 문제였는데 좋은아이템을 찾았습니다",5,1
asum*****,2020-08-15T04:20:28.000+00:00,상품선택: 러닝벨트 / 색상: 블랙 / 사이즈: S,좀 쓰다보면 괜찮을 것 같습니다~~,4,1
qpte***,2020-08-19T11:13:21.000+00:00,상품선택: 러닝벨트 / 색상: 블랙 / 사이즈: M,"받았습니다
받았습니다",3,1
do****,2020-07-22T11:36:42.000+00:00,상품선택: 러닝벨트 / 색상: 블랙 / 사이즈: M,결국에 여름이라 비가와서 아직 못 썼네요,5,1
begg*******,2020-07-19T07:47:54.000+00:00,상품선택: 러닝벨트 / 색상: 블랙 / 사이즈: M,박스 포장 완벽 배송 삐름 ^^사용도 푠함,5,1
zio1***,2020-07-27T05:38:39.000+00:00,상품선택: 러닝벨트 / 색상: 블랙 / 사이즈: M,갤럭시 노트10+도 무리없이 잘 들어가네요. 가볍게 런닝할 때 딱 좋아요. 허리 31~32사이즈 입는데 M사이즈 살짝 여유롭게 잘 맞습니다. :),5,1
juna***,2020-06-16T12:51:22.000+00:00,상품선택: 러닝벨트 / 색상: 블랙 / 사이즈: S,초보 러너입니다. 폰들고 뛰기 손목 아팠는데 이거로 해결했어요. 저는 집근처라 폰 하나만 가지고 나옴. 무게감도 없고 주머니에 넣고 뛰는거 보다 백배 나아요. 키 163 몸무게 51이고(상체에 살이 많이 없음) s사서 골반에 걸치고 뛰는데 불편함 없이 딱 좋음. 뛰어서 밴드가 움직이면 안되니 조금 조이는게 좋을듯.,5,1
an****,2020-09-02T20:43:56.000+00:00,상품선택: 러닝벨트 / 색상: 블랙 / 사이즈: M,만족만족 만족스럽습니다.,5,1
ooll****,2020-07-06T13:28:59.000+00:00,상품선택: 러닝벨트 / 색상: 블랙 / 사이즈: M,"글세요 생각만큼 편하지는 않네요
핸드폰도 크기가 커서 그런지 넣었다 뺐다도 조금 불편하구요
그래도 잘 사용하겠습니다.",3,1
cjyo****,2020-07-07T06:42:58.000+00:00,상품선택: 러닝벨트 / 색상: 블랙 / 사이즈: L,장인어른 사드렸는데 아주 좋아하십니다ㅋㅋ,4,1
13****,2020-07-05T02:40:46.000+00:00,상품선택: 러닝벨트 / 색상: 블루 / 사이즈: S,폰 넣어서 다니려고 구매했습니다. 잘 쓰고 있어요. 고정도 잘 되고 좋아요. 사이즈는 스몰이고 딱 맞게 구매했습니다.,5,1
love******,2020-07-05T02:51:37.000+00:00,상품선택: 러닝벨트 / 색상: 블랙 / 사이즈: S,"밴드가 짱짱해서 좋아요, 근데 에어팟을 넣어놓고 숙였을때 옆으로 빠져서 떨어진게 조금 아쉬워요ㅠㅠ",3,1
anho****,2020-08-13T11:24:57.000+00:00,상품선택: 러닝벨트 / 색상: 블랙 / 사이즈: M,짱짱하거 훌륭합니다~,5,1
vb****,2020-07-29T01:37:56.000+00:00,상품선택: 러닝벨트 / 색상: 블랙 / 사이즈: S,조금 갑갑한 느낌이 없지않아 있지만 그 덕분에 흘러내리지도 않고 잘 고정되어 있는 것 같아요!,5,1
m3m1***,2020-08-07T01:03:24.000+00:00,상품선택: 러닝벨트 / 색상: 블루 / 사이즈: S,흔들림없이 런닝할수 있어 좋아요!,5,1
desi***,2020-08-07T01:09:27.000+00:00,상품선택: 러닝벨트 / 색상: 블랙 / 사이즈: L,좋아요. 잘쓸께요.,5,1
ksmy****,2020-07-08T07:39:28.000+00:00,상품선택: 러닝벨트 / 색상: 블랙 / 사이즈: S,어제 받아서 저녁에 착용하고 러닝1시간했는데 괜찮아요 s잘맞네요,4,1
0528*******,2020-08-06T22:19:02.000+00:00,상품선택: 러닝벨트 / 색상: 블랙 / 사이즈: S,몸에 착 달다붙어서 아주 좋습니다!,5,1
chan*******,2020-05-29T14:00:42.000+00:00,상품선택: 러닝벨트 / 색상: 형광 / 사이즈: L,"제 허리는 38인데
사이즈가 딱 맞습니다^^

내부재질 및 디테일도
너무 좋네요

서비스도 넘 좋아요
감사합니다

널리 홍보하겠습니다",5,1
cmc1***,2020-08-11T10:21:14.000+00:00,상품선택: 러닝벨트 / 색상: 블랙 / 사이즈: L,좋아여 계속 쓰는중,5,1
tbwn****,2020-06-24T12:51:40.000+00:00,상품선택: 러닝벨트 / 색상: 블랙 / 사이즈: S,"러닝 하는데 핸드폰 들고 뛰기가 힘들어서, 암밴드랑 구매하다가 플립벨트 구매했어요. 쫀쫀해서 입을 때 조금 힘들지만 물건 수납하고 나면 떨어질 일은 없을 것 같네요! 잘 쓰겠습니다.",5,1
holo******,2020-07-05T13:22:34.000+00:00,상품선택: 러닝벨트 / 색상: 블랙 / 사이즈: S,예전에 하나 샀었는데 좋아서 번갈아가면서 쓰려구 또샀어요. 좋아요!,5,1
jiny*******,2020-08-04T01:40:15.000+00:00,상품선택: 러닝벨트 / 색상: 블랙 / 사이즈: L,L을 구매했는데 좀 헐랑한것 빼고는 좋은듯 합니다,4,1
apex*****,2020-08-01T14:28:03.000+00:00,,좋아요. 잘 쓰고 있습니다.,5,1
ferm*****,2020-07-12T12:48:22.000+00:00,상품선택: 러닝벨트 / 색상: 블랙 / 사이즈: M,사이즈도 딱 맞고 좋습니다 잘쓸게영,5,1
hyun********,2020-07-31T14:05:59.000+00:00,상품선택: 러닝벨트 / 색상: 블랙 / 사이즈: M,마음에 들어요 엄청 편해요,5,1
sung******,2020-08-03T12:39:39.000+00:00,상품선택: 러닝벨트 / 색상: 블랙 / 사이즈: L,좋아요 달리기할 때 편할꺼 같아요,4,1
dout***,2020-06-30T08:23:29.000+00:00,상품선택: 러닝벨트 / 색상: 블랙 / 사이즈: M,거슬리면 어쩌나했는데 전혀 그런거 없구요 무선이어폰같이 작은거도 안빠지고 좋아요,5,1
bu****,2020-07-25T07:53:30.000+00:00,상품선택: 러닝벨트 / 색상: 블랙 / 사이즈: M,"가볍고 흘러내리지도 않고
좋습니다.
핸드폰 팔에 부착해서 운동하셨던 분들은 꼭 이 제품 구매하세요.",5,1
arch***,2020-07-25T02:01:22.000+00:00,상품선택: 러닝벨트 / 색상: 블랙 / 사이즈: M,운동할때 핸드폰 때문에 불편했는데 이제는 손이 자유로워져서 좋아요,4,1
sky4****,2020-07-11T05:04:38.000+00:00,상품선택: 러닝벨트 / 색상: 블랙 / 사이즈: M,"172에67키론데 m 저스트입니다.
착용하고 뛰어봤는데 편하고 좋네요~^^",5,1
kjj9***,2020-08-03T13:54:18.000+00:00,상품선택: 러닝벨트 / 색상: 블랙 / 사이즈: S,러닝할 때 증말 조아여~!,5,1
seun*********,2020-07-18T01:30:49.000+00:00,상품선택: 러닝벨트 / 색상: 블랙 / 사이즈: S,"아직 운동할 때 착용한 적은 없지만, 집에서 갤럭시핸드폰을 보관해 보았을 때 네모모양이 두드러져 자연스러운 배 모양은 아니지만 해드폰 무게에 따라처지지 않는 고정력이 좋습니다!",5,1
pdh2***,2020-07-27T02:55:39.000+00:00,상품선택: 러닝벨트 / 색상: 블랙 / 사이즈: S,"상품 잘 받았습니다 맘에 듭니다
감사합니다^^",5,1
dhtp*****,2020-08-02T03:33:46.000+00:00,상품선택: 러닝벨트 / 색상: 블랙 / 사이즈: S,런닝하거나 자전거탈때 편해요,5,1
bt****,2020-07-01T14:25:03.000+00:00,상품선택: 러닝벨트 / 색상: 블랙 / 사이즈: S,"장점
손이 가벼워진다.
물건이 쉽게 빠지지 않는 구조.
밴드 하나로도 편하게 런닝 가능합니다.
핸드폰과 카드 한개 딱 넣기에 좋아요.

단점
땀이.. 차요.. 네..ㅋㅋㅋ
허리 사이즈에 맞게 샀는데 생각보다 조금 조였어요.
휴대폰 빼려면 길에서 윗옷을 살짝 들어야합니다.ㅋㅋ",4,1
dlat*******,2020-07-08T11:15:49.000+00:00,상품선택: 러닝벨트 / 색상: 블랙 / 사이즈: M,써보진않았지만 상태아주양호합니다 얼른뛰고싶네오!!,5,1
kjj9***,2020-06-24T06:11:07.000+00:00,상품선택: 러닝벨트 / 색상: 블랙 / 사이즈: S,"허리 27, S사이즈 구매하였고 잘 맞아요! 핸드폰, 에어팟 등 자그마한 것들 넣고 러닝할 때 사용하고 있어요. 배송은 일요일에 주문하였고 화요일에 받았어요.",5,1
psc3***,2020-07-28T00:33:57.000+00:00,상품선택: 러닝벨트 / 색상: 블랙 / 사이즈: M,품질 좋아요 배송도 빨라요..,4,1
ay****,2020-07-08T01:07:59.000+00:00,상품선택: 러닝벨트 / 색상: 블랙 / 사이즈: S,"너무 잘쓰고 있어요~~
살짝 늘어나긴 했는데 오히려 편하네요
폰을 손에 들지 않고 달릴 수 있다는 게 넘 편해요 ㅎㅎ
암밴드처럼 한쪽에 쏠리지 않아 좋아요",5,1
skyb******,2020-08-01T04:08:02.000+00:00,상품선택: 러닝벨트 / 색상: 블랙 / 사이즈: M,고정잘되고 너무편해요,5,1
tkfk***,2020-07-27T00:37:29.000+00:00,상품선택: 러닝벨트 / 색상: 블랙 / 사이즈: S,너무너무 편해요. 왜 이제서야샀나 싶어요.,5,1
jhli*******,2020-07-14T00:32:15.000+00:00,상품선택: 러닝벨트 / 색상: 블랙 / 사이즈: L,허리에 딱 맞아욬ㅋ,5,1
bnbn****,2020-07-26T02:16:37.000+00:00,상품선택: 러닝벨트 / 색상: 블랙 / 사이즈: S,허리 사이즈에 딱 맞고 폰 넣고 달리기에도 편하고 좋네요!!,4,1
love****,2020-07-23T10:56:48.000+00:00,상품선택: 러닝벨트 / 색상: 블랙 / 사이즈: S,간편하니 좋네요 운동때 좋아요,5,1
cr_e*******,2020-07-21T23:18:01.000+00:00,상품선택: 러닝벨트 / 색상: 블랙 / 사이즈: M,"만족합니다
생각했던것보다 편하고
좋네요",5,1
dout***,2020-07-28T03:41:47.000+00:00,상품선택: 러닝벨트 / 색상: 블랙 / 사이즈: M,잘 쓰고 있어용 조아요,5,1
chan*******,2020-05-29T14:02:22.000+00:00,상품선택: 러닝벨트 / 색상: 블랙 / 사이즈: L,"제 허리는 38인데
사이즈가 딱 맞습니다^^

내부재질 및 디테일도
너무 좋네요

서비스도 넘 좋아요
감사합니다

널리 홍보하겠습니다

형광/ 블랙
두개 구입했습니다",5,1
dhtp*****,2020-07-11T17:14:22.000+00:00,상품선택: 러닝벨트 / 색상: 블랙 / 사이즈: S,배송 빠름 좋음 굿,5,1
rokt******,2020-07-26T06:04:44.000+00:00,상품선택: 러닝벨트 / 색상: 블랙 / 사이즈: M,사이즈잘맞네요 배송은 느렸어ㅛ,5,1
kc_e***,2020-07-30T05:37:15.000+00:00,상품선택: 러닝벨트 / 색상: 블랙 / 사이즈: M,러닝할때 너무 편합니다,5,1
ko****,2020-07-23T00:41:13.000+00:00,상품선택: 러닝벨트 / 색상: 블랙 / 사이즈: L,런닝시 최고네요. 가볍고 편해요,3,1
more*******,2020-06-30T00:24:18.000+00:00,상품선택: 러닝벨트 / 색상: 블랙 / 사이즈: M,다 좋은데 앞부분 실밥이 뜯겨져 왔네요 ㅠ,3,1
lkb7***,2020-07-23T08:08:18.000+00:00,상품선택: 러닝벨트 / 색상: 형광 / 사이즈: M,운동할때 손을 자유롭게 해줘 좋아요,5,1
jina******,2020-07-21T04:23:50.000+00:00,상품선택: 러닝벨트 / 색상: 블랙 / 사이즈: M,배송도 빠르고 물건도 괜찮은것같아요 잘 쓸게요,5,1
pian*****,2020-06-18T05:19:59.000+00:00,상품선택: 러닝벨트 / 색상: 블랙 / 사이즈: S,"배송도 빠르고 제품도 만족합니다
짱짱하니 흘러내릴 염려도 없겠어요 ㅎ
암밴드 사려다 이거 샀는데 잘한 것 같아요",5,1
kamm*****,2020-07-06T09:50:28.000+00:00,상품선택: 러닝벨트 / 색상: 블랙 / 사이즈: S,무난하세 하기 좋아요,4,1
onyx****,2020-07-14T12:52:12.000+00:00,상품선택: 러닝벨트 / 색상: 블랙 / 사이즈: M,"런닝할때,,이거 진짜좋아요
1달 사용중인데,, 막늘어나서 사용 못하고그럴까봐걱정했는데, 괜춘해요",5,1
ky****,2020-06-06T09:17:21.000+00:00,상품선택: 러닝벨트 / 색상: 블랙 / 사이즈: S,러닝 초보자입니다. 핸드폰하고 에어팟 정도만 넣고 달리는데 좋습니다. 허리말고 골반에 고정해서 사용하면 말려 올라가지도 않고 내려가지도 않아서 좋아요. 다만 주머니 간격이 좀 좁아서 에어팟같이 작은 물건들은 떨어지지 않을까 조마조마하긴 하네요. 잘 사용하겠습니다.,5,1
daeh****,2020-07-29T11:28:13.000+00:00,상품선택: 러닝벨트 / 색상: 블루 / 사이즈: L,생각보다 편해요ㅎㅎㅎ,5,1
yeon*****,2020-07-12T21:57:25.000+00:00,상품선택: 러닝벨트 / 색상: 블랙 / 사이즈: S,생각보다 편하지 않아요. 뛸때 점점 위로 올라와서... 사이즈가 안 맞는건지,4,1
momh*****,2020-07-02T16:20:32.000+00:00,상품선택: 러닝벨트 / 색상: 블루 / 사이즈: L,착용하고 뛰어보니 핸드폰 안 떨어지고 좋습니다 추천!!,5,1
hwan*****,2020-07-04T03:25:47.000+00:00,상품선택: 러닝벨트 / 색상: 블랙 / 사이즈: M,두번째 구매인데 조금 얇으면 좋겠네요,4,1
mmmm****,2020-07-02T03:20:29.000+00:00,상품선택: 러닝벨트 / 색상: 블랙 / 사이즈: S,고리가 있어서 열쇠를 넣기 좋아요,5,1
jshw******,2020-06-29T00:26:03.000+00:00,상품선택: 러닝벨트 / 색상: 블랙 / 사이즈: L,좋습니다  아직 늘어나지는 않았어요 뛰다가 물건 빠지는 일도 없었습니다^^,5,1
stat******,2020-07-25T02:19:28.000+00:00,상품선택: 러닝벨트 / 색상: 블랙 / 사이즈: L,빠른배송감사합니다.,5,1
wlst*****,2020-07-23T06:40:55.000+00:00,상품선택: 러닝벨트 / 색상: 블랙 / 사이즈: S,착용감좋고 편합니다 굿,5,1
lu****,2020-07-26T11:31:25.000+00:00,상품선택: 러닝벨트 / 색상: 블루 / 사이즈: S,만족스럽습니다~~~,4,1
wlst*******,2020-07-27T07:06:07.000+00:00,상품선택: 러닝벨트 / 색상: 블랙 / 사이즈: S,너무 편하고 좋네요 굿굿,5,1
sung****,2020-07-23T10:11:11.000+00:00,상품선택: 러닝벨트 / 색상: 블랙 / 사이즈: M,낫벳 생갇보다는 부실하게생김,3,1
silk****,2020-06-19T07:43:37.000+00:00,상품선택: 러닝벨트 / 색상: 블랙 / 사이즈: S,휴대폰을 들고 뛸 필요가 없으니깐 훨씬 편하네욤. 가성비 좋아요. 강추!,5,1
hyun********,2020-06-30T12:20:48.000+00:00,상품선택: 러닝벨트 / 색상: 블랙 / 사이즈: M,달리기 하면서 무척 불편했는데 너무나 편합니다!!,5,1
siri*****,2020-07-20T04:24:31.000+00:00,상품선택: 러닝벨트 / 색상: 블랙 / 사이즈: M,소지품들고 달리기 너무 좋아요,5,1
lovw***,2020-05-27T06:33:48.000+00:00,상품선택: 러닝벨트 / 색상: 블랙 / 사이즈: M,"-디테일이 아쉬움(실밥 나와있음)
-재질은 딱 팔토시 원단으로 만든 느낌
(늘어날 수 있을 듯)
-아직 안 써보긴 했는데 러닝할 때 기능은 잘 할 듯
(p.s 소매치기 심한 여행지에서 유용할 것 같기도 함. 여권은 겨우겨우 들어가긴 함)",3,1
dldu***,2020-06-21T03:00:37.000+00:00,상품선택: 러닝벨트 / 색상: 블랙 / 사이즈: S,여름에 옷이 가벼워지면서 폰을 넣을곳이 없어서 벨트 주문했는데 골반에 딱 고정되서 뛸때 편하더라구요 추천해용,5,1
rapo***,2020-07-21T00:25:24.000+00:00,상품선택: 러닝벨트 / 색상: 블랙 / 사이즈: S,가볍고 사용하기 편리해요.,5,2
rapo***,2020-07-21T00:25:17.000+00:00,상품선택: 러닝벨트 / 색상: 블랙 / 사이즈: L,가볍고 사용하기 편리해요.,5,1
byou***,2020-06-27T01:26:19.000+00:00,상품선택: 러닝벨트 / 색상: 블루 / 사이즈: M,"내구성은 아직 모르지만, 퀄리티가  좋습니다",4,1
lync*****,2020-06-26T01:31:11.000+00:00,상품선택: 러닝벨트 / 색상: 블랙 / 사이즈: M,기대했던것 보다는...  상품대비 가격이 좀 비싼 감이 있네요,3,1
mimo**********,2020-07-03T16:16:13.000+00:00,상품선택: 러닝벨트 / 색상: 블랙 / 사이즈: M,"생각보다 편해요~
밴드가 좀 접히고 물건 넣는 구멍이
많아 달리다가 물건이 떨어질까
우려되기도 하지만  아직 그런 일까진 없어요~",4,1
ly****,2020-07-21T00:01:09.000+00:00,상품선택: 러닝벨트 / 색상: 블랙 / 사이즈: S,잘 늘어나지 않고 좋아요!,4,1
hsun****,2020-07-10T18:14:05.000+00:00,상품선택: 러닝벨트 / 색상: 블루 / 사이즈: M,"이거 사고 꾸준한 러닝을 다짐 했지만..  ㅜㅜ
벨트는 아주 좋습니다ㅎㅎ",5,1
ek****,2020-07-14T01:01:07.000+00:00,상품선택: 러닝벨트 / 색상: 블랙 / 사이즈: S,빠른배송이었구요 s 사이즈 적당히 편해요 50키로에요,4,1
mint******,2020-06-29T03:58:31.000+00:00,상품선택: 러닝벨트 / 색상: 블랙 / 사이즈: M,왜 진작에 사지 않았을까 싶어요 운동할때 손이 자율워지니 너무 좋네요!!!! 아이폰맥스 넣어서 사용하는데 빠짐이 없어서 좋아요!,5,1
hwan*****,2020-06-23T07:32:35.000+00:00,상품선택: 러닝벨트 / 색상: 블랙 / 사이즈: M,가성비 좋네요. 암밴드보다 편해요,5,1
bmin***,2020-07-17T12:54:00.000+00:00,상품선택: 러닝벨트 / 색상: 블랙 / 사이즈: S,흘러내리지도 않고 좋아요,5,1
khuc*****,2020-07-17T08:16:01.000+00:00,상품선택: 러닝벨트 / 색상: 블랙 / 사이즈: L,넣는 공간이 좀 오래쓰다보면 헐렁해짐,4,1
dasi****,2020-06-25T11:51:21.000+00:00,상품선택: 러닝벨트 / 색상: 블루 / 사이즈: M,생각했던거보다 편하고 좋네요,5,2
dasi****,2020-06-25T11:50:36.000+00:00,상품선택: 러닝벨트 / 색상: 블랙 / 사이즈: M,생각했던거보다 편하고 좋네요,5,1
dtw2***,2020-07-16T17:33:43.000+00:00,상품선택: 러닝벨트 / 색상: 블랙 / 사이즈: M,S사이즈랑 M사이즈 같이 구매하니까 리뷰 2번 쓸 수 있네요,5,1
love******,2020-07-07T02:48:15.000+00:00,상품선택: 러닝벨트 / 색상: 블랙 / 사이즈: S,바지처럼 입는 스타일이였네요 노트텐플러스 들어가서 좋아요,5,1
sads********,2020-07-06T05:02:51.000+00:00,상품선택: 러닝벨트 / 색상: 블랙 / 사이즈: L,운동할때 핸드폰을 손에쥐고 뛰는것이 너무 거추장스러워서 장만했습니다 허리에 딱맞고 정말좋습니다.,5,1
kare*****,2020-06-04T04:37:24.000+00:00,상품선택: 러닝벨트 / 색상: 블랙 / 사이즈: S,왠만하면 s하라고 들었는데 생각보다 작습니다ㅠㅠ 여자 66정도인데 너무 타이트해요 저와같다면 m 추천합니다. 그리고 제 폰(갤노트8)이 너무 컸는지 조금 찢어졌네요ㅠㅠ참고하시길 바랍니다,5,1
pby7***,2020-06-21T12:38:04.000+00:00,상품선택: 러닝벨트 / 색상: 블랙 / 사이즈: M,"허리 29입는 66반 여성입니다. 
엠사이즈 시켰는데 스몰 시켜도 됬을것 같아요
입었을때 타이트한 느낌이 없어서 잘 고정될까 고민했는데 다행이 흘러내리진 않네요. 러닝할때 너무 편하고 좋아요",5,1
wlst******,2020-06-16T17:20:59.000+00:00,상품선택: 러닝벨트 / 색상: 블랙 / 사이즈: S,잘 받아봤습니다 폰 갤10인데 잘들어가고 아직운동 안해봐서 잘 모르겠는데 움직이진 않을거같아요 잘써볼게요,4,1
wclo***,2020-07-14T02:16:01.000+00:00,상품선택: 러닝벨트 / 색상: 블루 / 사이즈: S,감사합니다 잘 쓸게요,5,2
awes*******,2020-06-21T13:34:48.000+00:00,상품선택: 러닝벨트 / 색상: 블랙 / 사이즈: S,아주 편하고 좋아요! 운동필템!!!,5,1
juni****,2020-07-17T14:12:40.000+00:00,상품선택: 러닝벨트 / 색상: 블랙 / 사이즈: L,"역시 좋네요
잘 사용 하겠습니다",5,1
ke****,2020-07-07T13:06:59.000+00:00,상품선택: 러닝벨트 / 색상: 블랙 / 사이즈: M,오자마자 러닝바로 뛰었는데 생각보다 걸리적거리는거 없고 진즉에 살걸 후회중!!!!!,4,1
hpjy***,2020-07-17T14:20:06.000+00:00,상품선택: 러닝벨트 / 색상: 블랙 / 사이즈: S,레깅스에착용하기좋네요,5,1
kang*****,2020-06-09T15:28:06.000+00:00,상품선택: 러닝벨트 / 색상: 블랙 / 사이즈: M,빠르게 달리고 점프해도 소지품 안전해요. 신축성이 좋아 사이즈는 하나 작은거 추천 합니당,5,1
byou***,2020-06-27T01:27:05.000+00:00,상품선택: 러닝벨트 / 색상: 블랙 / 사이즈: S,가성비 훌륭합니다.,4,1
spro***,2020-07-13T04:59:44.000+00:00,상품선택: 러닝벨트 / 색상: 블랙 / 사이즈: S,"흔들림 없고, 수납하기 정말 좋습니다.",5,1
eeee****,2020-06-12T04:06:46.000+00:00,상품선택: 러닝벨트 / 색상: 블랙 / 사이즈: M,편해요~ 러닝할때 정말 좋아요 폰 손으로 들고 뛰시는 분들 꼭 사세요!!,5,1
wjss****,2020-07-13T12:46:59.000+00:00,상품선택: 러닝벨트 / 색상: 블랙 / 사이즈: S,달리기할때 편하고 좋아요,5,1
jbh5***,2020-06-23T03:06:31.000+00:00,상품선택: 러닝벨트 / 색상: 블랙 / 사이즈: S,운동하러갈때 핸드폰보관용으로 써요,5,1
si****,2020-07-02T11:25:27.000+00:00,상품선택: 러닝벨트 / 색상: 블랙 / 사이즈: L,아직 귀찮아서 달리기는 안했어요. 13초정도 착용해봤는데 뛰고싶은 욕구가 샘솓아요,5,1
jmjj****,2020-06-23T06:21:40.000+00:00,상품선택: 러닝벨트 / 색상: 블랙 / 사이즈: L,아직사용전이지만 좋앗으면 좋겟네요 ㅎㅎ,5,1
pral***,2020-07-11T10:00:26.000+00:00,상품선택: 러닝벨트 / 색상: 블랙 / 사이즈: S,"쓸만해요
큰 폰이나 케이스가 잇는 폰은 넣으니까 좀 그래요 ㅠ",3,1
jmjj****,2020-06-23T06:22:04.000+00:00,상품선택: 러닝벨트 / 색상: 블랙 / 사이즈: S,아직사용전이지만좋길바라요 ㅎㅎ,5,1
wlst*****,2020-07-12T04:23:45.000+00:00,상품선택: 러닝벨트 / 색상: 블랙 / 사이즈: M,너무 편하고 암밴드 보다 훨 낫네요,5,1
umg8***,2020-07-13T09:37:06.000+00:00,상품선택: 러닝벨트 / 색상: 형광 / 사이즈: L,잘 낑기면 편할거같아요,5,1
pink*******,2020-07-10T03:24:10.000+00:00,상품선택: 러닝벨트 / 색상: 블랙 / 사이즈: M,잘받았습니다! 착용감 좋아요,5,1
weig***********,2020-07-13T03:59:40.000+00:00,상품선택: 러닝벨트 / 색상: 블랙 / 사이즈: L,조금 작은걸 살껄  그랬네요.,5,1
mimo**********,2020-07-03T16:22:15.000+00:00,상품선택: 러닝벨트 / 색상: 블랙 / 사이즈: S,"가격대비 편한 상품입니다!!
물건 수납할때 좀 불안하긴 하지만
좋아요~",4,1
kte9***,2020-06-11T20:13:11.000+00:00,상품선택: 러닝벨트 / 색상: 블랙 / 사이즈: M,좋아요 가격대비 좋습니다,5,1
jem0*****,2020-06-09T12:54:20.000+00:00,상품선택: 러닝벨트 / 색상: 블랙 / 사이즈: L,허리 35사이드에 라지하니 약간 헐렁하다고 하네요ㅎㅎ 요긴하게 잘 쓸께요,5,1
miss*******,2020-07-10T12:07:17.000+00:00,상품선택: 러닝벨트 / 색상: 블루 / 사이즈: S,러닝 할때 반드시 필요한 제품 입니다,5,1
eeee****,2020-06-12T04:08:07.000+00:00,상품선택: 러닝벨트 / 색상: 블랙 / 사이즈: S,저 통통한 여잔데 젤 작은 사이즈 맞네여~ 참고하세요ㅎㅎ 좋으니까 꼭 사세요ㅎㄹ,5,1
sam9***,2020-06-18T14:32:26.000+00:00,상품선택: 러닝벨트 / 색상: 블랙 / 사이즈: L,"바지 사이즈 34인데, 약간 헐렁한 듯 하면서 잘 맞네요.",5,1
chao****,2020-06-22T03:22:19.000+00:00,상품선택: 러닝벨트 / 색상: 블랙 / 사이즈: M,배송도 빠르고 벨트도 짱짱해서 좋습니다. 다만 요새 휴대폰이 전반적으로 커지는 추세이니만큼 구멍을 조금만 더 키워주시면 좋을 것 같습니다.,4,1
cerb*****,2020-05-09T08:13:48.000+00:00,상품선택: 러닝벨트 / 색상: 블랙 / 사이즈: M,배송은 느렸지만 시국이 이러니 이해합니다ㅎㅎ 물건은 좋아요 마감도 좋고. 허리32 입는데 M사이즈가 딱 맞네요. 조금 늘어나면 헐거울지도 모르겠습니다. 머리띠도 같이 주문했는데 마감 좋아요 다만 음...커요!! 군모 62썼던 핵대두로서 이렇게 머리둘레에 딱 맞는 제품은 처음입니다. 벨트보다 머리띠 쓰고서 잠시나마 행복했습니다. 제 머리에 맞다니... 감사합니다 사장님,5,1
mink*******,2020-06-04T11:37:27.000+00:00,상품선택: 러닝벨트 / 색상: 블랙 / 사이즈: M,러닝할때 에어팟 구멍으로 빠지진않을까 했는데 안그러네요. 생각보다 잘 잡아줘요.,5,1
sooj******,2020-06-02T10:45:15.000+00:00,상품선택: 러닝벨트 / 색상: 블랙 / 사이즈: S,왜 이제야 샀나 싶어요. 그동안 힙색 메고 했는데 어깨가 맨날 아팠는데 이제 너무 편해요. 매일 러닝 시간만 기다려집니다.,5,1
hb_r*******,2020-07-10T07:43:06.000+00:00,상품선택: 러닝벨트 / 색상: 블랙 / 사이즈: S,허리 26인데 고정도 딱 되고 좋습니다.,5,1
wjdw*******,2020-06-21T10:49:06.000+00:00,상품선택: 러닝벨트 / 색상: 블랙 / 사이즈: M,짱짱하고 좋아요!!!,4,1
osan****,2020-07-06T13:14:10.000+00:00,상품선택: 러닝벨트 / 색상: 블랙 / 사이즈: L,짱짱 하고 좋아요 달리기 할때,5,1
hani*****,2020-06-27T09:20:38.000+00:00,상품선택: 러닝벨트 / 색상: 블랙 / 사이즈: M,178 77kg m사이즈 맞음,5,1
jihy*****,2020-06-29T06:04:26.000+00:00,,잘 사용하고 있습니다. 러닝할 때 딱 좋아요,5,1
pink*******,2020-07-10T03:24:32.000+00:00,상품선택: 러닝벨트 / 색상: 블루 / 사이즈: S,엄마한테 하나 선물했어요!,5,1
leon***,2020-07-06T06:58:27.000+00:00,상품선택: 러닝벨트 / 색상: 블랙 / 사이즈: M,정말 편하고 디자인도 이뻐요,5,2
leon***,2020-07-06T06:58:15.000+00:00,상품선택: 러닝벨트 / 색상: 블루 / 사이즈: M,정말 편하고 디자인도 이뻐요,5,1
go****,2020-06-10T13:58:53.000+00:00,상품선택: 러닝벨트 / 색상: 블랙 / 사이즈: S,"얼마전에 구매하고 맘에 들어서 구매했는데, 원단재질이 바뀐 것 같네요.",3,1
astr*******,2020-06-01T05:48:22.000+00:00,상품선택: 러닝벨트 / 색상: 블랙 / 사이즈: M,"29~30인치 입는데 M사이즈 약간 여유있게 맞아요. S하면 작았을 것 같고, 사이즈 선택 잘한 것 같아요. 힙색 착용하는 것보다 훨씬 편하네요.",5,1
jeh4***,2020-07-07T11:39:55.000+00:00,상품선택: 러닝벨트 / 색상: 블랙 / 사이즈: M,휴대폰 넣어도 전혀 흔들림이 없어요ㅎ,5,1
capt******,2020-06-16T02:46:26.000+00:00,상품선택: 러닝벨트 / 색상: 블랙 / 사이즈: S,키: 160대 초반 몸무게: 50대 후반 입니다. S사이즈 편하게 잘 맞았습니다. 물병이나 지갑까지는 무리이고 가볍게 핸드폰이나 카드 챙겨서 런닝하기에는 좋은 것 같습니다. 짱짱해서 흘러내릴 염려 없습니다.,5,1
wg****,2020-06-19T14:20:04.000+00:00,상품선택: 러닝벨트 / 색상: 블랙 / 사이즈: S,남자 174/63 S사이즈 하니까 딱좋네영,5,1
mm****,2020-07-08T05:53:40.000+00:00,상품선택: 러닝벨트 / 색상: 블랙 / 사이즈: S,"살때 두개 더 살껄
개좋아요",5,1
iama*******,2020-06-13T12:51:16.000+00:00,상품선택: 러닝벨트 / 색상: 블랙 / 사이즈: S,허리 31인데 s 딱 짱짱하게 잘맞네요 잘쓰겠습니다,5,1
shin****,2020-06-21T01:11:31.000+00:00,상품선택: 러닝벨트 / 색상: 블랙 / 사이즈: M,좋네요 잘쓸께요~~,5,1
tlsd*****,2020-07-06T04:34:51.000+00:00,상품선택: 러닝벨트 / 색상: 블랙 / 사이즈: M,배송도 빠르고 물건도 좋아요,5,1
dbgm*******,2020-07-07T00:51:49.000+00:00,상품선택: 러닝벨트 / 색상: 블랙 / 사이즈: S,아주 편하고 가볍고 좋습니다,5,1
iamy*******,2020-06-13T06:35:31.000+00:00,상품선택: 러닝벨트 / 색상: 블랙 / 사이즈: S,생각보다 더 짱짱하고 좋아요,5,1
salt*****,2020-07-04T16:36:22.000+00:00,상품선택: 러닝벨트 / 색상: 블랙 / 사이즈: M,소문듣고 구입했습니다,5,1
qkrg*******,2020-05-27T14:07:33.000+00:00,상품선택: 러닝벨트 / 색상: 블랙 / 사이즈: S,"가격에 비해서는 별로인거같아요 
계속 내려가거나 올라가거나 접혀서 불편해요
폰은 아이폰8+도 잘 들어갑니다
그래도 손에 쥐고 뛰는거보단 편해서 그럭저럭 만족해요",3,1
ab****,2020-07-04T10:52:46.000+00:00,상품선택: 러닝벨트 / 색상: 블랙 / 사이즈: M,좋은 상품 감사합니다,5,1
cjyo****,2020-07-04T09:14:04.000+00:00,상품선택: 러닝벨트 / 색상: 블랙 / 사이즈: M,쫀쫀하고 핸폰이 빠지지 않아요,5,1
dbgm*******,2020-07-07T00:52:18.000+00:00,상품선택: 러닝벨트 / 색상: 블랙 / 사이즈: M,아주 편하고 좋아요ㅔ,5,1
ph****,2020-07-01T13:56:06.000+00:00,상품선택: 러닝벨트 / 색상: 블랙 / 사이즈: S,가볍고 튼튼해 보여서 좋습니다,5,1
jinm*****,2020-06-05T10:20:37.000+00:00,상품선택: 러닝벨트 / 색상: 블랙 / 사이즈: L,세탁하고 건조기도 많이 돌렸는데 아직까지 안늘어나고 좋아요,5,1
he****,2020-05-21T21:41:35.000+00:00,상품선택: 러닝벨트 / 색상: 블랙 / 사이즈: M,허리 33인치 바지 입는 남잔데여. 살빠질거 생각하고 M으로 주문하니 좀 타이트 하네요. 그래도 짱짱해서 물건 안떨어지고 핸드폰같은걸 넣고 운동하기도 좋아요.,5,1
inhw*****,2020-06-25T05:55:43.000+00:00,상품선택: 러닝벨트 / 색상: 블랙 / 사이즈: L,"동네 산책 겸 러닝할 때 쓰려고 구매했는데
짱짱하고 좋습니다.
제 폰이 갤럭시s9+인데 잘 들어갑니다.",5,1
flyb***,2020-06-18T04:04:30.000+00:00,상품선택: 러닝벨트 / 색상: 블랙 / 사이즈: S,배송이 매우 빨라서 놀랐어요 ㅎㅎ 벨트는 깔끔해서 레깅스 위에했을 때 이질감 안나고 좋을 거 같아요&gt;_&lt;,5,1
hang********,2020-05-31T05:05:50.000+00:00,상품선택: 러닝벨트 / 색상: 블랙 / 사이즈: M,생각만큼 엄청 편하진 않네요. 기대가 큰 탓인지 조금... 실망했습니다,4,1
gmrr*****,2020-07-02T00:12:03.000+00:00,상품선택: 러닝벨트 / 색상: 블랙 / 사이즈: M,운동할때 편하고좋아요,5,1
love******,2020-06-24T06:52:23.000+00:00,상품선택: 러닝벨트 / 색상: 블랙 / 사이즈: M,잠깐 착용 해봤는데 부드럽고 크게 런닝하는데 안거슬릴거 같네요 잘쓸게요,5,1
hist*******,2020-07-04T00:39:54.000+00:00,상품선택: 러닝벨트 / 색상: 블랙 / 사이즈: M,운동할때 엄청 편하네요,5,1
shau*****,2020-06-24T14:24:29.000+00:00,상품선택: 러닝벨트 / 색상: 블랙 / 사이즈: M,러닝할때 매우 편합니다. 만족스러운 제품입니다.,4,1
semi****,2020-05-28T08:57:18.000+00:00,상품선택: 러닝벨트 / 색상: 블랙 / 사이즈: S,하루 사용해봤는데 좋아요 걷기보다 러닝에 최고,5,2
semi****,2020-05-28T08:56:49.000+00:00,상품선택: 러닝벨트 / 색상: 블랙 / 사이즈: M,하루 사용해봤는데 좋아요 걷기보다 러닝에 최고,5,1
jun0*****,2020-06-21T07:51:36.000+00:00,상품선택: 러닝벨트 / 색상: 블랙 / 사이즈: M,가성비가 참 좋네요 가격면에서 만점 줍니다,5,1
wls3***,2020-06-10T10:05:48.000+00:00,상품선택: 러닝벨트 / 색상: 블랙 / 사이즈: S,가격대비 성능우수  굿,5,1
ky****,2020-06-05T00:13:46.000+00:00,상품선택: 러닝벨트 / 색상: 블랙 / 사이즈: S,좋아요유유 행복하네염!!!!!  헤헤,5,1
real****,2020-06-30T04:02:31.000+00:00,상품선택: 러닝벨트 / 색상: 블랙 / 사이즈: L,달릴때 좋고 흘러내리지도 않아요,5,1
dazo***,2020-06-29T04:21:54.000+00:00,상품선택: 러닝벨트 / 색상: 블랙 / 사이즈: M,아이폰xs 케이스 씌웠는데 빡빡하게 들어갑니다,5,1
vint****,2020-06-12T10:26:26.000+00:00,상품선택: 러닝벨트 / 색상: 블랙 / 사이즈: M,정말 편하고 즇습니다,5,1
vint****,2020-06-12T10:25:41.000+00:00,상품선택: 러닝벨트 / 색상: 블랙 / 사이즈: S,정말 편하고 좋습니다,5,1
aw****,2020-05-26T05:22:53.000+00:00,상품선택: 러닝벨트 / 색상: 블랙 / 사이즈: L,운동 시 주머니에 폰을 보관하면 덜렁거리고 불편했는데 해결되어서 좋습니다 살빼서 한사이즈 더 작은거 구매하는것이 목표입니다 많이 파세요,4,1
dazo***,2020-05-28T09:33:27.000+00:00,상품선택: 러닝벨트 / 색상: 블랙 / 사이즈: M,컨셉ㅇ 슬랙스 블랙 30사이즈 입는데 m 잘 맞습니다,5,1
prmi****,2020-06-28T05:34:52.000+00:00,상품선택: 러닝벨트 / 색상: 블랙 / 사이즈: M,배송이 빠르고 맘에들어요,5,1
yjya******,2020-07-03T14:51:42.000+00:00,,상품 잘 받았습니다~,5,1
lsc9***,2020-06-09T14:11:14.000+00:00,상품선택: 러닝벨트 / 색상: 블랙 / 사이즈: M,탄탄하고 아주 좋네요!,5,1
han1***,2020-06-27T01:14:59.000+00:00,상품선택: 러닝벨트 / 색상: 블랙 / 사이즈: M,생각보다 편리하고 튼튼하네요,5,1
jatw******,2020-06-24T14:14:36.000+00:00,상품선택: 러닝벨트 / 색상: 형광 / 사이즈: S,진작 알았으면 좋았을걸 널리 홍보해야 겠어요,5,1
yc****,2020-06-04T05:58:31.000+00:00,,겉옷 없이 뛰어야 하는 날씨에 핸드폰을 수납할 공간이 없었는데 보관하기 편해요 주머니에 넣고 뛰는 것보다 핸드폰 무게감이 느껴지지 않아요,4,1
oh****,2020-06-01T13:48:04.000+00:00,상품선택: 러닝벨트 / 색상: 블랙 / 사이즈: S,"좋네요
혹시나 널널해서 쳐지나 하면 어쩌나 했는데
짱짱하네요
노트10인데 좀 빡빡은 하지만 고정. 잘되요",5,1
hero****,2020-06-06T01:10:53.000+00:00,상품선택: 러닝벨트 / 색상: 블랙 / 사이즈: S,배송빠르고 운동할때 너무 좋아요ㅋ,5,1
jski****,2020-06-08T04:16:50.000+00:00,상품선택: 러닝벨트 / 색상: 블랙 / 사이즈: M,배송도 빠르고 사이즈 30인데 딱 맞습니다,4,1
sang*****,2020-06-26T23:34:35.000+00:00,상품선택: 러닝벨트 / 색상: 블랙 / 사이즈: M,배송빠르고 사이즈 괜찮아요,4,1
zi****,2020-06-21T22:06:50.000+00:00,상품선택: 러닝벨트 / 색상: 형광 / 사이즈: M,몸을 착 감싸서 불편한좀이 없고 수납도 편해서 좋아요,5,1
codb*****,2020-06-05T01:54:51.000+00:00,상품선택: 러닝벨트 / 색상: 블랙 / 사이즈: S,너무 좋아서 블로그에 리뷰 올렸어요!!ㅎㅎhttps://m.blog.naver.com/codbs0649/221981167075,5,1
byeo******,2020-06-11T07:56:17.000+00:00,상품선택: 러닝벨트 / 색상: 블랙 / 사이즈: S,조깅할때 정말 유용합니다!!! 핸드폰 알맞게들어가고 허리에 흔들리지않고 잘 붙어있어요! 가격대비 정말좋습니다.! ^^,5,1
gngn*****,2020-05-30T14:12:31.000+00:00,상품선택: 러닝벨트 / 색상: 블랙 / 사이즈: S,아침 달리기 할때 쓰려고 샀는데 가격도 착하고 아주 편하고 좋아요,5,1
erre****,2020-07-14T09:56:29.000+00:00,상품선택: 러닝벨트 / 색상: 블루 / 사이즈: M,배송빠르고 좋아요 좋아요 좋아요,5,1
momh*****,2020-06-05T02:23:52.000+00:00,상품선택: 러닝벨트 / 색상: 블루 / 사이즈: L,사용학보니 만족스럽습다 추천,5,1
arbo*****,2020-06-11T14:11:26.000+00:00,상품선택: 러닝벨트 / 색상: 형광 / 사이즈: S,아주 좋아요. 조일까봐 걱정했는데 골반에 편하게 맞아요. S사이즈 좋아요,5,1
thde****,2020-06-03T04:47:20.000+00:00,상품선택: 러닝벨트 / 색상: 블랙 / 사이즈: S,딱 알맞은 가이즈여서 런닝할 때 좋아요,5,1
wlgn******,2020-06-25T09:42:26.000+00:00,상품선택: 러닝벨트 / 색상: 블랙 / 사이즈: M,러닝할때 안흘러내리고 좋아요.,5,1
youn*******,2020-06-07T02:25:26.000+00:00,상품선택: 러닝벨트 / 색상: 블랙 / 사이즈: S,달릴때 신경안쓰이고 엄청편해요!,5,1
park*******,2020-06-12T04:46:27.000+00:00,상품선택: 러닝벨트 / 색상: 블랙 / 사이즈: S,운동복 재질에 따라서 계속 위로 올라가는 경우도 있더라구요. 그점 제외하면 정말 잘 사용하고 있습니다.,4,1
yong****,2020-06-11T07:33:43.000+00:00,상품선택: 러닝벨트 / 색상: 블랙 / 사이즈: M,"암밴드쓰다가 플립벨트가 편하다고해서
구매했는데 암배드보다는 편하네요.잘쓰겠습니다",5,1
yham****,2020-06-25T18:00:17.000+00:00,상품선택: 러닝벨트 / 색상: 블랙 / 사이즈: M,운동할때 편해요. 질샀어요,5,1
bs****,2020-05-25T14:22:02.000+00:00,상품선택: 러닝벨트 / 색상: 블랙 / 사이즈: M,"M사이즈 샀는데 약간 쫄리게 잘 맞아요!
운동할때 너무 잘쓰고있습니당!",5,1
uk****,2020-05-31T17:06:10.000+00:00,상품선택: 러닝벨트 / 색상: 블랙 / 사이즈: S,착용해보니까 착 달라붙어서 안 흔들리고 좋아요,5,1
koob******,2020-05-29T04:30:09.000+00:00,,"제품 배송 모두 만족합니다.
너무 편해요.",5,1
rhdu****,2020-06-04T17:02:38.000+00:00,상품선택: 러닝벨트 / 색상: 블랙 / 사이즈: M,팔뚝보다 편하고 좋아요,5,1
jinn****,2020-06-08T08:23:58.000+00:00,상품선택: 러닝벨트 / 색상: 블랙 / 사이즈: M,마감은 좋지 않아요,4,1
suni*****,2020-05-29T10:27:46.000+00:00,상품선택: 러닝벨트 / 색상: 블랙 / 사이즈: S,와이프꺼 같이 샀는데핸드폰 에어팟잘들어가고좋아요,5,1
jiuk****,2020-06-20T04:04:25.000+00:00,상품선택: 러닝벨트 / 색상: 블랙 / 사이즈: M,핸드폰이 있는지 없는지도 모를정도로 너무 고정 잘됩니다~ 이즈굿!!,5,1
xort****,2020-06-19T00:14:43.000+00:00,상품선택: 러닝벨트 / 색상: 블랙 / 사이즈: L,핸드폰이 빠질것같지만 빠진적이 없어여 가성비최고인듯!,5,1
al****,2020-06-10T10:31:53.000+00:00,상품선택: 러닝벨트 / 색상: 블랙 / 사이즈: S,"손에 물건쥐고 뛰는게 걸리적거려서 샀는데 정말 마음에 듭니다
지퍼같은게 없어서 빠지진 않을까했는데 달려도 전혀 흔들림없네요 굳!!",5,1
bs10******,2020-06-03T11:42:55.000+00:00,상품선택: 러닝벨트 / 색상: 블랙 / 사이즈: M,쫀쫀하고 좋네요 잘쓰겠습다,5,1
bbog******,2020-05-25T01:33:12.000+00:00,상품선택: 러닝벨트 / 색상: 블랙 / 사이즈: S,지퍼가 없어서 불편해요ㅜㅜ 핸드폰 꾸역꾸역 밀어넣어야함..,2,1
op****,2020-06-24T10:49:20.000+00:00,상품선택: 러닝벨트 / 색상: 블랙 / 사이즈: L,딱 좋음 손목아대 어디다 씀?,5,1
them*******,2020-05-27T13:50:36.000+00:00,상품선택: 러닝벨트 / 색상: 블랙 / 사이즈: M,"일단 디자인이나 착용감에서 고급스러워보이진 않습니다
그리고 사용성 측면이서는 벨크로나 지퍼 같은게 없다보니 입을 때 벗을 때 좀 불편하고, 입고 나서는 구멍이 어디있는지 몰라 돌려가면서 넣으면 옷이 같이 돌아가니 좀 불편하네요ㅎㅅㅎ
그래도 핸드폰 들어가고 고정되는거보니 원하던 기능은 하고, 저렴한 제품이니 사용해보려고 합니다",3,1
takg***,2020-06-04T00:23:21.000+00:00,상품선택: 러닝벨트 / 색상: 블랙 / 사이즈: M,"집에서 먼저 착용해봤는데 굉장히 만족스러웠습니다.
정사이즈 보다 한치수 작은 사이즈 추천 드립니다.",5,1
mycl*******,2020-06-11T03:43:55.000+00:00,상품선택: 러닝벨트 / 색상: 블랙 / 사이즈: M,"러닝 초보입니다.
정말 편해서 날마다 감동하고있습니다!!
제품도 튼튼하고 정말 좋네요!!",5,1
qhfk******,2020-06-12T01:59:46.000+00:00,상품선택: 러닝벨트 / 색상: 블랙 / 사이즈: M,짱짱하고 편해요. 입고 벗을 때 좀 불편하지만 그것만 빼면 만족스러워요,5,2
qhfk******,2020-06-12T01:58:35.000+00:00,상품선택: 러닝벨트 / 색상: 블랙 / 사이즈: S,짱짱하고 편해요. 입고 벗을 때 좀 불편하지만 그것만 빼면 만족스러워요,5,1
o984***,2020-06-20T04:09:51.000+00:00,상품선택: 러닝벨트 / 색상: 블랙 / 사이즈: L,배송빠르고 상품만족합니다,5,1
maya***,2020-05-18T11:37:46.000+00:00,상품선택: 러닝벨트 / 색상: 블랙 / 사이즈: S,손은 프리하니 좋습니다만  지갑형 케이스라 폰만 따라 빼서 넣습니다.  그 의미로 산거라 다른 사소함은 패스..,4,1
suni*****,2020-05-29T10:26:18.000+00:00,상품선택: 러닝벨트 / 색상: 블랙 / 사이즈: M,달리기할때내몸의일부같이정말편하네요,5,1
wjdd********,2020-06-11T04:45:06.000+00:00,상품선택: 러닝벨트 / 색상: 블랙 / 사이즈: L,32인데 L사이즈 하니깐 애매하네요 M 사시면 될 것 같습니다.,5,1
yugo****,2020-06-20T23:48:34.000+00:00,상품선택: 러닝벨트 / 색상: 형광 / 사이즈: S,가볍게 쓰기 좋아요,5,1
ione****,2020-06-15T01:51:03.000+00:00,상품선택: 러닝벨트 / 색상: 블랙 / 사이즈: S,달리기할때 필수품 안에 고리도 있고 좋아요,5,1
jiju*****,2020-06-19T10:49:47.000+00:00,상품선택: 러닝벨트 / 색상: 블랙 / 사이즈: L,아직 쓰기전인데 짱짱해서 좋을듯,3,1
jang*****,2020-06-21T09:03:06.000+00:00,상품선택: 러닝벨트 / 색상: 블랙 / 사이즈: M,운동할때 필수품이네요~,5,1
bonn*****,2020-05-14T10:35:50.000+00:00,상품선택: 러닝벨트 / 색상: 블랙 / 사이즈: S,처음 써보는데 쫀쫀하고 안빠져요 단점은 뺄때 뻑뻑해서 폰케이스가 자꾸 벗겨짐 ㅠ,4,1
93_0****,2020-06-08T07:38:13.000+00:00,상품선택: 러닝벨트 / 색상: 블랙 / 사이즈: M,평소 런닝할때 벨트 착용하고 스마트폰을 넣고 뛰는데 이질감이 전혀 느껴지지 않네요 사이즈는 적당합니다,5,1
wclo***,2020-06-15T04:49:10.000+00:00,상품선택: 러닝벨트 / 색상: 블루 / 사이즈: S,감사합니다 잘 쓸게요,5,1
hung******,2020-06-05T06:45:33.000+00:00,상품선택: 러닝벨트 / 색상: 블랙 / 사이즈: S,허리 29인치 바지 입는 아재입니다. S사이즈 작을까 걱정했는데 잘 맞네요,5,1
sunb*****,2020-05-19T08:56:33.000+00:00,상품선택: 러닝벨트 / 색상: 블랙 / 사이즈: M,"183 75 맨몸에 착용했을때는 너무 쪼이지않고 딱 맞습니다
바지나 옷위에 착용하면 딱 좋을거 같습니다",5,1
1024***,2020-06-01T02:15:36.000+00:00,상품선택: 러닝벨트 / 색상: 블랙 / 사이즈: M,"남자 허리 32인치 m 사이즈 딱 좋습니다.
걷거나 러닝하기에 좋은데 아이폰 x 크기까진 들어가나
그 이상 크기는 힘들 듯 합니다. 참고하세요",5,1
dtg0****,2020-05-12T09:07:25.000+00:00,상품선택: 러닝벨트 / 색상: 블랙 / 사이즈: S,시간이 잘 맞아서 오늘 운동가기전에 받았어요. 사이즈도 잘 맞고 폰 손에 안들고 다니니까 엄청 편하네요ㅎㅎ,5,1
be****,2020-06-11T09:32:34.000+00:00,상품선택: 러닝벨트 / 색상: 블랙 / 사이즈: M,허리춤에 차고 달리면 진짜 있는 듯 없는 듯 해서 좋아요!,4,1
thwj*******,2020-04-19T23:57:40.000+00:00,상품선택: 러닝벨트 / 색상: 블랙 / 사이즈: S,"좋아요 완전 편해요 
잘 늘어나구요 넣고 뺄때도 편해요 
자크는 아닌데 넣어도 빠지는것도 아니예요 
아이폰텐 들어가고 카드랑 에어팟도 다 들어갑니다 러닝할때 잘 쓰겠습니다 
그리고 쓰다보면 쫌 늘어나는것같아요 사이즈 작게해도 될것같아요 
그리고 뛰다보면 밴드가 약간 올라가서 허리보다는 가슴하고 허리사이 정도에 사이즈를 맞추는게 더 맞을것같아요",5,1
heos****,2020-05-23T02:54:30.000+00:00,상품선택: 러닝벨트 / 색상: 블랙 / 사이즈: S,휴대폰아이팟카드차키 딱이예요 뛸때넘편하고좋네요ㅎㅎ,5,1
tw****,2020-05-04T10:19:58.000+00:00,상품선택: 러닝벨트 / 색상: 블랙 / 사이즈: M,"달리기 하러 나갈때 무조건 하고 나갑니다..
허리핸폰 넣고 뛰기 너무좋아요",5,1
ku****,2020-06-02T10:49:29.000+00:00,상품선택: 러닝벨트 / 색상: 블랙 / 사이즈: S,너무 좋은 리뷰보고 구매했어요 이제 열심히 런닝할 일만 남았네용,5,1
iron*******,2020-06-04T13:23:37.000+00:00,상품선택: 러닝벨트 / 색상: 블랙 / 사이즈: S,생각보다 튼튼하고 running 할 때 빠지는 느낌이 없습니다 가격도 싼만큼 그때그때 새로 사줘도 될 것 같습니다,5,1
ehdw*****,2020-06-21T03:18:32.000+00:00,상품선택: 러닝벨트 / 색상: 블랙 / 사이즈: M,쫑쫑하니 좋아욯ㅎㅎㅎ,5,1
whdk******,2020-06-08T09:45:49.000+00:00,상품선택: 러닝벨트 / 색상: 블랙 / 사이즈: M,아주잘쓰고잇어요 . 흘러냐리지않고 뛰어도 편해요,5,1
hs****,2020-06-19T05:10:53.000+00:00,상품선택: 러닝벨트 / 색상: 블랙 / 사이즈: S,귯귯 엄청 편하고 가벼유ㅓ오,5,1
64****,2020-06-14T06:36:45.000+00:00,상품선택: 러닝벨트 / 색상: 블랙 / 사이즈: M,배송 빨라요 감사합니다,5,1
cyel*****,2020-06-08T05:25:27.000+00:00,상품선택: 러닝벨트 / 색상: 블랙 / 사이즈: S,"핸드폰도 잘 들어가고 
무게때문에 흘러내리지 않을까 싶었는데 
골반에 걸치니까 고정도 잘 되네요",5,1
k4****,2020-06-13T04:37:29.000+00:00,상품선택: 러닝벨트 / 색상: 블랙 / 사이즈: M,아주 좋습니다. 사이즈 딱 맞아요,5,1
ekth***********,2020-06-11T21:11:12.000+00:00,상품선택: 러닝벨트 / 색상: 블랙 / 사이즈: L,"아직 사용 전이지만 쫀쫀한듯해요
배송도 빠릅니다",4,1
n8****,2020-06-08T23:12:39.000+00:00,상품선택: 러닝벨트 / 색상: 블랙 / 사이즈: S,조깅할때 쓰려고 샀어요 넘 편하고 좋네요,5,1
dobi*****,2020-06-08T06:41:44.000+00:00,상품선택: 러닝벨트 / 색상: 블루 / 사이즈: M,감사합니다. 잘쓰고 있습니다!,5,1
hn04***,2020-05-20T08:25:28.000+00:00,상품선택: 러닝벨트 / 색상: 블랙 / 사이즈: M,좋아용 ㅎㅎ 아직 사용은 안해봤어요,5,1
noma*****,2020-05-19T12:19:36.000+00:00,상품선택: 러닝벨트 / 색상: 블랙 / 사이즈: M,탄력도 좋고 좋은데 약간의구김이 아쉽네요,3,1
ko****,2020-06-10T23:05:33.000+00:00,상품선택: 러닝벨트 / 색상: 블랙 / 사이즈: L,여름에 조깅이나 산책시 아주 좋아요..,4,1
uwer********,2020-05-16T13:57:19.000+00:00,상품선택: 러닝벨트 / 색상: 블랙 / 사이즈: S,"허리 27 이라 s 구매했고 골반에 착용했어요 더워지니 바람막이 못 입겠고, 바람막이 없으니 주머니가 없어서요 휴대전화하고 카드 하나, 차 키 넣었는데 고정도 잘 되고 좋아요 m사이즈는 친구 선물할 거예요",4,1
wlsc******,2020-05-15T10:46:00.000+00:00,상품선택: 러닝벨트 / 색상: 블랙 / 사이즈: M,운동할 때 편하게 쓸 수 있어 좋네요. 입고 벗기가 좀 귀찮아요,4,1
hana******,2020-05-31T07:00:44.000+00:00,상품선택: 러닝벨트 / 색상: 블랙 / 사이즈: M,"배송 빠르구요, 생각보다 착용감이 좋네요. 운동할때 많이 괜찮을거 같아요",5,1
zena****,2020-06-02T01:40:51.000+00:00,상품선택: 러닝벨트 / 색상: 블랙 / 사이즈: S,사이즈 잘맞네요 근데올라가요 ㅋㅋ 그래도 가격대비 만족입니당,5,1
saza*****,2020-05-21T10:08:37.000+00:00,상품선택: 러닝벨트 / 색상: 블랙 / 사이즈: L,쫀쫀하고 좋네용 맘에 들어요,5,1
haal*****,2020-06-07T11:56:43.000+00:00,상품선택: 러닝벨트 / 색상: 블랙 / 사이즈: S,달릴 때 폰 소지가 불편했는데 이거 쓰니 손이 자유로워서 좋네요,5,1
rudx*****,2020-05-31T15:07:05.000+00:00,,"안 흘러내리고 사이즈 딱 좋네요
스마트폰 손에 안 쥐고 러닝하기 딱입니다",5,1
do****,2020-05-11T09:22:30.000+00:00,상품선택: 러닝벨트 / 색상: 블랙 / 사이즈: M,사실 써보지는 않았어요. 일단 구매하면 뛸까 싶어서요. 뛰겠죠 뭐... 그럴거라 믿습니다,5,1
yumo*****,2020-05-03T22:20:14.000+00:00,상품선택: 러닝벨트 / 색상: 블랙 / 사이즈: S,S주문하니까 쫀쫀하고 좋았어요! 제 폰이 아이폰 프로맥스인데도 쏙 들어가요 운동하기 넘 편할것 같아요 굿굿bb,5,1
lidk****,2020-05-26T13:52:48.000+00:00,상품선택: 러닝벨트 / 색상: 블랙 / 사이즈: M,"개인물품 들어가는 구멍쪽이 좁아서 어거지로 넣는 느낌이 강합니다(무슨 곱창 곱 만드는 느낌..?)
아이폰11 케이스 낀 상태로 많이 빽빽하게 들어가구요(M기준)",4,1
hyuk****,2020-06-15T01:28:11.000+00:00,상품선택: 러닝벨트 / 색상: 블랙 / 사이즈: S,26 꽉끼게 입는데 s잘 맞습니다.,5,1
kosh******,2020-06-14T02:41:49.000+00:00,상품선택: 러닝벨트 / 색상: 블랙 / 사이즈: M,완전 만족합니다~~,5,1
yong*****,2020-06-10T03:36:38.000+00:00,상품선택: 러닝벨트 / 색상: 블랙 / 사이즈: L,좋습니다 좋아요 조씁니다,5,1
c0me********,2020-06-10T21:57:18.000+00:00,상품선택: 러닝벨트 / 색상: 블랙 / 사이즈: M,계속 사용했는데 정말 좋네요~~^^,5,1
chrh***,2020-04-28T03:13:20.000+00:00,상품선택: 러닝벨트 / 색상: 블랙 / 사이즈: S,핸드폰을 손에 들고 뛰기가 불편해서 구입했습니다. 지퍼형식이 아니라 구멍 속으로 넣는 형태라서 폰이 떨어지지 않을까 걱정되긴하지만.. 다른 분들 후기 믿고 잘 쓸게요~~,5,1
mm****,2020-06-11T03:06:59.000+00:00,,올해 산거중에 두번째로 잘 삼,5,1
choi****,2020-06-07T05:09:38.000+00:00,상품선택: 러닝벨트 / 색상: 블랙 / 사이즈: M,달리다보면 뒤집어짐 비추입니다,2,1
akwg***,2020-05-22T12:14:53.000+00:00,상품선택: 러닝벨트 / 색상: 블랙 / 사이즈: M,허리에 안 찬 것처럼 편해요~,5,1
rapo***,2020-06-14T00:00:02.000+00:00,상품선택: 러닝벨트 / 색상: 블랙 / 사이즈: L,배송 아주 빠릅니다.,5,2
rapo***,2020-06-13T23:59:43.000+00:00,상품선택: 러닝벨트 / 색상: 블랙 / 사이즈: S,배송 아주 빠릅니다.,5,1
anho****,2020-05-25T11:31:14.000+00:00,상품선택: 러닝벨트 / 색상: 블랙 / 사이즈: M,운동할때 필수품!!,5,1
rlad******,2020-05-27T02:06:55.000+00:00,상품선택: 러닝벨트 / 색상: 블랙 / 사이즈: M,"배송 빠르고 상품도 좋아요 지퍼가 없지만 절대 빠질일은 없을 거 같아요
177/71 m 저는 딱 맞아요",5,1
says********,2020-06-10T11:45:53.000+00:00,상품선택: 러닝벨트 / 색상: 블랙 / 사이즈: S,상품이 예상한 것과 같습니다.,5,1
kc_e***,2020-05-20T03:47:10.000+00:00,상품선택: 러닝벨트 / 색상: 블랙 / 사이즈: M,확실히 운동할 때 너무 편합니다,5,1
y191***,2020-06-04T04:07:22.000+00:00,상품선택: 러닝벨트 / 색상: 블랙 / 사이즈: S,폰넣고 다니는데 혹여 빠지진 않을까 걱정햇지만 쫀쫀한게 좋네요!,5,1
bada***,2020-05-20T03:43:42.000+00:00,상품선택: 러닝벨트 / 색상: 블랙 / 사이즈: S,"짱짱하고 좋습니다!
러닝할 때 넘 편해요!!!",5,1
wate*******,2020-05-07T11:10:20.000+00:00,상품선택: 러닝벨트 / 색상: 블랙 / 사이즈: M,"아이폼 xs max라 좀 빡빡하긴 한데 들어가긴 해요
오래 쓴다고 늘어나지는 않았으면 좋겠네요
178 72인데 m사이즈 잘 맞아요",4,1
rudg*******,2020-06-03T14:04:37.000+00:00,상품선택: 러닝벨트 / 색상: 블랙 / 사이즈: M,스마트폰을 넣고 뛰기 좋습니다 다만 조그만한 물건은 좀 주의 필요,4,1
dolp*****,2020-06-08T14:10:43.000+00:00,상품선택: 러닝벨트 / 색상: 블랙 / 사이즈: M,러닝할 때 최고의 아이템!,5,1
soeo***,2020-04-01T10:48:50.000+00:00,상품선택: 러닝벨트 / 색상: 블랙 / 사이즈: S,"완전 편하네요
핸드폰 주머니에 넣고 걸으면 무게때문에 옷이 한쪽으로 쏠리는게 불편했는데
세상 편하고요
홈트할때도 끼고하는데 걸음수 측정 잘되네요
넘조아요",5,1
ut****,2020-06-05T11:20:58.000+00:00,상품선택: 러닝벨트 / 색상: 블랙 / 사이즈: M,손에 들고 뛰다가 사니까 최고임,5,1
le****,2020-05-27T00:49:37.000+00:00,상품선택: 러닝벨트 / 색상: 블루 / 사이즈: S,허리에 채우는 방식이 아니라서 다리로부터 껴야하지만 옷위로 크게 티가 안나고 괜찮아요,5,2
le****,2020-05-27T00:49:25.000+00:00,상품선택: 러닝벨트 / 색상: 블루 / 사이즈: M,허리에 채우는 방식이 아니라서 다리로부터 껴야하지만 옷위로 크게 티가 안나고 괜찮아요,5,1
zhzh****,2020-05-17T09:28:18.000+00:00,상품선택: 러닝벨트 / 색상: 블랙 / 사이즈: S,택배도 빠르고 좋아요,5,1
jboo***,2020-05-11T01:55:03.000+00:00,상품선택: 러닝벨트 / 색상: 블랙 / 사이즈: L,사용해보니 고정 잘되고 편합니다!,5,1
ay****,2020-04-11T13:05:09.000+00:00,상품선택: 러닝벨트 / 색상: 블랙 / 사이즈: S,"러닝 시작했는데 착용해보니 달릴 때 거슬리지 않고 고정이 잘돼서 좋아요!
끼고 뺄 때 옷을 올려서 해야해서 좀 민망?하긴 하지만 운동할 때 편해서 좋네요
배송도 빨랐어요 감사합니다^.^ 플립벨트 차고 운동 열심히 할게요!",5,1
mm****,2020-05-13T04:56:30.000+00:00,상품선택: 러닝벨트 / 색상: 블랙 / 사이즈: M,185/70인데 사이즈 괜찮네요 잘 쓰겠습니다 ^^,4,1
tmd0***,2020-06-10T12:01:56.000+00:00,상품선택: 러닝벨트 / 색상: 블랙 / 사이즈: M,만족스럽네요....,5,1
hi****,2020-06-01T02:42:22.000+00:00,상품선택: 러닝벨트 / 색상: 블랙 / 사이즈: M,가볍고 편해요. 남편이 L써서 저는 M구매,3,1
kd****,2020-06-04T04:22:39.000+00:00,상품선택: 러닝벨트 / 색상: 형광 / 사이즈: S,노트 사용하는데 넣고빼기가 불편하네요,3,1
daeb****,2020-05-18T14:37:25.000+00:00,상품선택: 러닝벨트 / 색상: 블랙 / 사이즈: L,"최강
암밴드보다좋은듯",5,1
jhae*****,2020-06-01T07:07:44.000+00:00,상품선택: 러닝벨트 / 색상: 블랙 / 사이즈: S,지퍼가 없어서 불안했지만 아이폰11 안떨어지고 잘쓰고있습니다!,4,1
pasd***,2020-06-04T14:48:05.000+00:00,상품선택: 러닝벨트 / 색상: 블랙 / 사이즈: S,남자 허리28에 62키로대 마른편.  S사이즈 잘 맞아요,5,1
dhpr***,2020-05-16T02:37:23.000+00:00,상품선택: 러닝벨트 / 색상: 형광 / 사이즈: M,조깅할때는 이만한 제품 없습니다~,5,1
go****,2020-05-11T02:08:22.000+00:00,상품선택: 러닝벨트 / 색상: 블랙 / 사이즈: S,운동하면서 스마트폰 휴대하기 아주 좋아요,5,1
rhau********,2020-05-15T08:25:29.000+00:00,상품선택: 러닝벨트 / 색상: 블랙 / 사이즈: S,폰넣고 달려도 안흔들리고 좋아용,5,1
cmc1***,2020-06-03T01:00:47.000+00:00,,정말잘쓰고있습니다 좋아요,5,1
hyun********,2020-06-01T14:08:30.000+00:00,상품선택: 러닝벨트 / 색상: 블랙 / 사이즈: M,런닝할 때 너무 편안해요 감사합니다!,5,1
lbbj****,2020-05-06T19:11:44.000+00:00,상품선택: 러닝벨트 / 색상: 블랙 / 사이즈: L,음..솔직히 배송온거에 대한 의견입니다. 허리밴드 포장은 좀. 다시 포장한거 같은 느낌이었어요. ;; 머리띠도 같이 시켰는데 머리띠랑 아대는 좋네요.. 재포장이든 신제품이든.. 암튼 물건은 좋네요.. 어차피 운동하면서 쓸거니까. 뭐.. 사업 번창하세요..,4,1
hsw0***,2020-06-04T00:01:57.000+00:00,,러닝할때 유용한 아이템인것 같아요 !,4,1
rzez*****,2020-05-15T02:41:20.000+00:00,상품선택: 러닝벨트 / 색상: 블랙 / 사이즈: S,허리 31 S이지만 늘어날거 생각하고 샀어요,5,1
yi****,2020-05-30T07:53:27.000+00:00,상품선택: 러닝벨트 / 색상: 블랙 / 사이즈: L,살이 쪄서 ㅠ 좀 작지만 잘 쓰고 있어요,4,1
mizr****,2020-05-10T04:13:10.000+00:00,상품선택: 러닝벨트 / 색상: 블루 / 사이즈: S,파우치 벨트형 두세게 썼었는데 다 불편했었습니다. 진작에 알았으면 ... 오늘 처음 무선이어폰에 휴대폰 런닝벨트 넣고 운동했는데 정말 좋네요. 운동할 때 휴대폰 무거워서 애플워치 셀루러 살까 고민 이었는데..돈 굳었네요.,5,1
leef****,2020-05-30T10:25:35.000+00:00,상품선택: 러닝벨트 / 색상: 블랙 / 사이즈: M,가볍고 좋아요 러닝할때나 조깅때 하기 딱이에요,5,1
whf4***,2020-05-24T03:25:27.000+00:00,상품선택: 러닝벨트 / 색상: 블랙 / 사이즈: M,왜 이제 샀을까 생각되네요! 런닝할 때 너무 좋습니다,5,1
pc****,2020-04-23T06:28:01.000+00:00,상품선택: 러닝벨트 / 색상: 블루 / 사이즈: S,운동할때 이거만큼 유용한게 없는거 같습니다 외국브랜드 비싸게 주고 사는거 보다 저렴하게 이 밴드 사서 착용하는게 훨씬 가성비 좋습니다 남편것 제것 두개 구매해서 잘 쓰고 있습니다 러닝할때 헐렁이는거 전혀 없어서 좋습니다,5,1
ssin****,2020-06-02T06:37:03.000+00:00,상품선택: 러닝벨트 / 색상: 블랙 / 사이즈: M,"배송빠릅니다
가성비 좋아요",5,1
kiss****,2020-06-19T21:56:27.000+00:00,상품선택: 러닝벨트 / 색상: 형광 / 사이즈: L,좋아요 좋아요 잘쓸께요,3,1
hans********,2020-05-27T01:49:09.000+00:00,상품선택: 러닝벨트 / 색상: 블랙 / 사이즈: S,편하고 좋습니다. 신축성있어서 조금 쪼여도 좋고 커도 좋아요,5,1
mdso*****,2020-05-01T00:44:02.000+00:00,상품선택: 러닝벨트 / 색상: 블랙 / 사이즈: L,"이걸  왜모르고 살았을까요
암 밴드보다 편해요
사이즈별로 구매해 가족이 같이 쓰고있어요",5,2
mdso*****,2020-05-01T00:43:35.000+00:00,상품선택: 러닝벨트 / 색상: 블랙 / 사이즈: S,"이걸  왜모르고 살았을까요
암 밴드보다 편해요
사이즈별로 구매해 가족이 같이 쓰고있어요",5,1
susi*******,2020-05-30T01:51:07.000+00:00,상품선택: 러닝벨트 / 색상: 블랙 / 사이즈: S,맨날 핸폰 손에들고 뛰었는데..너무 좋아요ㅋ,3,1
vene******,2020-04-08T11:01:41.000+00:00,상품선택: 러닝벨트 / 색상: 블랙 / 사이즈: S,탄탄하고 좋으네요! 요번에 핸드폰을 바꿨는데 워낙 무게가 있는 제품이라 들고 달리다보니 양쪽 팔에 테니스 엘보우 초기증상이 ㅠㅠ 그래서 바로 구매했죠. 오자마자 바로 입어봤는데 짱짱하고 흘러내릴 걱정 없는게 너무 좋아요 ㅎㅎ 핸드폰이 좀 크다보니 배가 아니라 허리쪽으로 넣고 달려야겠네요 ㅎㅎㅎ 맘에들어여!!,5,1
lshm***,2020-06-03T14:12:22.000+00:00,상품선택: 러닝벨트 / 색상: 블랙 / 사이즈: M,좋아서 하나 더 구매했어요,5,1
a_ap****,2020-05-24T05:37:25.000+00:00,상품선택: 러닝벨트 / 색상: 블랙 / 사이즈: M,안정적으로 잡아줘서 좋네요. 헤어밴드도 좋아요!,5,1
jo98****,2020-04-10T11:31:18.000+00:00,상품선택: 러닝벨트 / 색상: 블랙 / 사이즈: S,"헐 이거 너무 좋은데요?????
에어팟이랑 아이폰11 두개 다 들어가요
낼 한번 뛰어봐야 알겠지만 집에서 뛰니까 하나도 안흔들리고 좋아여ㅜㅜ오오오ㅗ옹 신기해!",5,1
burt****,2020-05-31T22:34:30.000+00:00,,암밴드 보다 편하고 좋아요~,5,1
m1****,2020-05-11T11:10:02.000+00:00,상품선택: 러닝벨트 / 색상: 블랙 / 사이즈: S,"핸드폰이랑 카드 넣어서 뛰었는데 좋아요
핸드폰 빼다가 카드가 떨어진적은 있는데 그냥 달릴땐 한번도 빠진적없고 아이폰Xr 쓰는데 무겁지도 않고 그냥 없는거같이 편해요 짱",5,1
0222*****,2020-05-22T00:03:15.000+00:00,상품선택: 러닝벨트 / 색상: 블랙 / 사이즈: S,편하고 좋아요 구멍 간격이 넓었으면 더 좋았을듯,5,1
grip******,2020-05-31T13:47:51.000+00:00,상품선택: 러닝벨트 / 색상: 블랙 / 사이즈: L,배송빠르고 달려보니 좋네요^^,5,1
lshm***,2020-06-03T14:12:33.000+00:00,상품선택: 러닝벨트 / 색상: 블랙 / 사이즈: S,3개째 규매중이에요 대박쓰,5,1
kmy1****,2020-06-01T04:38:54.000+00:00,상품선택: 러닝벨트 / 색상: 블랙 / 사이즈: S,짱짱하니 너무 좋아용,5,1
ri****,2020-04-21T13:09:53.000+00:00,상품선택: 러닝벨트 / 색상: 블랙 / 사이즈: S,원래 쓰던 건데 잃어버려서 재구매 합니다 아주 간편하고 좋아요 그리고 빤쓰 100 입으셔도 S로 구매하세요,5,1
ducs***,2020-06-03T23:41:22.000+00:00,상품선택: 러닝벨트 / 색상: 블랙 / 사이즈: L,"좀 써봤는데,
쓸만 합니다.",5,1
kjo5******,2020-05-28T21:45:41.000+00:00,상품선택: 러닝벨트 / 색상: 블랙 / 사이즈: S,신속한 배송 너무 마음에 들어요,5,1
thal*****,2020-05-13T23:36:40.000+00:00,상품선택: 러닝벨트 / 색상: 블랙 / 사이즈: S,팔에만 하면 아무래도 균형잡힌 움직임이나 동작을 하기 힘들텐데 배에 정중앙에 하니 그런부분이 안심됩니다. s 사니까 딱맞네용,5,1
hanb******,2020-05-12T00:27:08.000+00:00,상품선택: 러닝벨트 / 색상: 블랙 / 사이즈: S,"날씨가 굉장히 좋아져서 공원에서 러닝할떄 쓰려구 구매했어요 탄탄하니 내용물 안빠져서 좋은데 
배 중앙에 해야 안정적이네요 골반은 불편할것 같아요",5,1
cour*******,2020-05-25T08:11:52.000+00:00,상품선택: 러닝벨트 / 색상: 블랙 / 사이즈: M,좋습니다요오오화이팅,5,1
l1****,2020-05-25T05:50:09.000+00:00,상품선택: 러닝벨트 / 색상: 블랙 / 사이즈: M,아직 사용전이지만 트레일 러닝 및 간편한등산시 유용할것 같습니다.,4,1
nico*******,2020-05-24T23:00:37.000+00:00,상품선택: 러닝벨트 / 색상: 블랙 / 사이즈: S,짱짱해요 핸드폰이 안빠질지 달려봐야겠어요,4,1
olwr*****,2020-05-02T10:42:05.000+00:00,상품선택: 러닝벨트 / 색상: 블랙 / 사이즈: S,골반에차야하나요? 배에찼더니 뛸때 답답한 느낌이에요,4,1
0119***,2020-05-16T02:56:43.000+00:00,상품선택: 러닝벨트 / 색상: 블랙 / 사이즈: S,"올이
풀려왔어요....",3,1
ohnr***,2020-05-27T00:18:01.000+00:00,상품선택: 러닝벨트 / 색상: 블랙 / 사이즈: M,손이 자유로워 졌습니다. 감사합니다,4,1
pure******,2020-05-20T05:19:26.000+00:00,상품선택: 러닝벨트 / 색상: 블루 / 사이즈: S,생각보다 타이트하긴 한데 그래야 안빠지겠죠~ 잘쓰겠습니다,4,1
cs70****,2020-05-23T12:17:31.000+00:00,상품선택: 러닝벨트 / 색상: 블랙 / 사이즈: M,러닝할때 핸드폰 버즈케이스 집키등 넣고 뜁니다..좋아요,5,1
iron*******,2020-05-23T15:59:01.000+00:00,상품선택: 러닝벨트 / 색상: 블랙 / 사이즈: M,"확실히 달릴 때 편하네요
삭으면 다시 사도 될 만큼 가격 부담도 없구요~",5,1
mi****,2020-05-25T06:29:32.000+00:00,상품선택: 러닝벨트 / 색상: 블랙 / 사이즈: M,신축성이 좋고 물건 넣기 좋네요,5,1
kd****,2020-05-06T10:32:28.000+00:00,상품선택: 러닝벨트 / 색상: 블랙 / 사이즈: M,고정 잘되구 암밴드보다 훨씬 낫네요,5,1
lu****,2020-05-22T14:13:06.000+00:00,상품선택: 러닝벨트 / 색상: 형광 / 사이즈: S,짱짱하니 좋네요! 아주잘샀어요,5,1
jshw******,2020-04-24T04:34:38.000+00:00,상품선택: 러닝벨트 / 색상: 블랙 / 사이즈: L,짱짱하고 좋습니다 다만 핸드폰 꺼낼때 약간 불편함이 있긴 합니다만.. 착용시 안떨어진다는 장점인듯요!,5,1
pure******,2020-05-20T05:19:45.000+00:00,상품선택: 러닝벨트 / 색상: 블랙 / 사이즈: M,타이트하고 좋아요~ 안빠질 것 같아요,5,1
webm***,2020-05-10T03:47:32.000+00:00,상품선택: 러닝벨트 / 색상: 블랙 / 사이즈: L,허리에 부착 잘되고 편리하네요.. 구멍이 살짝 작은데 노트8 억지로 넣으면 확실하게 들어가네요.. 아침 운동하는데 손이 비니까 운동할 맛 나네요~,5,1
shj1***,2020-05-25T03:12:56.000+00:00,상품선택: 러닝벨트 / 색상: 블랙 / 사이즈: S,러닝할때 손이 자유롭고 엄청 편합니다,5,1
docd****,2020-05-20T13:06:10.000+00:00,상품선택: 러닝벨트 / 색상: 블랙 / 사이즈: S,제가생각했던 사이즈와 원단  모두 맘에  들어요,5,1
newh******,2020-05-22T02:27:30.000+00:00,상품선택: 러닝벨트 / 색상: 형광 / 사이즈: L,색상도 예쁘고 몸에 착 감기는게 좋네요~,3,1
juni***,2020-05-06T10:19:35.000+00:00,상품선택: 러닝벨트 / 색상: 블랙 / 사이즈: M,잘 쓰고 있습니다!! 좋아요!!,5,1
dh****,2020-05-07T05:34:51.000+00:00,상품선택: 러닝벨트 / 색상: 블랙 / 사이즈: M,러닝할때 매우 편해요,5,1
yaso***,2020-04-23T07:17:36.000+00:00,상품선택: 러닝벨트 / 색상: 블랙 / 사이즈: M,"러닝할때 손에 폰들고 다녔는데 확실히 이거 있으니까 편하고 좋네여^^
잘 산거 같아여~",5,1
happ********,2020-05-19T02:03:25.000+00:00,상품선택: 러닝벨트 / 색상: 블랙 / 사이즈: M,s 사서 제가 잘썼는데 보시고 엄마도 갖고 싶다 하셔서 m 사서 엄마 드렸어요 정말편합니다,5,1
dlwn*******,2020-05-03T03:52:18.000+00:00,상품선택: 러닝벨트 / 색상: 블랙 / 사이즈: L,잘쓰고있어용 만족해요,5,1
beck****,2020-05-26T03:46:43.000+00:00,,사이즈도 적당하고 좋습니다.,5,1
dnst******,2020-04-21T11:08:08.000+00:00,상품선택: 러닝벨트 / 색상: 블랙 / 사이즈: M,손에 핸드폰 안쥐고 달리는것은 정말 편함 하지만 달리다보면 허리까지 올라오는건 필연적임 애초에 골반밑으로 해야 그나마 낫다,3,1
anwl*******,2020-04-21T11:00:23.000+00:00,상품선택: 러닝벨트 / 색상: 블랙 / 사이즈: M,"상품받고 바로 착용해봤는데 쪼이지않고 편안하게 감싸주는 느낌이 들어서 좋았습니다
170/66 에 m사이즈 구매했습니다",5,1
onyx****,2020-05-18T08:53:59.000+00:00,상품선택: 러닝벨트 / 색상: 블랙 / 사이즈: M,"가격대비 성능우수
장기간사용시 괜찮을지는  미지수",5,1
azie***,2020-05-21T08:54:58.000+00:00,상품선택: 러닝벨트 / 색상: 블랙 / 사이즈: M,뛸때 흔들림없이 잘잡아주네요 추천합니다,5,1
gusg******,2020-05-21T05:55:18.000+00:00,상품선택: 러닝벨트 / 색상: 블랙 / 사이즈: M,"아주좋아요
허리 32인데 M 딱임
참고하세요~",5,1
psyc*******,2020-05-09T15:29:33.000+00:00,상품선택: 러닝벨트 / 색상: 블랙 / 사이즈: M,"평소 36, 몇몇은 38까지 입는데도 m사이즈 충분이 가능하고 물건수납도 문제없었습니다. 이거입고 열심히 뛰겠습니다",5,1
pc****,2020-04-23T06:30:40.000+00:00,상품선택: 러닝벨트 / 색상: 블루 / 사이즈: L,러닝할때 헐렁임이 없어 좋습니다 두께도 적당해서 가볍고 짱짱합니다 가성비 좋습니다,5,1
ga****,2020-05-19T09:31:02.000+00:00,상품선택: 러닝벨트 / 색상: 블랙 / 사이즈: S,잘받았습니다 쫀쫀해서 러닝시 흔들림없고 편하네요,5,1
uwer********,2020-05-16T13:58:27.000+00:00,상품선택: 러닝벨트 / 색상: 블랙 / 사이즈: M,"배송 엄청 빨랐어요 사진 보는 것과 같고, 다른 분들 후기 그대로입니다",4,1
dbsw*******,2020-05-04T08:46:45.000+00:00,상품선택: 러닝벨트 / 색상: 블랙 / 사이즈: S,"휴대폰을 넣기에는 커서 약간 불편하고, 카드나 이어폰은 빠질까 불안 불안해요 ㅠ  착용감은 편하고 좋아요! 저랑 안맞을뿐,,",4,1
panz*******,2020-05-29T14:16:18.000+00:00,상품선택: 러닝벨트 / 색상: 블랙 / 사이즈: M,매우 편하다 !!!,5,1
kim3***,2020-04-21T13:08:57.000+00:00,상품선택: 러닝벨트 / 색상: 블랙 / 사이즈: S,좀 늘어난다는 리뷰가 있어서 딱 맞게 주문했습니다 실용적으로 좋아 보여요,4,1
jong***,2020-05-12T05:57:42.000+00:00,상품선택: 러닝벨트 / 색상: 블랙 / 사이즈: L,배송도 빠르고 정사이즈네요 매우 유용하게 활용할거 같아요,5,1
kyw5***,2020-05-18T00:36:48.000+00:00,상품선택: 러닝벨트 / 색상: 블랙 / 사이즈: L,고정잘되고 편합니다 감사합니다,5,1
be****,2020-05-10T13:54:09.000+00:00,상품선택: 러닝벨트 / 색상: 블랙 / 사이즈: M,쫀쫀하고 딱 좋아요! 왜 암밴드보다 좋다는 지 알 것 같아요!,4,1
mo****,2020-05-16T11:08:19.000+00:00,상품선택: 러닝벨트 / 색상: 블랙 / 사이즈: M,최고 감사합니다 잘쓸게요,5,1
ke****,2020-05-19T04:36:19.000+00:00,상품선택: 러닝벨트 / 색상: 블랙 / 사이즈: S,달릴때 정말 편합니다 최고,5,1
od****,2020-05-18T07:17:56.000+00:00,상품선택: 러닝벨트 / 색상: 블랙 / 사이즈: M,"배송빠르고, 뛸때 써보니 딱좋음! 굿!",5,1
jhd1****,2020-04-14T01:42:41.000+00:00,상품선택: 러닝벨트 / 색상: 블루 / 사이즈: S,다 좋은데 지퍼가 안달려 입고 벗어야 되서 불편해요 그리고 지퍼있는 제품들보다 훨씬 비싸네요 저는 추천 하진 않을게요,5,1
sayn***,2020-05-17T13:12:27.000+00:00,상품선택: 러닝벨트 / 색상: 블랙 / 사이즈: L,남편이 필요하다고해서 사줬는데 편하다고 합니다.,5,1
real****,2020-05-19T04:34:55.000+00:00,상품선택: 러닝벨트 / 색상: 블랙 / 사이즈: L,착용하기 편하고 좋아요,5,1
jang*****,2020-05-23T02:33:01.000+00:00,상품선택: 러닝벨트 / 색상: 블랙 / 사이즈: M,안흘러내리고 좋네요.,5,1
tire*******,2020-05-20T21:10:26.000+00:00,상품선택: 러닝벨트 / 색상: 블랙 / 사이즈: M,아주 마음에 들어요.,5,1
dlaw*******,2020-06-19T23:07:54.000+00:00,상품선택: 러닝벨트 / 색상: 블랙 / 사이즈: L,~~~~~~~~~~,4,1
li****,2020-05-12T06:53:43.000+00:00,상품선택: 러닝벨트 / 색상: 블랙 / 사이즈: M,아직 시착해서 운동은 안해봤지만 쫀쫀하고 괜찮은것같습니다 ^^,4,1
sse7***,2020-04-28T07:35:40.000+00:00,상품선택: 러닝벨트 / 색상: 블랙 / 사이즈: S,"핸드폰 하나 밴드에 넣었을 뿐인데, 런닝 퀄리티가 상승하네요 ㅋㅋ 핸드폰이랑 에어팟 넣기 딱 좋습니다, 사이즈도 생각보다 잘 맞구요 ㅎㅎ",5,1
sm01***,2020-05-19T03:43:33.000+00:00,상품선택: 러닝벨트 / 색상: 블랙 / 사이즈: M,빠르게 받아서 좋아요,5,1
k__s******,2020-04-22T16:25:18.000+00:00,상품선택: 러닝벨트 / 색상: 블랙 / 사이즈: M,벨트 너무 편해요 진짜!! 암밴드 살까 고민하다가 이거 샀는데 강추합니다ㅏ,5,1
juns*****,2020-04-22T05:52:25.000+00:00,상품선택: 러닝벨트 / 색상: 블랙 / 사이즈: M,너무 편해요 달릴때 덜렁거리지 않습니다,5,1
melo******,2020-05-15T01:15:39.000+00:00,상품선택: 러닝벨트 / 색상: 블랙 / 사이즈: S,배송빠르고 운동할때 완전 좋아요!!,5,1
ghd9***,2020-04-27T00:20:39.000+00:00,상품선택: 러닝벨트 / 색상: 블랙 / 사이즈: S,"바지는 평소25정도 입는데 s시키니 안 내려가고 편하게 잘 사용하고 있습니다! 애플워치같은 거 없는 분들에겐 런닝벨트 진짜 최고,,,????",5,1
trun***,2020-05-10T16:17:37.000+00:00,상품선택: 러닝벨트 / 색상: 블랙 / 사이즈: S,"착용감 좋고, 러닝할 때 휴대폰 넣어다니기 좋아요",4,2
trun***,2020-05-10T16:16:39.000+00:00,상품선택: 러닝벨트 / 색상: 블랙 / 사이즈: M,"착용감 좋고, 러닝할 때 휴대폰 넣어다니기 좋아요",4,1
savi*****,2020-05-19T00:22:44.000+00:00,상품선택: 러닝벨트 / 색상: 블랙 / 사이즈: M,배송도 빠르고 좋네요.,5,1
lshm***,2020-05-08T16:51:39.000+00:00,상품선택: 러닝벨트 / 색상: 블랙 / 사이즈: S,최고네요 러닝최고템입니다 !,5,1
jjes****,2020-05-02T05:31:11.000+00:00,상품선택: 러닝벨트 / 색상: 블랙 / 사이즈: S,엄청 유용해요. 앞엔 신용카드 뒤엔 폰 넣어다녀요. s 조금 작긴 한데 쭉쭉 늘어나서 별로 무리는 없어요.,5,1
4h****,2020-05-15T00:48:14.000+00:00,상품선택: 러닝벨트 / 색상: 블랙 / 사이즈: M,겁나편합니다 암밴드 버리세요,5,1
cheo*****,2020-05-02T19:49:49.000+00:00,상품선택: 러닝벨트 / 색상: 블랙 / 사이즈: S,아이폰8플러스폰인데 배쪽으로 넣으니깐 안 빠지고 편하게 조깅할 수 있었어요 만족합니다,5,1
be****,2020-05-10T13:53:50.000+00:00,상품선택: 러닝벨트 / 색상: 블랙 / 사이즈: S,쫀쫀하고 불편하지도 않아요! 딱 좋네요~~~,5,1
tsye***,2020-04-13T07:02:49.000+00:00,상품선택: 러닝벨트 / 색상: 블랙 / 사이즈: M,아직 사용하지 않았습니다만은 쫀쫀하고 좋네요 운동하면서 쓰기 좋을거같습니다,5,1
thoo***,2020-04-13T03:09:16.000+00:00,상품선택: 러닝벨트 / 색상: 블루 / 사이즈: M,"뛸때 흔들림 없이 좋아요
저번에 s 사이즈 샀다가 배졸려서 힘들었는데
이번에는 m 사이즈 라서 딱 맞아요",5,1
irel*****,2020-05-12T20:18:48.000+00:00,상품선택: 러닝벨트 / 색상: 블랙 / 사이즈: S,쫀쫀하고 조아요 쳔해요,5,1
lolb*******,2020-05-06T06:24:51.000+00:00,상품선택: 러닝벨트 / 색상: 블랙 / 사이즈: M,180/75 제가 32바지 입는데 착 감김.  34인치 바지입으면 라지추천. m은 숨 못쉴듯,4,1
junj*****,2020-04-17T12:20:52.000+00:00,상품선택: 러닝벨트 / 색상: 블랙 / 사이즈: S,잘받았습니다 폰안들고뛸생각에 벌써설레네용,5,1
fggi****,2020-05-12T02:38:12.000+00:00,상품선택: 러닝벨트 / 색상: 블랙 / 사이즈: M,뛸때 안정적이고 너무 좋아요 ㅎㅎ,5,1
mino*****,2020-05-15T04:02:03.000+00:00,상품선택: 러닝벨트 / 색상: 블랙 / 사이즈: L,가볍고 간편하고 좋네요,4,1
ha****,2020-05-05T13:58:04.000+00:00,상품선택: 러닝벨트 / 색상: 블랙 / 사이즈: S,러닝의 신세계에요. 말리거나 흘러내리지않아요,5,1
cg****,2020-05-06T21:54:13.000+00:00,상품선택: 러닝벨트 / 색상: 블랙 / 사이즈: M,런닝할때 핸드폰에 신경안써도 돼서 너무 좋습니다.,5,1
chaw*****,2020-04-12T22:12:52.000+00:00,상품선택: 러닝벨트 / 색상: 블랙 / 사이즈: S,쫀쫀하고 좋네요~ 운동할 때 잘 쓰고 있습니다.,5,1
mi****,2020-05-11T15:05:32.000+00:00,상품선택: 러닝벨트 / 색상: 블랙 / 사이즈: L,가격 저렴하고 괜찮네요,5,1
chan*****,2020-05-10T14:21:33.000+00:00,상품선택: 러닝벨트 / 색상: 블랙 / 사이즈: L,런닝시 핸드폰을 편하게 지참가능하네요,5,1
koys****,2020-05-01T01:16:01.000+00:00,상품선택: 러닝벨트 / 색상: 블랙 / 사이즈: M,쫀쫀하니 좋네욤ㅁㅁ,5,1
solj****,2020-05-08T06:50:49.000+00:00,상품선택: 러닝벨트 / 색상: 블랙 / 사이즈: M,짱짱하니 괜찮네요 폰넣기 좋아요,5,1
daeh****,2020-05-09T07:38:42.000+00:00,상품선택: 러닝벨트 / 색상: 블루 / 사이즈: L,타이트한게 착용감이 좋네요,5,1
jame*******,2020-04-19T14:37:04.000+00:00,상품선택: 러닝벨트 / 색상: 블랙 / 사이즈: M,허리 33인치인데 M사이즈가 타이트하니 잘 맞네요.,5,1
wooj******,2020-05-13T03:32:51.000+00:00,상품선택: 러닝벨트 / 색상: 블랙 / 사이즈: S,배송 엄청빠르고 좋어요,5,1
stom******,2020-05-23T12:06:12.000+00:00,상품선택: 러닝벨트 / 색상: 블랙 / 사이즈: M,좋은듯.................,4,1
ayot*****,2020-05-08T13:31:03.000+00:00,상품선택: 러닝벨트 / 색상: 블랙 / 사이즈: L,딱 맞네요 잘 쓸께요,5,1
solj****,2020-05-08T06:50:32.000+00:00,상품선택: 러닝벨트 / 색상: 형광 / 사이즈: S,운동할때 안흘러내리고 좋아요,5,1
ooo1***,2020-05-08T16:52:50.000+00:00,상품선택: 러닝벨트 / 색상: 블랙 / 사이즈: M,생각보다 굉장히 짱짱합니다,5,1
bgb0***,2020-05-07T12:32:24.000+00:00,상품선택: 러닝벨트 / 색상: 블랙 / 사이즈: S,편하게 운동하고 있습니다 너무 좋앙ㅎ,4,1
mizr****,2020-05-10T04:08:58.000+00:00,상품선택: 러닝벨트 / 색상: 블랙 / 사이즈: L,몸에 밀착되어서 가뿐해서 좋습니다.,4,1
bami******,2020-05-02T22:58:50.000+00:00,상품선택: 러닝벨트 / 색상: 블랙 / 사이즈: S,가볍고 착용감 좋아요 런닝시 필수 ㅎㅎ,5,1
hear****,2020-04-05T08:25:51.000+00:00,상품선택: 러닝벨트 / 색상: 형광 / 사이즈: S,추천받고샀는데 넘 좋네요 :) 핸드폰넣고 뛰어도 덜렁거리지않아서 넘 편해요,5,1
7ohj******,2020-05-09T02:28:14.000+00:00,상품선택: 러닝벨트 / 색상: 블랙 / 사이즈: S,런닝할때 아주 좋아요,5,1
grea****,2020-03-19T10:01:50.000+00:00,상품선택: 러닝벨트 / 색상: 블랙 / 사이즈: M,"남자 허리 32 사이즈 때문에 고민많이했는데요~
M 사이즈가 좋습니다~ 착용감좋아요~",5,1
ione****,2020-05-06T14:29:00.000+00:00,상품선택: 러닝벨트 / 색상: 블랙 / 사이즈: S,조깅할때 넘 편해요!!진작살걸!!!,5,1
hya1*****,2020-05-02T14:04:56.000+00:00,상품선택: 러닝벨트 / 색상: 블랙 / 사이즈: S,아이폰 8플러스라 화면 엄청 큰건데도 잘 들어가네요 좋아요,5,1
njin****,2020-05-02T20:59:48.000+00:00,상품선택: 러닝벨트 / 색상: 블랙 / 사이즈: M,달닐때 에너지젤등 다 갖고 뛸수 있어 좋아요,4,1
back*****,2020-05-03T13:08:21.000+00:00,상품선택: 러닝벨트 / 색상: 블랙 / 사이즈: M,너무좋아요만족합니다굿,5,1
wogu*****,2020-04-01T09:40:26.000+00:00,상품선택: 러닝벨트 / 색상: 블랙 / 사이즈: M,"허리 32입는데 M사이즈 딱 좋습니다.
휴대폰 s9+도 케이스 없이 잘 들어가네요~
아주 만족!",5,1
yoon*****,2020-05-09T09:31:33.000+00:00,상품선택: 러닝벨트 / 색상: 블랙 / 사이즈: S,쫀쫀하니뛸맛도나고좋고좋고,5,1
achi******,2020-03-04T08:45:55.000+00:00,상품선택: 러닝벨트 / 색상: 블랙 / 사이즈: S,달리기 할 때 휴대폰 넣고 노래 들으려고 샀는데 아주 좋아요!! 레깅스 신고 달리기하는데 요즘 점점 허리가 늘어나서 흘러내리던 참이었거든요 이 러닝벨트 하니까 진짜 벨트처럼 고정해줘서 다시 안 올려도 되고 진짜 편하고 좋네요!!ㅋㅋㅋ 쓰다가 늘어나면 또 주문할게요ㅎㅎ 덕분에 이거 착용하고 연습하구 4월에 하프마라톤 나가서도 쓸거에요ㅎㅎ,5,1
jo98****,2020-05-20T15:17:00.000+00:00,상품선택: 러닝벨트 / 색상: 블랙 / 사이즈: S,짱좋어용 짱좋어용 짱좋어용 짱좋어용,5,1
styl****,2020-05-03T17:44:06.000+00:00,상품선택: 러닝벨트 / 색상: 블랙 / 사이즈: L,흘러내리지 않고 정말 좋아요,5,1
cjho****,2020-04-30T03:18:29.000+00:00,상품선택: 러닝벨트 / 색상: 블랙 / 사이즈: S,사이즈가 조금 작은 것 같으면서도 꽉 조여줘서 운동할 때 좋을 것 같네요,4,1
lg****,2020-05-01T07:55:46.000+00:00,상품선택: 러닝벨트 / 색상: 블랙 / 사이즈: M,간편합니다. 뛸 때 이상도 없고오,5,1
kart******,2020-05-06T23:00:56.000+00:00,상품선택: 러닝벨트 / 색상: 블랙 / 사이즈: M,굿 마음에 듭니다.,5,1
gisb******,2020-04-15T05:05:55.000+00:00,상품선택: 러닝벨트 / 색상: 블랙 / 사이즈: M,기존 지퍼형 쓰다가 달릴때 지퍼가 열리는 단점이 있어 이걸로 바꿨는데 잘한거 같습니다. 크기도 적당하고 쫀쫀하게 잘 잡아줍니다.,5,1
kjg4***,2020-05-03T23:19:46.000+00:00,상품선택: 러닝벨트 / 색상: 블랙 / 사이즈: S,튼튼하고 물건도 안 빠질 것 같아요,5,1
hsun****,2020-04-30T19:31:54.000+00:00,상품선택: 러닝벨트 / 색상: 블루 / 사이즈: M,좋다고 해서 사보았어요 만족합니다,5,1
q652****,2020-04-05T05:25:06.000+00:00,상품선택: 러닝벨트 / 색상: 블랙 / 사이즈: L,폰이랑 아이팟케이스 넣고 뛰었는데 편했어요 두개사세요 너무 조아요,5,1
k__s******,2020-04-18T09:44:56.000+00:00,상품선택: 러닝벨트 / 색상: 블랙 / 사이즈: M,"배송도 빠르고, 진짜 왕 편해요! 엄마가 보시고 마음에 드신다 해서 하나 더 구매했습니다~",5,1
jsy1***,2020-04-05T02:12:54.000+00:00,상품선택: 러닝벨트 / 색상: 블랙 / 사이즈: S,"아주몸에딱맞고
런닝할때 너무 좋습니다 
강추입니다^^",5,1
chan****,2020-05-02T03:40:07.000+00:00,상품선택: 러닝벨트 / 색상: 블랙 / 사이즈: M,등산 달리기할때 쓰는데 짱짱하고 좋네요,5,1
soju******,2020-04-17T02:35:51.000+00:00,상품선택: 러닝벨트 / 색상: 블랙 / 사이즈: S,탄탄하고 좋습니다.,5,2
soju******,2020-04-17T02:35:25.000+00:00,상품선택: 러닝벨트 / 색상: 블랙 / 사이즈: M,탄탄하고 좋습니다.,5,1
ddae*****,2020-05-05T06:08:06.000+00:00,상품선택: 러닝벨트 / 색상: 블랙 / 사이즈: M,운동할때 정말 편했어요,5,1
alic*****,2020-05-02T04:30:09.000+00:00,상품선택: 러닝벨트 / 색상: 블랙 / 사이즈: S,짱짱해서 좋아요 운동할 때 편해요,3,1
love******,2020-04-09T13:11:21.000+00:00,상품선택: 러닝벨트 / 색상: 블랙 / 사이즈: S,아직 써보지는 못했지만 핸드폰 차키 다 잘들어가네요 :),4,1
psyn*****,2020-04-24T02:23:22.000+00:00,상품선택: 러닝벨트 / 색상: 블랙 / 사이즈: S,힙팩 사이에서 고민했었는데 수납도 간편하고 고정도 잘 되어서 만족합니다^^,5,1
103_***,2020-04-05T13:32:42.000+00:00,상품선택: 러닝벨트 / 색상: 블랙 / 사이즈: S,"사이즈도 잘 맞고
아이폰11 들어가요
평소 27-28 입어요",5,1
pyj3***,2020-05-03T00:21:53.000+00:00,상품선택: 러닝벨트 / 색상: 블랙 / 사이즈: S,쫀쫀하니 아주 쓸만합니다,5,1
docd****,2020-04-18T11:12:04.000+00:00,상품선택: 러닝벨트 / 색상: 블랙 / 사이즈: S,"사이즈.원단  만족합니다
러닝목적은 아니지만  만족합니다
담에 또  주문할게요^^",5,1
styl****,2020-05-03T17:44:18.000+00:00,상품선택: 러닝벨트 / 색상: 블랙 / 사이즈: S,훌러내리지 않아요 좋어요,5,1
da****,2020-03-16T05:39:31.000+00:00,상품선택: 러닝벨트 / 색상: 블랙 / 사이즈: S,"아주 편합니다. 좋아요!
갤럭시s10 5g 쓰는데 잘 들어가고,
무게도 안느껴집니다.
열쇠, 핸드폰, 신용카드 넣고 달리기했어요.
다만
몸에 딱 붙으니까 덥네요. 답답한거 못 참으시는 분들은 고민해보세요.",4,1
sams*****,2020-05-02T07:13:59.000+00:00,상품선택: 러닝벨트 / 색상: 블랙 / 사이즈: M,배송빨라요 잘쓸께요~,5,1
alsw*****,2020-04-11T23:19:43.000+00:00,상품선택: 러닝벨트 / 색상: 블랙 / 사이즈: S,처음에는 너무 타이트해서 걱정했는데 지금은 적당?  해져서 자주 사용하고있어요,4,1
hjhe****,2020-04-28T07:23:49.000+00:00,상품선택: 러닝벨트 / 색상: 블랙 / 사이즈: S,빠른배송 감사합니다,5,1
rlaa*******,2020-04-21T06:32:16.000+00:00,상품선택: 러닝벨트 / 색상: 블랙 / 사이즈: M,런닝할때 핸드폰 넣고 다니는데 잘 안빠지고 좋아요,5,1
give***,2020-04-29T12:27:10.000+00:00,상품선택: 러닝벨트 / 색상: 블랙 / 사이즈: M,빠른배송 감샤합니다,4,1
qudc****,2020-04-02T11:08:52.000+00:00,상품선택: 러닝벨트 / 색상: 블랙 / 사이즈: M,배송 빨랐구요 상품 좋아요,3,1
kjby***,2020-04-09T01:11:31.000+00:00,상품선택: 러닝벨트 / 색상: 형광 / 사이즈: L,넘 편하게 쓰고있습니다ㅋ,5,1
ve****,2020-04-17T17:47:11.000+00:00,상품선택: 러닝벨트 / 색상: 블랙 / 사이즈: M,아직 좋아보입이다. 착용하고 러닝하는 날이 기대되네요,5,1
moks******,2020-04-30T05:53:32.000+00:00,상품선택: 러닝벨트 / 색상: 블랙 / 사이즈: S,수납공간 충분해요.,4,1
song*****,2020-04-28T01:23:45.000+00:00,상품선택: 러닝벨트 / 색상: 블랙 / 사이즈: M,잘사영하겟슺니댜어더우,3,1
khs_****,2020-04-13T01:05:40.000+00:00,상품선택: 러닝벨트 / 색상: 블랙 / 사이즈: M,왜 러닝벨트의 존재를 이제 알았던건지.... 착용 안한 것만큼 편하고 아이폰xs 등 소지품도 넉넉히 들어갑니다 만족합니다.,4,1
kwan******,2020-04-04T11:25:20.000+00:00,,편리할거 같아요 감사합니다.,5,1
yach***,2020-04-10T08:19:15.000+00:00,상품선택: 러닝벨트 / 색상: 블랙 / 사이즈: M,잘차고 운동하고있어요 근데 사이즈미스인가봐요 29인치 m샀는데 뛸때마다 배꼽까지 올라와요 그렇다고 불편하지는 않아요,4,1
whit******,2020-04-04T13:48:25.000+00:00,상품선택: 러닝벨트 / 색상: 블랙 / 사이즈: S,배송빠르구 제품 좋아요,5,1
soon****,2020-04-26T11:05:12.000+00:00,상품선택: 러닝벨트 / 색상: 블랙 / 사이즈: L,안흘러내리고 뛸때좋습니다,5,1
ko****,2020-05-12T16:46:49.000+00:00,상품선택: 러닝벨트 / 색상: 블랙 / 사이즈: M,좋아요 좋아요 좋아요,5,1
hero****,2020-04-21T08:13:30.000+00:00,상품선택: 러닝벨트 / 색상: 블랙 / 사이즈: M,사용해보려구요 아직 착용전이요,4,1
elit*****,2020-03-28T00:51:04.000+00:00,상품선택: 러닝벨트 / 색상: 블랙 / 사이즈: M,어제 비가와서 아직 사용해보지 않았는데 좋은 리뷰들이 많아서 기대되네요.,5,1
es****,2020-04-12T11:17:37.000+00:00,상품선택: 러닝벨트 / 색상: 블랙 / 사이즈: S,"실용성없어요
물건을넣으면입구쪽구멍난쪽으로
분실위험이너무커요
반품비때심그냥방치?",1,1
21ep*********,2020-04-19T11:34:27.000+00:00,상품선택: 러닝벨트 / 색상: 블랙 / 사이즈: S,"만족합니다
차고 빼는데 귀찮긴하지만요",4,1
kit1***,2020-04-23T06:30:40.000+00:00,상품선택: 러닝벨트 / 색상: 블랙 / 사이즈: S,이가격에 이제품을 구매해서 좋습니다,5,1
chan****,2020-03-29T12:39:42.000+00:00,상품선택: 러닝벨트 / 색상: 블랙 / 사이즈: M,신축성좋아서 허리 34인데 M착용해도 잘맞네요,5,1
vrla******,2020-04-25T08:03:09.000+00:00,상품선택: 러닝벨트 / 색상: 블랙 / 사이즈: M,허리 30 남자 M사이즈 약간헐렁,4,1
love******,2020-04-22T02:49:38.000+00:00,상품선택: 러닝벨트 / 색상: 블랙 / 사이즈: S,고정이 잘 되어서 편하고 좋습니다,5,1
jang****,2020-04-20T02:59:36.000+00:00,,착용전이지만 좋을거 같아요,5,1
ak****,2020-04-10T05:53:19.000+00:00,상품선택: 러닝벨트 / 색상: 블랙 / 사이즈: L,가격에 맞는 품질 같네요. 박음질 부분 등이 살짝 아쉽기도 하구요.,4,1
posi********,2020-04-19T14:58:21.000+00:00,상품선택: 러닝벨트 / 색상: 블랙 / 사이즈: M,편해요 고민했는데 사길 잘한 것 같아요ㅋㅋ,5,1
yd04****,2020-04-22T10:44:37.000+00:00,상품선택: 러닝벨트 / 색상: 블랙 / 사이즈: M,사이즈 딱 맞고 배송 빨라요,5,1
sb****,2020-04-21T01:46:30.000+00:00,상품선택: 러닝벨트 / 색상: 블랙 / 사이즈: M,좋아요 아주 잘 쓰고 있어요177/74 남자 m 사이즈요,5,1
db****,2020-04-20T23:54:58.000+00:00,상품선택: 러닝벨트 / 색상: 블랙 / 사이즈: M,빠른배송과 좋은 상품입니다,5,1
yoon****,2020-04-11T01:28:19.000+00:00,상품선택: 러닝벨트 / 색상: 블랙 / 사이즈: S,"평소 하의 26~27 사이즈 입는데 s하니 딱맞았어요 ㅎㅎ
러닝할떄 훨씬 편해요 추천합니다!!",5,1
park*******,2020-04-07T00:33:46.000+00:00,상품선택: 러닝벨트 / 색상: 블랙 / 사이즈: S,S 사이즈 시켰는데 무리없이 잘 맞아요~ 허리 26-27입으시는 분들도 늘어날 것 감안해서 S 사이즈 시키시면 좋을 것 같아요!,5,1
mkj3***,2020-04-14T09:31:32.000+00:00,상품선택: 러닝벨트 / 색상: 블랙 / 사이즈: S,아직 사용전이지만 후기가 좋아서 기대돼요,4,1
nky7***,2020-04-19T07:07:24.000+00:00,상품선택: 러닝벨트 / 색상: 블랙 / 사이즈: M,늘어지지 않고 탄탄하게 잡아줍니다.,5,1
oran******,2020-03-08T05:08:32.000+00:00,상품선택: 러닝벨트 / 색상: 블랙 / 사이즈: S,"S,M 두 사이즈에 걸쳐있어서 S를 샀는데 골반에 걸쳐놓으니까 뛸 때 위로 이동해서 숨막혀요.
안에 고리가 있는데 고무줄이 짧아서 뭘 걸어서 쓸 지 잘 모르겠네요.
그래도 손에 주렁주렁 들고 뛸 때 보다 훨씬 편해요.",5,1
roki***,2020-04-08T06:09:21.000+00:00,상품선택: 러닝벨트 / 색상: 블랙 / 사이즈: M,휴대폰은 잘 들어가고 수납성좋으나 작은물품은 막 흔들리네요. 유의하시길,4,1
yz****,2020-04-09T05:27:41.000+00:00,상품선택: 러닝벨트 / 색상: 블랙 / 사이즈: L,짱짱 하네요 허리 34인데 라지 사이즈 좋습니다,5,1
kwon******,2020-03-31T07:24:01.000+00:00,상품선택: 러닝벨트 / 색상: 블랙 / 사이즈: M,지퍼가 달렸으면 조금 더 좋았을텐데 아쉽네요. 그래도 가격대비 충분히 만족합니다.,4,1
kjg9***,2020-03-29T23:57:27.000+00:00,상품선택: 러닝벨트 / 색상: 블랙 / 사이즈: L,상품과 배송 모두 좋습니다.,5,1
akda*****,2020-04-16T02:27:00.000+00:00,상품선택: 러닝벨트 / 색상: 블랙 / 사이즈: M,착용감도 좋고 괜찮네요,5,1
wo****,2020-04-07T23:45:44.000+00:00,상품선택: 러닝벨트 / 색상: 블랙 / 사이즈: S,요즘 폰이 좀 크긴크군요...그래도많이 흔들리진 않아서 뛸만함,4,1
y191***,2020-04-13T06:14:25.000+00:00,상품선택: 러닝벨트 / 색상: 블랙 / 사이즈: S,러닝할때 손이 가벼운게 이렇게 편한줄 몰랏네요,4,1
co2p****,2020-03-18T11:24:09.000+00:00,상품선택: 러닝벨트 / 색상: 블랙 / 사이즈: L,허리에 매고 뛰면 덜렁거리지 않을까 걱정했는데 흔들림 없어 좋왔어요,5,1
tikt******,2020-03-25T11:03:14.000+00:00,상품선택: 러닝벨트 / 색상: 블랙 / 사이즈: M,깔끔하네요! 저렴하고 괜찮네요,5,1
cheo****,2020-04-04T11:44:47.000+00:00,상품선택: 러닝벨트 / 색상: 블랙 / 사이즈: M,밴드 사이즈도 좋고 폰이나 기타 물건 넣어도 흔들림 없이 아주 좋네요~,5,1
beck***,2020-03-11T01:35:46.000+00:00,상품선택: 러닝벨트 / 색상: 블랙 / 사이즈: M,"조깅할 때 편해요. 
다만 기능적 면에서는 일정부분쓰다보니 늘어나고 지퍼 형식이 아니라 완전 안심가진 않아요.",4,1
jiki****,2020-03-19T02:52:14.000+00:00,상품선택: 러닝벨트 / 색상: 블랙 / 사이즈: M,아직 달리지 않았지만 감촉이 좋고 탄탄한 느낌입니다.,5,1
duck*****,2020-03-31T23:10:26.000+00:00,상품선택: 러닝벨트 / 색상: 블루 / 사이즈: M,달리기할때 좋아요 근데 너무 작은 물건은 빠질수도 있어서 주의해야해요 ㅠㅠ,5,1
ps78*****,2020-03-26T07:06:50.000+00:00,상품선택: 러닝벨트 / 색상: 형광 / 사이즈: L,엄청 요긴하게 잘사용중이나 살이 빠져서 그런건지 약간 헐겁기도하네요. 다이어트 목적이시면 애초에 좀 작게 구매하는게 나을듯합니다.,4,1
ghmk***,2020-04-13T09:43:36.000+00:00,상품선택: 러닝벨트 / 색상: 블랙 / 사이즈: L,너무 좋아요 흘러내림도 없어요,5,1
dhpr***,2020-03-12T16:57:47.000+00:00,상품선택: 러닝벨트 / 색상: 형광 / 사이즈: M,재구매입니다!  러닝을 위해서 이만한 제품 없어요.  한번사면 재구매할 확률 매우 높음,5,1
hn77***,2020-03-11T02:03:44.000+00:00,상품선택: 러닝벨트 / 색상: 블랙 / 사이즈: M,"180/70  골반이 작은편입니다. 
다 좋은디 작은 물통을 넣으면 조금 흘러내리네요. 런닝할때 좋아요!",4,1
temp******,2020-04-02T01:40:08.000+00:00,상품선택: 러닝벨트 / 색상: 블랙 / 사이즈: S,"런닝할때 들거나 주머니에 넣지않아도 돼서 매우 편하고, 허리도 약간 잡아주는 것 같아 달릴때도 좋아요",5,1
chan****,2020-04-12T01:14:27.000+00:00,상품선택: 러닝벨트 / 색상: 블랙 / 사이즈: M,부들부들 착용감이 좋아요.,5,1
ohmy****,2020-04-06T16:23:17.000+00:00,상품선택: 러닝벨트 / 색상: 블랙 / 사이즈: M,생각보다 안정감있고 핸드폰이 큰데도 잘 들어가네요 ㅎㅎ,4,1
phk0***,2020-04-20T00:46:46.000+00:00,상품선택: 러닝벨트 / 색상: 블랙 / 사이즈: S,바송 짱ㅃ발라요!!굿,5,1
ko****,2020-04-16T06:51:38.000+00:00,상품선택: 러닝벨트 / 색상: 블랙 / 사이즈: M,런닝할때 너무편행?ㄷ,5,1
sa****,2020-04-04T12:51:00.000+00:00,상품선택: 러닝벨트 / 색상: 블랙 / 사이즈: M,"허리 30 사이즈에 딱 맞습니다 
허리 보호대 같이 편한하고 실용성 아주 좋습니다",5,1
dong*****,2020-04-09T04:54:19.000+00:00,상품선택: 러닝벨트 / 색상: 블랙 / 사이즈: M,러닝 하면서 착용햇는데 좋아요,5,1
da****,2020-04-12T04:22:39.000+00:00,상품선택: 러닝벨트 / 색상: 블랙 / 사이즈: L,아주 좋미다 딱맞고 좋습니다,5,1
mylo****,2020-03-11T13:08:14.000+00:00,상품선택: 러닝벨트 / 색상: 블랙 / 사이즈: S,배송빠르네요.텐션이있어편할거같아요.잘쓰겠습니다.,4,1
kimn*****,2020-04-09T08:08:36.000+00:00,상품선택: 러닝벨트 / 색상: 블랙 / 사이즈: S,쫀쫀하고 심플해서 좋아요,4,1
yooh*****,2020-03-05T13:30:28.000+00:00,상품선택: 러닝벨트 / 색상: 블랙 / 사이즈: S,저는 좀 커서 헐렁거려요. 하지만 사이즈가 맞는분에게는 좋은 아이템 같아요. 꼭 허리가 아니라 골반에 끼워 쓰세요!,3,1
lssg***,2020-03-25T04:11:42.000+00:00,상품선택: 러닝벨트 / 색상: 블랙 / 사이즈: M,오늘 이거 쓰고 달렸는데 흔들리지도 않고 딱좋아요 골반에 딱 붙어있으니까 있는지도 모르고 달리네요ㅎㅎ,5,1
irel*****,2020-04-10T17:10:30.000+00:00,상품선택: 러닝벨트 / 색상: 블랙 / 사이즈: S,요즘 운동 하느라 샀어요,5,1
2596****,2020-03-31T03:05:17.000+00:00,상품선택: 러닝벨트 / 색상: 블랙 / 사이즈: S,배송이 무척빠릅니다. 사이즈도좋아요,5,1
carn********,2020-03-20T12:24:49.000+00:00,상품선택: 러닝벨트 / 색상: 블랙 / 사이즈: S,배송빠르고 저렴합니다,5,1
chef*****,2020-04-08T07:31:54.000+00:00,상품선택: 러닝벨트 / 색상: 블랙 / 사이즈: S,러닝시 너무좋습니다^^,5,1
tlsg*******,2020-04-02T06:10:12.000+00:00,상품선택: 러닝벨트 / 색상: 블랙 / 사이즈: L,생각보다 견고하게 잘 고정되네요 좋아요~!,5,1
love*****,2020-05-01T13:56:48.000+00:00,상품선택: 러닝벨트 / 색상: 블랙 / 사이즈: M,훌륭합니다훌륭합니다,5,1
stee*****,2020-03-13T14:09:44.000+00:00,상품선택: 러닝벨트 / 색상: 블랙 / 사이즈: M,폰하고 카드 등 넣으니 러닝할 때 너무 편하네요.,5,1
jiwo*******,2020-04-01T01:59:32.000+00:00,상품선택: 러닝벨트 / 색상: 형광 / 사이즈: S,"착용하는게 불편하긴 하지만
휴대폰 넣고 달리긴 편하네요",5,1
skyl******,2020-03-11T13:22:27.000+00:00,상품선택: 러닝벨트 / 색상: 블랙 / 사이즈: M,러닝 할려고 구매 했는데 너무나도 만족 합니다.^^,5,1
bok2***,2020-03-29T15:03:59.000+00:00,상품선택: 러닝벨트 / 색상: 블랙 / 사이즈: S,"좋아요
혼자서 러닝 할 때 폰 끼우고 달리기 좋아요",4,1
ljkl******,2020-04-04T11:36:56.000+00:00,상품선택: 러닝벨트 / 색상: 블랙 / 사이즈: M,빠른배송 감사드려요.,5,1
gj****,2020-04-04T12:22:19.000+00:00,상품선택: 러닝벨트 / 색상: 블랙 / 사이즈: M,편하고 정말 좋습니다!,5,1
yool*****,2020-03-30T02:23:39.000+00:00,상품선택: 러닝벨트 / 색상: 블랙 / 사이즈: S,허리 29인데 늘어날수있어서 스몰샀는데 괜찮아요,4,1
skrj***,2020-03-27T10:57:09.000+00:00,상품선택: 러닝벨트 / 색상: 블랙 / 사이즈: M,빠른배송 감사합니다 . 잘 받았습니다.,5,1
ysoo***,2020-03-10T08:13:51.000+00:00,상품선택: 러닝벨트 / 색상: 블랙 / 사이즈: L,짱짱하고 암밴드보다 훨씬 좋아요,5,1
dalk*****,2020-03-23T02:04:55.000+00:00,,빠른배송감사드립니다! 짱짱하니 좋아요!,5,1
sb****,2020-04-03T07:58:48.000+00:00,상품선택: 러닝벨트 / 색상: 블랙 / 사이즈: M,배송 빠르고 좋아요,5,1
ut****,2020-04-01T04:35:36.000+00:00,상품선택: 러닝벨트 / 색상: 블랙 / 사이즈: M,잘 안흘러내리고 생각보다 잘맞음,5,1
heej****,2020-03-27T14:37:49.000+00:00,상품선택: 러닝벨트 / 색상: 블랙 / 사이즈: M,좋아요 배송도 빠르고,5,1
ny****,2020-03-26T09:07:23.000+00:00,상품선택: 러닝벨트 / 색상: 블랙 / 사이즈: M,기존에 이탈리아 제품사용하다 잃어버려 급하게샀는데...  그럭저럭..  탄력이 비교되네요ㅠㅠ,3,1
clou*****,2020-03-29T23:01:21.000+00:00,상품선택: 러닝벨트 / 색상: 블랙 / 사이즈: S,편하게 잘 쓰고 있어요 만족합니다,5,1
jpkh****,2020-02-15T07:29:57.000+00:00,상품선택: 러닝벨트 / 색상: 블랙 / 사이즈: S,"172에 64키로
남자치고 허리 얇은편이라 s가 다행이 잘맞음
착용해보니 핸드폰 배쪽으로 넣으니 배에 네모튀어나와보여서 널널한티입고 안에착용 추천",5,1
ju****,2020-04-01T22:23:57.000+00:00,상품선택: 러닝벨트 / 색상: 블랙 / 사이즈: L,쓰기상당히편해요ㅎㅎ,5,1
97rl*******,2020-03-06T10:04:29.000+00:00,상품선택: 러닝벨트 / 색상: 블랙 / 사이즈: M,달리기 할 때 유용하게 잘 쓸 것 같아요~,4,1
se****,2020-03-27T02:25:26.000+00:00,상품선택: 러닝벨트 / 색상: 블랙 / 사이즈: S,좋아요 !! 잘쓸게여,5,1
leos****,2020-04-20T02:56:49.000+00:00,상품선택: 러닝벨트 / 색상: 블랙 / 사이즈: L,좋습니다 좋아요 좋아,5,1
runa****,2020-02-13T18:09:54.000+00:00,상품선택: 러닝벨트 / 색상: 블랙 / 사이즈: M,m사이즈로 구매했습니다. 골반 34인치에 흘러내리진 않는데 딱 맞게 조여주는 느낌이 없어서 늘어나면 못 입게 될까봐 걱정이네요. 핸드폰 끼우고 뛰어보니 흔들리지 않고 없는 것처럼 편안해서 좋습니다.,5,1
rp****,2020-03-17T16:20:15.000+00:00,상품선택: 러닝벨트 / 색상: 형광 / 사이즈: S,좋아요 형광색이 포인트가 돼서 예쁘네요,5,1
junn******,2020-03-25T03:22:38.000+00:00,상품선택: 러닝벨트 / 색상: 블랙 / 사이즈: S,뛸때 흘러내리지 않고 편하고 좋아요!,5,1
kimd*****,2020-04-19T02:22:01.000+00:00,상품선택: 러닝벨트 / 색상: 블랙 / 사이즈: L,만족만족 대만족 꼭쓰세ㅛ,5,1
klav*********,2020-03-10T23:05:42.000+00:00,상품선택: 러닝벨트 / 색상: 형광 / 사이즈: M,"자크 방식이 아니라 여닫는 동작 없어 좋구요
파워젤이며 핸드폰까지 넉넉히 넣을 수 있습니다
대신 여름엔 좀 부담스러울 수도 ^^",5,1
4001***,2020-02-27T11:18:15.000+00:00,상품선택: 러닝벨트 / 색상: 블랙 / 사이즈: M,짱ㅁ장하니 사이즈도 잘맞고 불편하지않고ㅠ좋네요!,5,1
chc4***,2020-02-29T09:08:27.000+00:00,상품선택: 러닝벨트 / 색상: 블랙 / 사이즈: M,아직착용전입니다. 배송빠르고 좋네요,4,1
hsol*******,2020-03-27T13:34:14.000+00:00,상품선택: 러닝벨트 / 색상: 블랙 / 사이즈: S,좋아요오오 케더덬!!,5,1
holo******,2020-02-17T08:38:05.000+00:00,상품선택: 러닝벨트 / 색상: 블랙 / 사이즈: S,암벨트 차다가 불편해서 플립벨트를 사봤는데 짱짱하고 핸드폰도 안흔들려서 너무 좋네요 많이파세요 홧팅요!,5,1
huju***,2020-02-20T07:59:14.000+00:00,상품선택: 러닝벨트 / 색상: 블랙 / 사이즈: M,"180 73 m사이즈 딱좋아요 안흘러내림
핸드폰도 넣어봤는데 몸에딱붙어서 별로 이물감안느껴지고 좋네요 진작살걸그랬어요",5,1
nky7***,2020-03-02T04:26:19.000+00:00,상품선택: 러닝벨트 / 색상: 블랙 / 사이즈: M,단단하게 잡아주고 흔들림이 없습니다. 편안한 러닝이 가능합니다. 게다가 상대적으로 수입 메이커제품보다 저렴한가격으로 적극 추천합니다.,5,1
koko******,2020-03-17T01:49:11.000+00:00,상품선택: 러닝벨트 / 색상: 블랙 / 사이즈: S,"댓글보고 한치수 작게 주문했더니 완전 좋습니다...
너무 편해요!!",5,1
asm9***,2020-03-21T14:54:50.000+00:00,상품선택: 러닝벨트 / 색상: 블랙 / 사이즈: M,배송 빠르게 잘받았어요,5,1
magi****,2020-02-12T04:11:11.000+00:00,상품선택: 러닝벨트 / 색상: 블랙 / 사이즈: S,리뷰에서 다들 치수 내려서 사시길래 저도 한치수 작게 샀는데 딱입니다 너무 짱짱하지 않구요 흐물거리는데 착용시엔 잘 잡아줍니다 물건을 넣을 수 있는 입구가 여러개네요,5,1
se****,2020-03-13T02:26:54.000+00:00,,생각보다 상태가 좋았음 빨리 넣고 싶은데 허리에 끼기가 힘듬,5,1
mini****,2020-03-16T13:07:55.000+00:00,상품선택: 러닝벨트 / 색상: 블랙 / 사이즈: M,"허리에 잘 맞고 편하네요 
만족합니다!",5,1
mjdh****,2020-03-16T01:27:49.000+00:00,상품선택: 러닝벨트 / 색상: 블랙 / 사이즈: S,뛸때 덜렁거리지 않고 너무 좋아요,5,1
wi****,2020-03-18T04:06:52.000+00:00,상품선택: 러닝벨트 / 색상: 블랙 / 사이즈: L,운동 할때 잘 사용해요,5,1
rkdq********,2020-04-02T02:47:11.000+00:00,상품선택: 러닝벨트 / 색상: 블루 / 사이즈: M,배송빠르고좋아요ㅕ!!배송빠르고좋아요ㅕ!!배송빠르고좋아요ㅕ!!배송빠르고좋아요ㅕ!!배송빠르고좋아요ㅕ!!배송빠르고좋아요ㅕ!!,4,1
ldk5***,2020-03-16T07:40:47.000+00:00,상품선택: 러닝벨트 / 색상: 블랙 / 사이즈: M,딱 런닝할때 쓰기가 좋아요,5,1
ps78*****,2020-02-20T23:09:20.000+00:00,상품선택: 러닝벨트 / 색상: 형광 / 사이즈: L,m사이즈 구매했다가 작을듯하여 l 로 재구했으나 결과적으로 만족입니다. 골반에 걸치다보니깐 너무 헐렁치만 않으면 괜찮네요. 다만 쓰다가 늘어나지만 않으면 될듯,5,1
ka****,2020-04-04T08:38:33.000+00:00,상품선택: 러닝벨트 / 색상: 블랙 / 사이즈: L,좋아오 좋아요 좋아요,5,1
yuli*****,2020-02-28T22:57:51.000+00:00,상품선택: 러닝벨트 / 색상: 블랙 / 사이즈: S,배송도 빠르구요 상품 좋아요.달리기를 해도 흔들림이 없어요. 사이즈도 딱 맞구요,5,1
sand********,2020-02-08T14:57:12.000+00:00,상품선택: 러닝벨트 / 색상: 블랙 / 사이즈: S,"골반에 고정도 잘되고 뛰면서 무게, 착용감도 느껴지지않네요. 너무 잘샀어요. 폰은 갤10 5g",5,1
refi*******,2020-03-16T07:45:00.000+00:00,상품선택: 러닝벨트 / 색상: 블랙 / 사이즈: M,러닝할때 좋아요 !!,5,1
happ****,2020-03-16T03:03:45.000+00:00,상품선택: 러닝벨트 / 색상: 블랙 / 사이즈: L,갤럭시 A9 pro 도 넉넉히 들어가네요,5,1
cheo****,2020-03-13T13:11:56.000+00:00,상품선택: 러닝벨트 / 색상: 블랙 / 사이즈: M,벨트 탄력 좋고 흘러내림 없이 좋네요~~~,5,1
heoi****,2020-03-15T08:16:40.000+00:00,상품선택: 러닝벨트 / 색상: 블랙 / 사이즈: S,짱짱하게 잘 잡아줘용,4,1
nyor***,2020-03-11T09:11:23.000+00:00,상품선택: 러닝벨트 / 색상: 블랙 / 사이즈: M,허리 33인데 M 샀는데 사이즈 좋아요,5,1
q_****,2020-02-06T08:03:18.000+00:00,상품선택: 러닝벨트 / 색상: 블랙 / 사이즈: S,밴드 완전 짱짱하고 마음에들어요~ 허리 72정도 입는데 스몰 찡기게 잘 입어집니다,5,1
lg****,2020-03-16T04:38:44.000+00:00,상품선택: 러닝벨트 / 색상: 블랙 / 사이즈: M,고덩이 잘되네요!!,5,1
drea*******,2020-02-22T04:29:37.000+00:00,상품선택: 러닝벨트 / 색상: 블랙 / 사이즈: M,탄탄하고 편안합니다,5,1
simb****,2020-03-07T11:05:30.000+00:00,상품선택: 러닝벨트 / 색상: 블랙 / 사이즈: S,잘 받았습니다. 만족스럽습니다.,5,1
rr****,2020-03-04T00:31:25.000+00:00,상품선택: 러닝벨트 / 색상: 블랙 / 사이즈: M,운동할때 스마트폰 주머니에쏙 음악들을수있써서~굿,5,1
khs2****,2020-03-06T09:50:39.000+00:00,상품선택: 러닝벨트 / 색상: 블랙 / 사이즈: M,운동할때 잘쓸것같아요,5,1
kthe****,2020-02-20T05:45:57.000+00:00,상품선택: 러닝벨트 / 색상: 블루 / 사이즈: M,제가 뚱뚱한편이라 M사이즈가 꽉 낄줄알았는데 널널해요ㅠㅠ 다음에 s로 하나 더 사야겠어요 질은 정말 좋아요,5,1
rgx2***,2020-03-05T14:56:55.000+00:00,상품선택: 러닝벨트 / 색상: 블랙 / 사이즈: M,핸드폰이 흔들림이 없어 너무 좋네요,5,1
sehw*******,2020-02-20T08:05:11.000+00:00,상품선택: 러닝벨트 / 색상: 블랙 / 사이즈: M,허리사이즈가 좀 애매한것 같아요 ㅠ 그리고 갤럭시노트쓰시는 분들은 비추요..,3,1
bora****,2020-03-03T01:59:18.000+00:00,상품선택: 러닝벨트 / 색상: 블랙 / 사이즈: S,뛸때 흔들림 없고 너무 편하고 좋아요,5,1
tiny*****,2020-03-11T10:56:59.000+00:00,상품선택: 러닝벨트 / 색상: 블랙 / 사이즈: S,부드럽고 편해요ㅎㅎ,5,1
jchi****,2020-02-23T19:38:22.000+00:00,상품선택: 러닝벨트 / 색상: 블랙 / 사이즈: M,운동할때 핸드폰을 손에 들고 뛸 수가 없어서 구입했는데 편하게 폰 넣을 수 있어서 좋아요,5,1
lo****,2020-03-11T01:27:43.000+00:00,상품선택: 러닝벨트 / 색상: 형광 / 사이즈: L,촤고 좋아용ㅇ요요요용,5,1
khw3***,2020-02-11T14:57:54.000+00:00,상품선택: 러닝벨트 / 색상: 블랙 / 사이즈: M,선물해줬는데 좋아하네요ㅎㅎ,5,1
kjby***,2020-03-07T01:50:58.000+00:00,상품선택: 러닝벨트 / 색상: 형광 / 사이즈: L,"좋습니다 ㅋ
배송파르고ㅋ",5,1
ibel********,2020-03-02T22:42:42.000+00:00,상품선택: 러닝벨트 / 색상: 블랙 / 사이즈: L,"너무 편함, 진짜 별 10개 주고싶네요 ㅠ",5,1
mich*****,2020-01-29T15:36:12.000+00:00,상품선택: 러닝벨트 / 색상: 블랙 / 사이즈: M,"아이폰 8 플러스도 잘 들어가네요
제자리에서 뛰어봤는데 좀 흔들립니다
허리 31 m 착용",4,1
akas******,2020-02-26T04:20:18.000+00:00,상품선택: 러닝벨트 / 색상: 블루 / 사이즈: S,"아주 잘 쓰고있습니다
착용감이 좋아요",5,1
tldu***,2020-03-06T17:22:37.000+00:00,상품선택: 러닝벨트 / 색상: 블랙 / 사이즈: S,잘받았어요~~~~~,4,1
seol***,2020-02-14T07:05:50.000+00:00,상품선택: 러닝벨트 / 색상: 블랙 / 사이즈: L,"착용시 타이트하지도 헐겁지도 않았는데, 뛰다보니 자꾸 돌아가네요.
암밴드보단 훨씬 편합니다",3,1
jeon******,2020-01-22T08:10:01.000+00:00,상품선택: 러닝벨트 / 색상: 형광 / 사이즈: S,가성비 진짜좋아요ㅋㅋㅋ 오만원짜리 동생거랑 비슷~ 물론 오래써봐야 알것같긴 해요!,5,1
nota****,2020-02-25T23:17:27.000+00:00,,배송 빠르고 제품 품질이 좋네요.,5,1
dnst******,2020-02-01T06:19:29.000+00:00,상품선택: 러닝벨트 / 색상: 블랙 / 사이즈: M,쪼일것같은데 쪼이지않고 단단하게잡아주는느낌,5,1
lo****,2020-01-30T00:04:28.000+00:00,상품선택: 러닝벨트 / 색상: 형광 / 사이즈: L,좋아요 아직 착용전이지만요,4,1
bk****,2020-02-11T20:46:43.000+00:00,상품선택: 러닝벨트 / 색상: 블랙 / 사이즈: M,좋습니다 허리 25인치인ㄷ m으로 잘못 시켜서 아는 사람을 줬지만 제품 자체는 좋아보였습니다,5,1
poem*****,2020-02-22T04:54:28.000+00:00,상품선택: 러닝벨트 / 색상: 블랙 / 사이즈: M,배송 빠르고 좋아요,5,1
nahc******,2020-01-16T05:16:57.000+00:00,상품선택: 러닝벨트 / 색상: 블랙 / 사이즈: M,자크가 없네요....자크있는거라고 왜 착각했지 플립벨트라길래 ㅠㅠ착각했구나. 나머지는 M자 s자가 밖으로 나오는 디자인인거 빼고는 괜찮습니당.,4,1
ibel********,2020-01-31T13:01:50.000+00:00,상품선택: 러닝벨트 / 색상: 블랙 / 사이즈: L,짱짱하고 편하고 너무 좋아요 !!!,5,1
hjki*****,2020-02-22T10:24:55.000+00:00,상품선택: 러닝벨트 / 색상: 블랙 / 사이즈: L,정말마음에드네요최고,5,1
r6wp****,2020-02-06T18:32:25.000+00:00,상품선택: 러닝벨트 / 색상: 블랙 / 사이즈: S,좋아요 대신 좀 처짐이있어요 하지만 가격으로 용서되고 어쩔수없죠,4,1
qnwj******,2020-02-18T14:54:02.000+00:00,상품선택: 러닝벨트 / 색상: 블랙 / 사이즈: M,빠른 배송 감사드립니다,5,2
rani******,2020-01-21T08:26:13.000+00:00,상품선택: 러닝벨트 / 색상: 블랙 / 사이즈: S,탄탄하니 달려도 폰이안떨어져서좋아요,5,1
free****,2020-02-13T23:45:31.000+00:00,상품선택: 러닝벨트 / 색상: 블랙 / 사이즈: M,편하고좋아요 2개쓰는데 2개더샀어요,5,1
juhw******,2020-02-11T05:22:12.000+00:00,상품선택: 러닝벨트 / 색상: 블랙 / 사이즈: M,짱짱함 가격대비 굿,5,1
gisb******,2020-02-11T03:30:18.000+00:00,상품선택: 러닝벨트 / 색상: 블랙 / 사이즈: M,달릴땐 편하고 좋네요,4,1
njin****,2020-02-07T03:48:39.000+00:00,상품선택: 러닝벨트 / 색상: 블랙 / 사이즈: M,운동시에 완전 만족합니다,4,1
yo****,2020-02-05T09:57:30.000+00:00,상품선택: 러닝벨트 / 색상: 블랙 / 사이즈: S,엄마가 필요하다고 해서 사드렸어요,5,1
jijo*******,2020-02-05T04:43:23.000+00:00,상품선택: 러닝벨트 / 색상: 블랙 / 사이즈: M,좋네요 이거 물건이네요ㅎ,4,1
nahc******,2020-01-16T05:34:07.000+00:00,상품선택: 러닝벨트 / 색상: 형광 / 사이즈: S,아니이 자크가없어요 아쉽아쉽 ㅎㅎㅎ,4,1
mo****,2020-03-06T05:56:22.000+00:00,상품선택: 러닝벨트 / 색상: 블랙 / 사이즈: M,Good good good good,5,1
monk***,2020-02-04T16:29:22.000+00:00,상품선택: 러닝벨트 / 색상: 블랙 / 사이즈: M,굉장히 만족합니다.,5,1
sooa*****,2020-02-03T06:55:42.000+00:00,상품선택: 러닝벨트 / 색상: 블랙 / 사이즈: L,러닝할때 짱 편해요,5,1
pong*******,2019-12-24T14:01:20.000+00:00,상품선택: 러닝벨트 / 색상: 블랙 / 사이즈: S,와~ 이거 진짜 최고에요!! 암밴드보다 훨씬 좋아요!! 가격도 싸고 진짜 최고!!,5,1
jeon****,2019-12-30T01:06:31.000+00:00,상품선택: 러닝벨트 / 색상: 블랙 / 사이즈: S,좋아요~ 뛸때 거추장 스럽지않고 핸드폰넣기딱이네요.,5,1
song***,2020-01-04T14:59:48.000+00:00,상품선택: 러닝벨트 / 색상: 형광 / 사이즈: M,아주 좋아요 잘쓰겠습니다,5,1
bl****,2020-01-25T08:52:43.000+00:00,상품선택: 러닝벨트 / 색상: 블랙 / 사이즈: M,칼거 잇심니꺼? 마 지기네예,5,1
cho3***,2020-01-24T15:28:53.000+00:00,상품선택: 러닝벨트 / 색상: 블랙 / 사이즈: M,잘받았습니다 배송도 빠르고 좋습니다 많이 파세요,4,1
ya****,2020-01-24T14:40:09.000+00:00,상품선택: 러닝벨트 / 색상: 형광 / 사이즈: S,배송이 빨랐습니다. 만족합니다,5,1
fbtj*****,2020-01-21T15:24:31.000+00:00,상품선택: 러닝벨트 / 색상: 블루 / 사이즈: M,168cm 63kg 골반 큰 여자인데 M 좋았어요 허리말고 골반에 착용하세요!,5,1
ehdw******,2020-01-13T04:07:07.000+00:00,상품선택: 러닝벨트 / 색상: 블랙 / 사이즈: M,스마트폰에 런닝어플을 켜놓고 벨트에 넣으니 뛸때 흔들거리거나 불편함이 없어 딱이네요.,4,1
akas******,2020-01-25T00:35:09.000+00:00,상품선택: 러닝벨트 / 색상: 블루 / 사이즈: S,타이트하게 잘잡아주네요,5,1
went********,2020-01-04T03:58:38.000+00:00,상품선택: 러닝벨트 / 색상: 블랙 / 사이즈: M,운동할 때 편리하겠네요.,5,1
over*******,2020-01-18T08:58:49.000+00:00,상품선택: 러닝벨트 / 색상: 블랙 / 사이즈: S,생각보다 짱짱하고 흘러내리지 않아요,4,1
r6wp****,2020-01-03T09:56:46.000+00:00,상품선택: 러닝벨트 / 색상: 블랙 / 사이즈: S,만족합니다. 쫀쫀하니 좋네요 폰이 커서 케이스는 벗겨야할거같습니다. 감사하므니다.,4,1
lchs*****,2020-01-10T20:59:57.000+00:00,상품선택: 러닝벨트 / 색상: 블랙 / 사이즈: S,편하고 좋아요~배송도 빠릅니다,5,1
tkrh****,2020-01-13T07:04:29.000+00:00,상품선택: 러닝벨트 / 색상: 블랙 / 사이즈: L,"상품을 못받았는데 배송완료.
 문의 답변도 안해주네요.",1,1
nana****,2019-12-29T15:14:39.000+00:00,상품선택: 러닝벨트 / 색상: 블랙 / 사이즈: M,핸드폰을 어떻게 넣나 고민했는데 넣고 달리니까 좋아요 뛰다보면 좀 올라가니까 딱맞게 사거나 하나 작게사도 좋을듯!,4,1
afin********,2020-01-17T06:18:44.000+00:00,상품선택: 러닝벨트 / 색상: 블랙 / 사이즈: S,타이트하고 편리해요,4,1
sgje*****,2020-01-16T05:33:20.000+00:00,상품선택: 러닝벨트 / 색상: 블랙 / 사이즈: M,덜렁거리지 않고 좋네요,5,1
luna****,2020-01-08T05:12:13.000+00:00,상품선택: 러닝벨트 / 색상: 블랙 / 사이즈: M,"가성비도 좋고,
달리는데 거추장스럽지 않아서 좋아유",5,1
afin********,2019-12-15T02:10:44.000+00:00,상품선택: 러닝벨트 / 색상: 블랙 / 사이즈: S,가성비가 좋습니다 쫀쫀해요,5,1
shsn********,2020-02-11T01:59:30.000+00:00,,좋았ㅇ요~!~!~!^^,4,1
juri*****,2020-01-07T08:07:42.000+00:00,상품선택: 러닝벨트 / 색상: 블랙 / 사이즈: S,"바로배송 마음에 들어요
사용해보고 리뷰 남길게요",5,1
droo*****,2020-01-11T06:40:25.000+00:00,상품선택: 러닝벨트 / 색상: 블랙 / 사이즈: L,빠른 배송 감사합니다.,5,1
ojjj****,2020-01-12T06:25:59.000+00:00,상품선택: 러닝벨트 / 색상: 블랙 / 사이즈: S,확실히 런닝할때 편해요,5,1
52****,2019-12-25T03:44:54.000+00:00,상품선택: 러닝벨트 / 색상: 블랙 / 사이즈: S,러닝할때 편해요 허리25인치에 스몰 구입했는데 뛸때 골반쪽에 잘 머물러있어요 잘 산것 같아요,5,1
soek***,2020-01-05T03:41:22.000+00:00,상품선택: 러닝벨트 / 색상: 블랙 / 사이즈: S,쫀쫀하고 잘 잡아줍니다.,5,1
suky*******,2019-11-27T11:12:27.000+00:00,상품선택: 러닝벨트 / 색상: 블랙 / 사이즈: M,제 골반을 너무 과대평가했나봐요 m이면 꽉 조이겠지 했는데 너무 편해서 물건 넣으면 흘러내릴거같은데 편하긴 하네요!!!,5,1
euns********,2020-01-01T10:01:59.000+00:00,상품선택: 러닝벨트 / 색상: 블랙 / 사이즈: S,이거 허리에차고 러닝 잘하고 있습니다 ㅎㅎㅎ,5,1
song*****,2020-02-01T09:01:06.000+00:00,상품선택: 러닝벨트 / 색상: 블랙 / 사이즈: M,asdfasdvqweavxcvwegSDDVwervSDV,5,1
shin****,2019-12-27T04:57:26.000+00:00,상품선택: 러닝벨트 / 색상: 블랙 / 사이즈: M,한달써보니 걸을 때 만보 측청하기 수월합니다,5,1
ne****,2019-12-06T03:23:40.000+00:00,상품선택: 러닝벨트 / 색상: 블랙 / 사이즈: M,착용느낌도 거의 나지 않고 좋습니다,5,1
shen********,2019-11-24T10:19:42.000+00:00,상품선택: 러닝벨트 / 색상: 블랙 / 사이즈: S,등산갈때 썼는데 허리춤에 차니까 엄청 편했어요. 손이 자유로우니 운동하기 편해요,5,1
jeon****,2019-11-23T10:29:24.000+00:00,상품선택: 러닝벨트 / 색상: 블랙 / 사이즈: S,좋아요. 핸드폰이 커서 좀 불안하긴한데 뛰어도 괜찮네요.,5,1
co****,2019-12-14T14:49:43.000+00:00,상품선택: 러닝벨트 / 색상: 블랙 / 사이즈: L,가성비 좋은거 같습니다 항상 핸드폰을 손에 쥐고 뛰었는데 손이 자유로워져서 런닝에 더 집중할 수 있습니다,5,1
gt****,2019-12-27T09:30:45.000+00:00,상품선택: 러닝벨트 / 색상: 형광 / 사이즈: M,너무 좋습니다ㅎㅎㅎ,5,1
ssu_*****,2019-12-02T11:23:00.000+00:00,상품선택: 러닝벨트 / 색상: 블루 / 사이즈: M,러닝 할때 사용하려고 샀어요! 근데 헬스할때도 좋고 모든 운동 할때 다 좋아요! 너무 편함! 그래서 하나 더 구매하려고 들어왔슴당ㅎㅎㅎ 강추여용♡,5,1
js****,2019-12-12T23:27:10.000+00:00,상품선택: 러닝벨트 / 색상: 블랙 / 사이즈: S,"달리기할때 정말 편해요
휴대폰 차키 넣고 달리는데 불편함 전혀없어요",5,1
kimy****,2019-11-24T05:45:33.000+00:00,상품선택: 러닝벨트 / 색상: 블랙 / 사이즈: M,"맨몸에 허리둘레 64cm 이고 엉덩이가 커서 M 시켰는데 허리에차면 덜렁거려서 골반이랑 엉덩이 바로 위에 차야 딱 붙는데 계속 뛰면 점점 올라올것 같긴해요~ 
S 사이즈는 어떤지 모르겠지만 아마 전 S 와 M 그 사이의 요상한 몸인것 같습니다
사이즈 어려우신 분들은 참고하셔요 :)",4,1
jho3***,2019-12-18T02:54:16.000+00:00,상품선택: 러닝벨트 / 색상: 블랙 / 사이즈: M,달리기할때 최고예요,5,1
jrss******,2019-11-27T04:33:28.000+00:00,상품선택: 러닝벨트 / 색상: 블랙 / 사이즈: M,M 사이즈가 맞아서 좋습니다.,4,1
bokl***,2019-11-26T13:27:32.000+00:00,상품선택: 러닝벨트 / 색상: 블랙 / 사이즈: M,러닝시 너무 편하네요,5,1
hanb****,2019-12-11T10:06:22.000+00:00,상품선택: 러닝벨트 / 색상: 블랙 / 사이즈: L,여름철 휴대폰 보관이 너무 좋네요,5,1
juli*******,2019-11-17T08:38:14.000+00:00,상품선택: 러닝벨트 / 색상: 블랙 / 사이즈: S,괜찮아요 가성비좋음,4,1
c9****,2019-12-09T07:54:48.000+00:00,상품선택: 러닝벨트 / 색상: 블랙 / 사이즈: S,마라톤할때 사용했어요 좋아요,4,1
qhrd****,2019-11-19T00:21:26.000+00:00,상품선택: 러닝벨트 / 색상: 블랙 / 사이즈: S,"두팔 자유롭게 뛸 수 있어서 좋아요~~
제껀 갤럭시 10g 인데 잘 들어가용 골반에 딱맞아서 핸드폰 돌아갈일도 없어여...좋아요...굿..",5,1
rsim*******,2019-12-02T02:05:07.000+00:00,상품선택: 러닝벨트 / 색상: 블랙 / 사이즈: M,사이즈 m 허리 사이즈 32 남자/ 아주 딱맞습니다. 골반에 걸치면 달릴 때 완전 편합니다.,5,1
alsl****,2019-10-01T23:02:41.000+00:00,상품선택: 러닝벨트 / 색상: 블랙 / 사이즈: S,"S 사이즈로 샀어요. 잘 늘어나서 오래 못 쓰지 않을까했는데, 아주 짱짱하고 좋아요. 허리보다는 골반에 착용하는 게 낫더라고요. 허리는 뛰다보면 움직임에 많아서 말려 올라가요. 골반 뼈에 착용하면, 열심히 뛰어도 안 말려 올라가요. 착용할 때는 전 다리부터 끼워 넣어요. 스판 재질이라웬만한 핸드폰 사이즈는 다 커버할 것 같아요. 일단 뛸 때 손이 자유로워서 너무 좋네요. 물건을 몸에 붙여놓으니까 무게감도 거의 안 느껴져요. 꼭 필요한 물건은 아닌데, 소소하게 삶의 질을 올려주는 물건 중 하나네요. 잘 샀어요.",5,1
jung****,2019-12-07T03:12:50.000+00:00,상품선택: 러닝벨트 / 색상: 블랙 / 사이즈: S,넘 좋습니다너무좋습니다르봉,5,1
jw****,2019-11-15T02:45:45.000+00:00,상품선택: 러닝벨트 / 색상: 블랙 / 사이즈: S,왜 진작 안샀나 싶을정도로 달리기 할때 너무 편하네요!!!,5,1
hgru*****,2019-11-18T02:41:27.000+00:00,상품선택: 러닝벨트 / 색상: 블랙 / 사이즈: L,m이 없어서 L지 샀는데 ㅜ 너무 커서 몼서요,4,1
fell****,2019-11-14T12:41:52.000+00:00,상품선택: 러닝벨트 / 색상: 블루 / 사이즈: M,"s10 5g모델이라걱정했는데
무리없이 잘 들어가요",5,1
west***,2019-11-15T10:24:12.000+00:00,상품선택: 러닝벨트 / 색상: 블랙 / 사이즈: S,잘쓰고있어요 사길잘함,5,1
hu****,2019-11-24T11:03:46.000+00:00,상품선택: 러닝벨트 / 색상: 블랙 / 사이즈: L,사이즈정하는게 어려움 32인치가 애매함ㅋㅋ 그것만빼면 제품은 좋음,4,1
psal****,2019-11-27T13:22:21.000+00:00,상품선택: 러닝벨트 / 색상: 블랙 / 사이즈: M,운동때 간편하게 휴대폰 가지고 다니기 아주 좋아요,5,1
sega****,2019-12-07T01:33:14.000+00:00,상품선택: 러닝벨트 / 색상: 블랙 / 사이즈: S,아직 안써봤어요 ㅎㅎ,3,1
sooa*****,2019-12-04T00:23:23.000+00:00,,짱짱해서 아주 편합니닷,5,1
tkdd*****,2019-11-23T04:22:05.000+00:00,상품선택: 러닝벨트 / 색상: 블랙 / 사이즈: S,달릴때 너무 애용하게 되네요 재구매 하겠습니다,5,1
free*****,2019-11-14T23:28:12.000+00:00,상품선택: 러닝벨트 / 색상: 블랙 / 사이즈: S,"런닝할때 덜렁거림 전혀 없구용
가성비 좋습니다. 런닝 좋아하신다면 강추입니다.",5,1
prim***,2019-11-29T02:29:53.000+00:00,상품선택: 러닝벨트 / 색상: 블랙 / 사이즈: M,마라톤할려고 샀는데 써보니 정말 편합니다.,5,1
to****,2019-12-02T08:52:27.000+00:00,상품선택: 러닝벨트 / 색상: 형광 / 사이즈: M,무난하게 쓰기 좋네요,5,1
psal****,2019-11-27T13:21:32.000+00:00,상품선택: 러닝벨트 / 색상: 블랙 / 사이즈: S,핸드폰 휴대하고 뛰기 좋아요,5,1
ktw7***,2019-11-05T05:23:20.000+00:00,상품선택: 러닝벨트 / 색상: 블랙 / 사이즈: L,"달리기할때 아주 편합니다
골반에 걸치게 씁니다",5,1
hani*****,2019-11-06T04:10:49.000+00:00,상품선택: 러닝벨트 / 색상: 블랙 / 사이즈: L,운동할때 넘 편할 것 같아서 선물했어요~,5,1
bakd****,2019-11-07T05:55:21.000+00:00,상품선택: 러닝벨트 / 색상: 블랙 / 사이즈: M,온 안쪽에 착용하는데 너무 편해요~,5,1
jins****,2019-11-26T00:58:00.000+00:00,상품선택: 러닝벨트 / 색상: 블랙 / 사이즈: M,사놓고헬스장에서 더 요긴하게씁니다 ㅎ,5,1
maxo***,2019-11-11T13:14:07.000+00:00,상품선택: 러닝벨트 / 색상: 블랙 / 사이즈: L,아무래도 반복적으로 착용하면 헐렁해지긴 합니다 그래도 안흘러내려요 가격생각하면 만족합니다,4,1
vs****,2019-10-01T05:24:15.000+00:00,상품선택: 러닝벨트 / 색상: 블랙 / 사이즈: S,원조 제품 추천받아서 알아보다가 호불호 갈린다기에 후기 좋은 저가형 일단 구매해봄! 25바지 입어서 S주문 했는데 골반즘에 잘 맞았음. 그래서 런닝 시작하는데 점점 올라가더니 허리에 안착. 폰이 작아서 안에서 좀 돌아다녔음. 빠지진 않았지만 걍 마음이 불안했음! 그래도 폰 꺼내규 빼고는 편함. 런닝 끝나고 보니 레깅스 위에 했어도 잘 젖고 잘 마름. 이건 뭐 상관 없음.,4,1
hiyo****,2019-11-15T09:58:42.000+00:00,상품선택: 러닝벨트 / 색상: 블랙 / 사이즈: M,"조깅할때 사용하고 있는데,  스마트기기, 카드, 키등을 보관이 용이하고 착용감도 좋아요.",5,1
52****,2019-11-23T05:52:59.000+00:00,상품선택: 러닝벨트 / 색상: 블랙 / 사이즈: S,배송도 빠르고 좋네요 착용하고 런닝해봐야겠어요,5,1
sl****,2019-12-20T11:07:41.000+00:00,상품선택: 러닝벨트 / 색상: 블랙 / 사이즈: M,편하고조음조음 ㅋ.ㅋ.ㅋ,5,1
trun******,2019-10-23T01:25:51.000+00:00,상품선택: 러닝벨트 / 색상: 블랙 / 사이즈: M,"178,77인데 M사이즈 딱 맞아요, 꽉 끼지도 않고 ㅎㅎ 풀코스 뛸 때는 이 제품이 파워젤 많이 들어가서 좋네요 ㅎㅎ",5,1
girl****,2019-10-04T11:18:21.000+00:00,상품선택: 러닝벨트 / 색상: 블랙 / 사이즈: S,"일단 배송이 빨라서 너무 좋았어요~
제가 하비에 다리는 66사이즈인데 S 약간 타이트 하게 들어갔어요~ M자 검정 사고 싶었는데 매진이라 S샀는데 그래도 운동하기에 힘들진 않았어요!
암밴드보다는 좋은 것 같아요~ 많이파세요!",4,1
gruv****,2019-11-21T08:25:27.000+00:00,상품선택: 러닝벨트 / 색상: 블랙 / 사이즈: S,어머니께서 너무 좋아하시네요.,5,1
jok1***,2019-11-10T23:34:17.000+00:00,상품선택: 러닝벨트 / 색상: 블랙 / 사이즈: S,이거 운동할때 쓰기 좋아요. 배에 딱 붙어서 안 덜렁거려서 굿,5,1
s_pe******,2019-10-01T15:25:13.000+00:00,상품선택: 러닝벨트 / 색상: 블루 / 사이즈: M,신축성도 좋고 러닝할 때 매우 편합니다,5,1
shin****,2019-11-04T03:18:55.000+00:00,상품선택: 러닝벨트 / 색상: 블랙 / 사이즈: M,골반에 걸치니 딱이네요~!,5,1
gruv****,2019-11-21T08:24:59.000+00:00,상품선택: 러닝벨트 / 색상: 블랙 / 사이즈: L,정말 활용도 최상입니다.,5,1
s_pe******,2019-10-01T15:20:01.000+00:00,상품선택: 러닝벨트 / 색상: 형광 / 사이즈: M,"그 전에 플립벨트 4만원에 구매해서 썼는데 
제품 퀄리티 거의 유사하고 만족스럽습니다",5,1
thoo***,2019-10-20T01:05:55.000+00:00,상품선택: 러닝벨트 / 색상: 블랙 / 사이즈: S,"폰을 팔꿈치에 찼을 때는 팔꿈치 통증이 왔는뎅

허리에 차니 너무 편해요
특히 배보다 등에 차는게 좋은거 같아요",5,1
sooj*****,2019-10-30T11:27:27.000+00:00,상품선택: 러닝벨트 / 색상: 블랙 / 사이즈: S,핸드폰과 카드를 넣고 러닝을 했어요. 러닝할때 핸드폰이 몸에있는걸 잊을만큼 편했어요. 그런데 시계없이 핸드폰으로 기록과 시간을 확인하시는 분이라면 약간 불편하실수도있을것같아요,4,1
free*****,2019-11-14T23:28:29.000+00:00,상품선택: 러닝벨트 / 색상: 블랙 / 사이즈: M,런닝할때 두손이 자유로워서 너무 좋았습니다.,5,1
nks0***,2019-10-31T01:14:55.000+00:00,상품선택: 러닝벨트 / 색상: 블랙 / 사이즈: M,"한달 사용했는데 진짜 편해여 ㅎㅎ
폰이나 열쇠 카드 등 손에 들고다닐 필요없고 편하게 양손 다 사용합니다 ㅎㅎ
심지어 에어팟도 들어가요 ㅋㅋ",5,1
lh****,2019-11-02T13:49:17.000+00:00,상품선택: 러닝벨트 / 색상: 블랙 / 사이즈: M,갤노트8에 투명케이스 + 그립톡 딱 들어가요 운동한다고 괜히 이것저것 사기 시작하면 질리는데 이건 저렴하고 유용하게 잘 쓸 것 같아요 170에 28-30 입어서 미디움 샀더니 편해요 쉽게 늘어나지만 않으면 오래 쓸 거 같아요,5,1
vita******,2019-10-07T12:49:16.000+00:00,상품선택: 러닝벨트 / 색상: 블랙 / 사이즈: S,"러닝필수템이예요. 옷 위, 허리에 착용하는데 배꼽위까지 밀려 올라가는 편이예요.. 골반에 두면 바지랑 맞닿아서 불편하더라구요... 폰은 등 뒤쪽에 두면 안정감 있고 좋습니다.",5,1
s_pe******,2019-10-01T15:18:16.000+00:00,상품선택: 러닝벨트 / 색상: 형광 / 사이즈: S,가성비 아주 좋습니다 대 만족합니다,5,1
ccdd***,2019-11-17T07:43:37.000+00:00,상품선택: 러닝벨트 / 색상: 블랙 / 사이즈: M,딱 상품에서 설명한 그만큼입니다.,4,1
kims*****,2019-11-15T13:47:19.000+00:00,,"잘 흘러내리지 않고 좋ㅏ요
근데 착용하기가 좀 힘들어욥",4,1
park******,2019-10-25T01:24:58.000+00:00,상품선택: 러닝벨트 / 색상: 블랙 / 사이즈: L,운동할때 편하게 사용할 수 있네요,5,1
gool******,2019-11-13T13:54:27.000+00:00,상품선택: 러닝벨트 / 색상: 블랙 / 사이즈: M,마라톤용으로 샀습니다. 아이폰8 넉넉하게 들어가네요.,5,1
ghks*******,2019-11-12T13:39:33.000+00:00,상품선택: 러닝벨트 / 색상: 블랙 / 사이즈: S,달리기할때 디게유용하구좋아요!,5,1
jh****,2019-11-12T02:02:44.000+00:00,상품선택: 러닝벨트 / 색상: 블랙 / 사이즈: S,스마트폰 휴대하기 정말 좋습니다.,4,1
dksg****,2019-11-12T13:27:03.000+00:00,상품선택: 러닝벨트 / 색상: 블랙 / 사이즈: S,신세계입니다 핸드폰 수납력도 뛰어납니다,5,1
eg****,2019-10-27T02:24:52.000+00:00,상품선택: 러닝벨트 / 색상: 블랙 / 사이즈: S,러닝하는데 최고에요. 전혀 흔들림이 없습니다. 암밴드는 균형 무너질까봐 이걸로 했는데 딱이에요. 강추,5,1
offi****,2019-10-18T09:18:39.000+00:00,상품선택: 러닝벨트 / 색상: 블랙 / 사이즈: M,"튈때 암벤드는 흘러내리고 덜렁거려서 불편하던데
벨트는 확실히편하네요",5,1
happ******,2019-11-08T02:42:14.000+00:00,상품선택: 러닝벨트 / 색상: 블랙 / 사이즈: S,마음에 들어요 감사합니다,4,1
ghks*******,2019-11-12T13:39:53.000+00:00,상품선택: 러닝벨트 / 색상: 블랙 / 사이즈: M,러닝할때 편하구 유용해요! 강추,5,1
rhtj******,2019-11-09T10:20:23.000+00:00,상품선택: 러닝벨트 / 색상: 블랙 / 사이즈: M,"감사합니다,번창하세요.",5,1
wooa*****,2019-10-13T10:58:09.000+00:00,상품선택: 러닝벨트 / 색상: 형광 / 사이즈: S,빠른배송 감사합니다! 편하게 운동할게욥!,5,1
djch******,2019-11-03T23:33:27.000+00:00,상품선택: 러닝벨트 / 색상: 블랙 / 사이즈: S,"아직 착용전입니다만, 친구가 넘조다고 추천해줘서 샀습니다.",5,1
djch******,2019-11-06T01:40:10.000+00:00,상품선택: 러닝벨트 / 색상: 블랙 / 사이즈: M,친구가 직접 써보고 좋다해서 구매했어요,4,1
love******,2019-11-01T04:47:52.000+00:00,상품선택: 러닝벨트 / 색상: 블랙 / 사이즈: S,암밴드는 오래동안 뛰다뷰면 무거운느낌이 있는데 러닝벨트는 짐 되는 느낌이 없어 좋아요,5,1
ssu_*****,2019-09-21T12:39:15.000+00:00,상품선택: 러닝벨트 / 색상: 블루 / 사이즈: M,새내기 러너입니당ㅎ 팔에 핸드폰 넣고 달리다가 불편해서 이거 추천받아 샀어요ㅎ 갤럭시 s9인데 들어가구요~. 다만 차키가 빠질거같아 한바퀴 돌려서 착용했어요ㅎ 크기는 골반에 맞추세요ㅣ,5,1
nisu********,2019-10-01T03:28:23.000+00:00,상품선택: 러닝벨트 / 색상: 블랙 / 사이즈: S,이거 제 머리통만한데 엉디 88센티  허리는 27정도거등여 s안맞을까싶엇는디 잘늘어나서 맞긴맞네요 다리쪽으루 안들어갈까 걱정햇음ㅋㅋ168에 58키로 s갠츈합니다,5,1
mina*******,2019-10-27T05:07:43.000+00:00,상품선택: 러닝벨트 / 색상: 블랙 / 사이즈: S,아이폰 xs max인데 좀 부담스럽긴 해도 잘 들어가네요 음악들으면서 달리기 편하고 좋아요,5,1
sj****,2019-11-09T00:41:19.000+00:00,상품선택: 러닝벨트 / 색상: 형광 / 사이즈: M,너무 좋습니다 강추,5,1
park******,2019-11-10T11:34:30.000+00:00,상품선택: 러닝벨트 / 색상: 블랙 / 사이즈: M,평소 바지 32입는데 M이 맞네요,5,1
zz****,2019-11-08T13:55:07.000+00:00,상품선택: 러닝벨트 / 색상: 형광 / 사이즈: M,빠른배송 감사합니다!!,5,2
zz****,2019-11-08T13:55:04.000+00:00,상품선택: 러닝벨트 / 색상: 블랙 / 사이즈: M,빠른배송 감사합니다!!,5,1
ctd0***,2019-11-06T01:35:22.000+00:00,상품선택: 러닝벨트 / 색상: 블랙 / 사이즈: S,너무 좋아요 잘쓸게요,4,1
cs****,2019-11-06T08:47:04.000+00:00,상품선택: 러닝벨트 / 색상: 블랙 / 사이즈: M,야외 달리기 할 때 좋아요.,4,1
ever*****,2019-10-25T05:49:35.000+00:00,상품선택: 러닝벨트 / 색상: 블랙 / 사이즈: L,"런닝할때 불편 했는데 이제품이 최고네요
암밴드보다 역시 벨트",5,1
kkos***,2019-10-31T11:36:35.000+00:00,상품선택: 러닝벨트 / 색상: 블루 / 사이즈: M,잘쓰고 있습니다 암밴드보다 훨씬 편하고 좋아요,5,1
dbsd********,2019-11-07T10:25:34.000+00:00,상품선택: 러닝벨트 / 색상: 블랙 / 사이즈: S,좋긴한데  복대같기도해요 ㅋ,5,1
3p****,2019-10-26T11:22:14.000+00:00,상품선택: 러닝벨트 / 색상: 블루 / 사이즈: S,좋아요 ㅎㅎㅎ 생각보다 잘 늘어나도 튼튼함,5,1
wooa*****,2019-10-13T10:58:40.000+00:00,상품선택: 러닝벨트 / 색상: 형광 / 사이즈: M,빠른배송 감사합니당 운동 열심히 할게용,5,1
edys***,2019-10-23T11:10:57.000+00:00,상품선택: 러닝벨트 / 색상: 블랙 / 사이즈: S,좋아요 러닝필수템입니다. 검정색이 무난하네요,4,1
pjs5***,2019-10-12T12:25:48.000+00:00,상품선택: 러닝벨트 / 색상: 블랙 / 사이즈: M,배송도 엄청빠르고 폰넣엇을때도 흔들림이없어요,5,1
gruv****,2019-10-22T22:44:35.000+00:00,상품선택: 러닝벨트 / 색상: 블랙 / 사이즈: S,너무너무 만족하고 잘 사용하고 있습니다. 저희 어머니도 사드렸더니 좋아하세요^^,5,1
muya****,2019-10-22T05:44:22.000+00:00,상품선택: 러닝벨트 / 색상: 블루 / 사이즈: S,생각보다 굉장히 유용합니다. 핸드폰 에어팟 카드 정도 수납 가능합니다,5,1
adin******,2019-10-30T01:45:14.000+00:00,상품선택: 러닝벨트 / 색상: 블랙 / 사이즈: M,뛸때 착용하는데 거슬리지 않고 편하네요!,5,1
yoog****,2019-10-17T05:44:57.000+00:00,상품선택: 러닝벨트 / 색상: 블랙 / 사이즈: S,짱짱하고 편하게 운동하기 좋은것 같아요 작은 템이지만 은근 유용한..? 추천합니다 하나쯤 잇으면 좋아요,4,1
gg****,2019-11-03T11:42:32.000+00:00,상품선택: 러닝벨트 / 색상: 형광 / 사이즈: M,편하게 음악들으면서 운동합니다^^,5,1
dbst****,2019-09-16T14:27:53.000+00:00,상품선택: 러닝벨트 / 색상: 블랙 / 사이즈: M,"통통한 여자 체형인데, 미디움으로 허리보다는 골반쪽에 걸쳐서 껴야 핸드폰이 덜흔들려요 암밴드처럼 한쪽에 무게가 실리는것도 아니구 손에 핸드폰을 들필요 없어서 너무 편해요
쓰구나서 땀나서 젖으면 그냥 가볍게 물로 손빨래할수 있을정도예요",4,1
sove******,2019-10-08T12:15:26.000+00:00,상품선택: 러닝벨트 / 색상: 블랙 / 사이즈: M,일단 잘맞고휴대폰보관하기좋네유,3,1
9clo******,2019-09-29T02:16:25.000+00:00,상품선택: 러닝벨트 / 색상: 블랙 / 사이즈: M,일단 제품 자체가 너무 편하고 조금 흘러 내리지만 골반에 걸쳐서 사용중 에어팟이랑 같이 쓰기 딱 좋아요,5,1
ki****,2019-10-29T13:34:40.000+00:00,상품선택: 러닝벨트 / 색상: 블랙 / 사이즈: M,짱짱해서 좋아요 잘 샀어요,4,1
arjo***,2019-10-26T11:55:01.000+00:00,상품선택: 러닝벨트 / 색상: 블랙 / 사이즈: L,배송빠름 노트9도 들어감  ㅋ 복대의 기능도 있음 ㅋ,4,1
chim*****,2019-10-26T10:47:19.000+00:00,상품선택: 러닝벨트 / 색상: 블랙 / 사이즈: S,큰 핸드폰 넣기 조금 빡빡한데 그래도 좋아요,5,1
gruv****,2019-10-22T22:55:14.000+00:00,상품선택: 러닝벨트 / 색상: 블랙 / 사이즈: L,너무너무 좋습니다ㅎㅎ 진짜 삶의 질이 올라갑니다ㅎㅎ,5,1
rhgu****,2019-10-31T04:57:40.000+00:00,상품선택: 러닝벨트 / 색상: 블랙 / 사이즈: M,제품 짱짱하고 좋아요!!!,5,1
fab7***,2019-10-28T02:52:34.000+00:00,상품선택: 러닝벨트 / 색상: 블루 / 사이즈: M,휴대폰넣고 조깅하기가 넘 편해요,5,1
wind******,2019-10-26T01:22:35.000+00:00,상품선택: 러닝벨트 / 색상: 블랙 / 사이즈: M,런닝하러 나갈때 착용하는데 너무 편하고 좋네요^^,5,1
m0****,2019-11-24T20:10:22.000+00:00,상품선택: 러닝벨트 / 색상: 블랙 / 사이즈: M,좋습니다!!!!!!,5,1
sky1********,2019-10-28T00:38:54.000+00:00,상품선택: 러닝벨트 / 색상: 블랙 / 사이즈: L,빠른배송과 내구성이 좋네요,5,1
lsh9***,2019-10-19T13:37:04.000+00:00,상품선택: 러닝벨트 / 색상: 블랙 / 사이즈: S,휴대폰이 넣어도 빠져서 떨어지지않을까 불안했는데 받아보니 떨어질 염려 전혀 없네요,5,1
kyc6***,2019-10-16T00:41:36.000+00:00,상품선택: 러닝벨트 / 색상: 블랙 / 사이즈: M,"런닝 하면서 매우 불편했던 것들이
이거 하나로 해결이 되네요~
이제서야 이걸 알게 되다니ㅎㅎ",5,1
badb*****,2019-10-14T01:41:52.000+00:00,상품선택: 러닝벨트 / 색상: 블랙 / 사이즈: M,"뛸 때 흔들림 없이 편하게 뛸 수 있네요.
주머니에 넣고 다녔는데 완전 편해졌습니다.",5,1
finn***,2019-10-15T02:59:52.000+00:00,상품선택: 러닝벨트 / 색상: 블랙 / 사이즈: M,배송 빨라요 175/69 M 샀는데 허리보단 골반뼈? 에 끼워맞춰야 딱 맞는 느낌이네요. 암밴드보다 확실히 편함,5,1
ko****,2019-10-26T12:32:59.000+00:00,상품선택: 러닝벨트 / 색상: 블랙 / 사이즈: M,운동이나 트래킹할때 엄청편하네요,5,1
ybm3***,2019-10-23T03:47:18.000+00:00,상품선택: 러닝벨트 / 색상: 블랙 / 사이즈: S,아주 타이트하고 러닝하다가 불편함도 잘 모르겠엉르,4,1
ende******,2019-10-20T07:54:09.000+00:00,상품선택: 러닝벨트 / 색상: 블랙 / 사이즈: M,무난한 거 같아요. 조금 조이기는 합니다만,3,1
ba****,2019-10-07T02:45:52.000+00:00,상품선택: 러닝벨트 / 색상: 블랙 / 사이즈: L,"빠른배송 감사합니다.

그리고 생각보다 덜 불편해요!! 아이폰 넣어서 러닝해도 전혀 느낌이 안듭니다!",5,1
mit0***,2019-09-26T22:57:20.000+00:00,상품선택: 러닝벨트 / 색상: 형광 / 사이즈: M,"1. 운동할때 스마트폰 넣고 보관하기 참 좋네요.
2. 66kg -M 사이즈는 적정한거 같습니다. 
3. 입는 방식이라 호불호 있습니다. 다른 제품들 중에 지퍼방식 괜찮아 보이더라구요.
4. 형광색... 진한 형광입니다. 검정으로 선택할껄 그랬네요ㅎㅎㅎ
5. 제품 바느질, 품질은 보통입니다.",4,1
sr****,2019-10-26T02:12:53.000+00:00,,사이즈도 맞고 좋습니다.,5,1
jj****,2019-10-12T00:18:26.000+00:00,상품선택: 러닝벨트 / 색상: 블랙 / 사이즈: M,허리 29입는데 M사이즈가 맞는것같으면서도 살짝 헐렁한 느낌이들어요.그래도 S는 절대 안맞을것같아서 그냥 쓰려구요ㅎㅎ,4,1
hyjk****,2019-10-08T05:56:52.000+00:00,상품선택: 러닝벨트 / 색상: 블랙 / 사이즈: S,"폰을 넣으려 했는데 폰의 넓이가 딱 맞아 넣을때 뻑뻑합니다..  뺄때도 약간 힘들고..
하지만 운동시 손에 들고 있을때보다 완전 편합니다.  허리 싸이즈에 맞출수 없어서 허리 위로 올라갑니다",4,1
happ******,2019-10-18T02:23:15.000+00:00,상품선택: 러닝벨트 / 색상: 블랙 / 사이즈: S,"물품을 넣을 수 있어서 편하기 하지만
벨트가 자꾸 내려와서 불편하게만 느껴져요",1,1
sidu***,2019-10-26T11:18:07.000+00:00,상품선택: 러닝벨트 / 색상: 블랙 / 사이즈: S,좋아효요요요짱좋아요,4,1
jia4***,2019-09-17T11:49:12.000+00:00,상품선택: 러닝벨트 / 색상: 형광 / 사이즈: S,폰 들고 운동하기 불편해서 구매했어요 편할거 같아요 입어보니 탄력이 좋네요 잘쓸께요,5,1
ck_3***,2019-09-20T01:47:59.000+00:00,상품선택: 러닝벨트 / 색상: 블랙 / 사이즈: S,무선이어폰과 런닝벨트의 조합은 먼 미래를 내다보는 핸즈프리 시대를 보여준다 허리사이즈에 맞게 사세요 바지입듯이 입으면 됩니다 아주 굿이에요,5,1
s_pe******,2019-10-01T15:15:55.000+00:00,상품선택: 러닝벨트 / 색상: 블랙 / 사이즈: M,"가성비 좋네요
질도 좋고 편합니다",4,1
jj****,2019-10-02T06:16:10.000+00:00,상품선택: 러닝벨트 / 색상: 블랙 / 사이즈: L,아빠가 쓰시던게 너무 낡아서 구매했어요,4,1
lyj8*****,2019-10-11T23:22:51.000+00:00,상품선택: 러닝벨트 / 색상: 블랙 / 사이즈: M,스마트폰을 팔에 차는 물품을 쓰다가 이 제품을 쓰니 마치 스마트폰이 없는 듯한 편안함이 듭니다~!! 꼭 구매하세요,5,1
cjh1*******,2019-09-17T13:51:17.000+00:00,상품선택: 러닝벨트 / 색상: 블랙 / 사이즈: L,전에 운동 할때는 손에 쥐고 런닝 했었습니다 폰 바꾸고 사이즈가 6.7인치나 되어 불안하여 암밴드 찾다고 구매 하였는데 핸드폰 잘 보관 되고 좋습니다,5,1
free*****,2019-10-16T03:42:03.000+00:00,상품선택: 러닝벨트 / 색상: 블랙 / 사이즈: S,사이즈 딱 맞구요 런닝할때 흔들림 없이 좋앗씁니다.,5,1
skyr*****,2019-09-16T22:53:45.000+00:00,상품선택: 러닝벨트 / 색상: 블랙 / 사이즈: S,짱짱하니 만족합니다. 다른건 써보지 않아 비교가 힘들지만 폰을 들고뛰는것보단 훨씬 편하네요.,5,1
luna****,2019-10-16T23:15:44.000+00:00,상품선택: 러닝벨트 / 색상: 블랙 / 사이즈: M,"짱짱해서 러닝할때 편리하네요~
좋은것 같습니다~",5,1
kkt0***,2019-10-20T05:18:55.000+00:00,상품선택: 러닝벨트 / 색상: 블랙 / 사이즈: L,실용성이 매우 좋네요,5,1
hsi3***,2019-10-20T13:02:20.000+00:00,상품선택: 러닝벨트 / 색상: 블랙 / 사이즈: L,편하고 좋네요~ 구멍이  좀  작네요,4,1
wndu*****,2019-10-14T08:49:52.000+00:00,상품선택: 러닝벨트 / 색상: 블랙 / 사이즈: S,핸드폰도 넣을수 있고 적당한 짱짱한이라 할러내리지 않아 좋아요,4,1
ggon*****,2019-11-05T12:04:46.000+00:00,상품선택: 러닝벨트 / 색상: 형광 / 사이즈: L,조아요조아요조아요조아요,3,1
kk_o******,2019-09-24T00:59:23.000+00:00,상품선택: 러닝벨트 / 색상: 블랙 / 사이즈: L,"좋네요, 골반에차고사용편합니다.",5,1
gusf*****,2019-10-01T03:41:55.000+00:00,상품선택: 러닝벨트 / 색상: 블랙 / 사이즈: S,가방종류보다 몸에 착 달라붙어서 더 안정감있고 좋아요 옷이 얇은 여름에는 러닝백보다 벨트가 덥긴해도 유용할 것 같습니다,4,1
mool********,2019-10-07T13:09:11.000+00:00,상품선택: 러닝벨트 / 색상: 블루 / 사이즈: M,다이어트 위해 러닝시작한 남친선물용으로 구입했습니다. 좋아하네요 ㅎㅎ,5,1
blue*****,2019-09-17T14:45:13.000+00:00,상품선택: 러닝벨트 / 색상: 블랙 / 사이즈: S,배송 빠릅니다. 남자 허리 28에 s사이즈 인데 잘 맞습니다.  확실히 암밴드보다 더 좋은것 같습니다.,5,1
free*****,2019-10-16T03:42:18.000+00:00,상품선택: 러닝벨트 / 색상: 블랙 / 사이즈: M,사이즈 좋구요 흔들리지 않아 좋습니다,5,1
kug1***,2019-09-23T06:12:46.000+00:00,상품선택: 러닝벨트 / 색상: 블랙 / 사이즈: M,가끔 밀려 올려가기는 하지만 대체로 만족스럽습니다.,4,1
jini***,2019-10-19T13:45:57.000+00:00,상품선택: 러닝벨트 / 색상: 블랙 / 사이즈: L,런닝시 필수템입니다.,4,1
aard*****,2019-09-22T23:12:31.000+00:00,상품선택: 러닝벨트 / 색상: 블랙 / 사이즈: L,나는 왜 지금까지 불편하게 핸드폰을 덜렁덜렁 주머니에 넣거나 들고 다녔을까? ㅠ,5,1
hell******,2019-10-15T00:17:12.000+00:00,상품선택: 러닝벨트 / 색상: 블랙 / 사이즈: S,"암밴드 쓰다가 이걸로 바꿨는데 너무 편해요
안정감 있구 좋네요",5,1
dbru*****,2019-10-14T00:28:26.000+00:00,상품선택: 러닝벨트 / 색상: 블랙 / 사이즈: S,마라톤때 하고 뛰었는데 편하고 좋았어요,5,1
ss****,2019-10-20T10:52:52.000+00:00,상품선택: 러닝벨트 / 색상: 블랙 / 사이즈: M,"짱짱합니다.
확실히 편하네요.",4,1
hani******,2019-10-15T13:06:29.000+00:00,상품선택: 러닝벨트 / 색상: 블랙 / 사이즈: L,"런닝할때 전화기 넣어다니기 좋은데 허리에 전자파땜시 아파요ㅡㅋㅋ
전화기손에들고 물병넣어다닙니다ㅡㅋ",3,1
euns********,2019-10-09T03:43:16.000+00:00,상품선택: 러닝벨트 / 색상: 블랙 / 사이즈: S,러닝할때 짱조아요 암밴드보다 훨 편하네요,5,1
ther******,2019-10-19T01:11:41.000+00:00,상품선택: 러닝벨트 / 색상: 블랙 / 사이즈: S,열심히 달릴수있겠습니다,4,1
bl****,2019-10-16T12:20:16.000+00:00,상품선택: 러닝벨트 / 색상: 블랙 / 사이즈: S,마 이만한 런닝벨트 찾아보기 힘들다 고민고민하지마앗!,5,1
oshn****,2019-09-06T08:32:21.000+00:00,상품선택: 러닝벨트 / 색상: 블랙 / 사이즈: M,좋습니다. 일단 사이즈와 다르게 좀 조이네요..늘어나길 기대했지만 빨면 빨수록 더 타이트 해집니다..뭐 튼튼하다는 것이 겠지요.  우선 가방들과 다르게 뛸때 덜렁거리지 않아서 핸드폰을 어디다 줬지?라고 생각 할때도 있습니다. 타이트해 허리도 잡아주기 때문에 자세잡기에도 좋구요. 아쉬운 점은 치수인데 후에 위나 아래 어느 한 곳 가장자리 부분에 바지 허리끈처럼 늘렸다 줄였다하는 것이 있었으면 좋겠습니다.,4,1
bosu****,2019-10-09T06:39:18.000+00:00,상품선택: 러닝벨트 / 색상: 블랙 / 사이즈: L,생각보다 조금 헐렁거리긴한데 M하면 너무 또 졸릴 것 같기도 하고,4,1
cjh1*******,2019-10-19T21:42:25.000+00:00,상품선택: 러닝벨트 / 색상: 블랙 / 사이즈: L,운동하기 좋아요!!!!,5,1
ec****,2019-10-09T02:19:18.000+00:00,상품선택: 러닝벨트 / 색상: 블랙 / 사이즈: S,지인 추천으로 샀어요 소재좋고 편해요,5,1
cckg*****,2019-10-16T22:41:01.000+00:00,상품선택: 러닝벨트 / 색상: 블랙 / 사이즈: L,편하고 넘 좋습니다.,4,1
wyk1***,2019-10-11T02:48:43.000+00:00,,빠른배송과 품질이 마음에 듭니다. 감사합니다.,5,1
vege******,2019-10-09T04:20:15.000+00:00,상품선택: 러닝벨트 / 색상: 블랙 / 사이즈: M,몸에 딱맞아서 달리기할때 안흔들리니까 좋아요,5,1
rkfm*****,2019-10-13T08:19:49.000+00:00,상품선택: 러닝벨트 / 색상: 블랙 / 사이즈: L,솔직히써봤는데좋더라,5,1
bloo******,2019-10-15T12:47:02.000+00:00,상품선택: 러닝벨트 / 색상: 블랙 / 사이즈: S,러닝할때 편할 것 같아여,5,1
bugg*****,2019-10-04T23:00:16.000+00:00,상품선택: 러닝벨트 / 색상: 형광 / 사이즈: M,입을때 살짝 불편하긴 한데 그만큼 잘 안풀리는거 같아서 맘에드네요,4,1
ruok****,2019-09-24T01:17:04.000+00:00,상품선택: 러닝벨트 / 색상: 블랙 / 사이즈: S,운동할 때 좋아요!,5,1
lgs2***,2019-10-14T12:05:42.000+00:00,상품선택: 러닝벨트 / 색상: 블랙 / 사이즈: M,굳굳굳 편해여러닝할때,5,1
wooc*******,2019-09-21T11:28:17.000+00:00,상품선택: 러닝벨트 / 색상: 블랙 / 사이즈: S,일단 하루 정도 사용해봤는데 만족도 높아요^^ 원래 매번 핸드폰 가지고 다녔는데 이제는 편해서 플립벨트에 넣고 뛰는것에만 집중할 수 있네요 ㅎ,5,1
pris****,2019-10-10T08:47:26.000+00:00,상품선택: 러닝벨트 / 색상: 블랙 / 사이즈: S,핸드폰도 들어가고 한듯안한듯 넘 좋아요,4,1
land****,2019-10-11T04:39:12.000+00:00,상품선택: 러닝벨트 / 색상: 블랙 / 사이즈: L,탄력이 짱짱하니 좋아요,5,1
hyei*****,2019-10-06T13:42:32.000+00:00,상품선택: 러닝벨트 / 색상: 블루 / 사이즈: M,뛰어도 안흘러내리고 핸드폰 넣은 느낌도 안나고 짱 좋음,5,1
jins****,2019-10-11T14:27:32.000+00:00,상품선택: 러닝벨트 / 색상: 블랙 / 사이즈: M,아직써보진않았지만 상태좋네유,5,1
aqua*****,2019-10-04T12:46:33.000+00:00,상품선택: 러닝벨트 / 색상: 블랙 / 사이즈: S,달릴때 손이 자유로워지니 완전 편합니다 러닝 필수품 추천,5,1
zero********,2019-10-04T08:38:01.000+00:00,상품선택: 러닝벨트 / 색상: 블랙 / 사이즈: S,운동할때 핸드폰을 주머니에 넣고 하였는데 벨트착용하니 너무 편합니다,4,1
dude*****,2019-10-08T04:45:52.000+00:00,상품선택: 러닝벨트 / 색상: 블랙 / 사이즈: L,달리기할때 휴대폰이 떨어지지않아 좋습니다,5,1
jon0***,2019-10-06T09:39:04.000+00:00,상품선택: 러닝벨트 / 색상: 블랙 / 사이즈: L,모든거 넣을수있고 분실방지효과최고,5,1
dell***,2019-09-09T07:38:34.000+00:00,상품선택: 러닝벨트 / 색상: 블랙 / 사이즈: S,저는 골반이 큰 편이라 s시켰는데 너무 딱맞아요 m사이즈 시켜도될거같아요,4,1
dpfl****,2019-09-19T02:51:36.000+00:00,상품선택: 러닝벨트 / 색상: 형광 / 사이즈: M,"블랙 입고가 오래 걸린대서 그냥 형광 샀구요. 

28~30이라 M사이즈 시켰는데.
골반에 편하게 걸쳐지네요. 
좀 접히고 말리는건 있긴한데. 
잘 쓸게요! 

운동 다닐때 넘 편해요~",5,1
th****,2019-09-09T23:33:36.000+00:00,상품선택: 러닝벨트 / 색상: 블랙 / 사이즈: S,만족합니다. 아직 미사용이긴 한데 좋아보여요,4,1
ddon*****,2019-09-25T23:20:04.000+00:00,상품선택: 러닝벨트 / 색상: 블랙 / 사이즈: L,런닝할때 휴대폰 넣으려고 구매했어요. 짱짱해서 크게 흔들리는것도 없고 안정적이네요 .추천합니다!,5,1
anne****,2019-10-05T23:09:05.000+00:00,상품선택: 러닝벨트 / 색상: 블랙 / 사이즈: S,벨트가 딱맞고 뛰었을때 안흘러내려서 놀랬습니다!,5,1
bl****,2019-10-15T10:17:41.000+00:00,상품선택: 러닝벨트 / 색상: 블랙 / 사이즈: M,173 68 M 사이즈 지려따아,5,1
qkra******,2019-09-29T12:41:26.000+00:00,상품선택: 러닝벨트 / 색상: 블랙 / 사이즈: S,너무 좋아요!! 운동할때 필수템,5,1
hky0***,2019-10-11T07:57:55.000+00:00,상품선택: 러닝벨트 / 색상: 블랙 / 사이즈: M,가벼워서 좋아여ㅎㅎㅎ,5,1
psb7***,2019-10-10T08:30:28.000+00:00,상품선택: 러닝벨트 / 색상: 블랙 / 사이즈: S,러닝할때 편리합니다,5,1
6364****,2019-10-10T13:36:58.000+00:00,상품선택: 러닝벨트 / 색상: 블랙 / 사이즈: S,진짜아아아 너무 편해요!,5,1
tnst*******,2019-09-03T13:20:15.000+00:00,상품선택: 러닝벨트 / 색상: 블랙 / 사이즈: S,배송도 빠르고 좋아요 ㅎ운동할때 핸드폰 걸리적 거렸는데 편하고 좋습니다,4,1
nana********,2019-09-20T02:47:10.000+00:00,,"암밴드보다 좋다고 해서 샀는데 허리에 폰 넣고 달리니까 
걸리적거리지도 않고 짱 좋아여
암밴드 말고 러닝벨트 사세여 여러분 
밴드도 짱짱하니 좋네여 호호",5,1
csma***,2019-09-21T04:51:37.000+00:00,상품선택: 러닝벨트 / 색상: 형광 / 사이즈: M,실제로 보니 더 좋네요. 이것저것 넣고 빼기 편하구요. 이제 러닝하면서 이거저것 손에 쥘 필요가 없어졌어요~,5,1
life***,2019-10-05T13:35:08.000+00:00,상품선택: 러닝벨트 / 색상: 블랙 / 사이즈: L,운동할때 매우 좋아요 런닝,5,1
kong****,2019-10-07T04:44:51.000+00:00,상품선택: 러닝벨트 / 색상: 블랙 / 사이즈: S,아직 써보진 않았지만 좋을 것 같아요!!,4,1
luck****,2019-10-08T09:29:16.000+00:00,상품선택: 러닝벨트 / 색상: 블랙 / 사이즈: M,빠른배송 물건잘 받았어요,5,1
ab01***,2019-09-28T16:32:37.000+00:00,상품선택: 러닝벨트 / 색상: 블랙 / 사이즈: S,"굉장히 타이트하게 잘 사용하고있어요
매우 좋은제품이니 구매하시면 후회하지않을것 같아요",5,1
juno****,2019-09-29T12:28:48.000+00:00,상품선택: 러닝벨트 / 색상: 블랙 / 사이즈: L,옷 안에 착용하면 땀이 스며드는 단점이 있어요. 옷 밖에 착용하면 될 것 같아요.,5,1
yeso****,2019-09-05T22:50:59.000+00:00,상품선택: 러닝벨트 / 색상: 블랙 / 사이즈: S,마라톤대회 나가서 썼어요. 암밴드보다 훨씬 편하네요. 좋아요~!,5,1
jw****,2019-09-29T14:03:03.000+00:00,상품선택: 러닝벨트 / 색상: 블랙 / 사이즈: L,이거 신세계네요 전혀 폰 무게가 안느껴져요,5,1
tnst*******,2019-09-03T13:18:39.000+00:00,상품선택: 러닝벨트 / 색상: 블랙 / 사이즈: L,배송도 빠르고 편하네요 ㅎ 운동할때 딱인듯 늘어나지 않는다면 좋을듯하내요,4,1
jini***,2019-09-11T01:42:46.000+00:00,상품선택: 러닝벨트 / 색상: 블랙 / 사이즈: L,우선 허리 33 라지 피트감 좋고요. 사이즈 궁금해 하시는 분들을 위해 노트8 uag 케이스 사용중인데 딱 맞게잘 들어갑니다. 한번 사용후 세탁전이라 늘어나면 건조기 한번 돌려보려구요. 블랙 샀는데 담에는 형광으로 사야겠어요.,4,1
akds****,2019-09-26T07:07:04.000+00:00,상품선택: 러닝벨트 / 색상: 블랙 / 사이즈: L,딱좋아요 몸에도고정 잘되고,5,1
coco****,2019-10-02T11:47:36.000+00:00,상품선택: 러닝벨트 / 색상: 블랙 / 사이즈: S,뛸때 흘러내리지도않고 너무 편해요,5,1
yul3***,2019-09-25T01:20:42.000+00:00,상품선택: 러닝벨트 / 색상: 블랙 / 사이즈: S,짱짱하게 하려고 s했는데 딱 좋아요 핸드폰 덜렁거리는거 없이 잘 붙어있네요,5,1
sorr*****,2019-09-14T04:28:42.000+00:00,상품선택: 러닝벨트 / 색상: 블랙 / 사이즈: M,"M과 L중 중간 정도에 위치한 사이즈라면 ex)32인치
무조건 M으로 가세요. 
15K 이상 뛸 시 허리 뒤편에 넣은 핸드폰이 흔들리면서 생긴 마찰로
허리에 살짝 땀띠 같은게 생길 때도 있음. 
근데 카드랑 폰이랑 기타 등등 넣고 뛸 수 있는게 매우 좋음.",4,1
like****,2019-09-23T04:04:39.000+00:00,상품선택: 러닝벨트 / 색상: 블랙 / 사이즈: S,와 넘 간편하고 좋네요 ㅎㅎㅎ운동하러 빨리 나가고 싶어져요,5,1
sayl*******,2019-09-06T09:15:35.000+00:00,상품선택: 러닝벨트 / 색상: 블랙 / 사이즈: S,"짱짱하고 좋아요
빨아도 늘어나거나 줄어들지 않을것같아요",5,1
wl****,2019-10-01T10:56:27.000+00:00,상품선택: 러닝벨트 / 색상: 블랙 / 사이즈: L,"런닝관련용품중제일만족~허리34,XL딱!",5,1
nks0***,2019-08-19T21:44:35.000+00:00,상품선택: 러닝벨트 / 색상: 블랙 / 사이즈: M,"배송 빠르고 사이즈는 m 이 키보드 길이에서 조금 작으며 착용했을때 허리에 불편하지않게 딱 편안한 느낌으로 조이네요
아이폰 xr기준으로 그립톡있는데도 들어갑니다 ㅎㅎ",4,1
da****,2019-09-29T13:40:42.000+00:00,상품선택: 러닝벨트 / 색상: 블랙 / 사이즈: S,배송이 빨랐어요 감사합니다,5,1
s_pe******,2019-08-26T23:04:07.000+00:00,상품선택: 러닝벨트 / 색상: 블랙 / 사이즈: M,3만원 대 제품하고 품질이 거의 비슷한 거 같아요 굳이 비싼거 쓸 필요 없겠어요 맘에 듭니다,4,1
jinn****,2019-09-10T12:16:50.000+00:00,상품선택: 러닝벨트 / 색상: 블루 / 사이즈: S,딱 맞고 편하고 좋아요,5,1
jaej****,2019-10-04T10:07:49.000+00:00,상품선택: 러닝벨트 / 색상: 형광 / 사이즈: S,엄청 편하고 짱짱함,5,1
rios****,2019-10-02T07:04:12.000+00:00,상품선택: 러닝벨트 / 색상: 블랙 / 사이즈: S,만족쓰 만족쓰만족쓰만조그,4,1
go****,2019-09-15T05:22:06.000+00:00,상품선택: 러닝벨트 / 색상: 블랙 / 사이즈: L,"키 182, 체중 83 남성이 L사이즈 사용했을때 살짝 쪼는느낌.
달리기할때 덜렁거리지 않아서 러닝용으로 좋은것 같습니다.
실리콘케이스를 쓰는 핸드폰이라면 넣었다 뺄때 많이 힘드니
케이스 사용에 유의 바랍니다.",4,1
drco******,2019-08-10T12:16:24.000+00:00,상품선택: 러닝벨트 / 색상: 블랙 / 사이즈: M,와 진짜 신세계입니다.. 암밴드보다가 사람들이 이거 추천해서 속는셈치고 샀는데 정말 만족스럽습니다... 휴대폰 흔들림 하나도 없어요 ㅎㅎ 이 가격에 재질도 훌륭하다고 생각이듭니다... 뭐 엄청 늘어나면 다시사면 되고 ㅎ 조깅하시는 분들 강추합니다.,5,1
da****,2019-09-28T10:35:11.000+00:00,상품선택: 러닝벨트 / 색상: 블루 / 사이즈: M,좋와요. 마음에 들어요.,5,1
ripp*****,2019-09-24T13:40:12.000+00:00,상품선택: 러닝벨트 / 색상: 블랙 / 사이즈: S,폰 안들고 뛰어도 되서 편해요 ㅎㅎ 고정도 잘 되네요,5,1
hi****,2019-08-27T22:55:01.000+00:00,상품선택: 러닝벨트 / 색상: 블랙 / 사이즈: M,생각보다 짱짱하고 좋아요 가격대비 좋습니다,5,1
love******,2019-10-01T13:31:17.000+00:00,상품선택: 러닝벨트 / 색상: 블랙 / 사이즈: S,암밴드보다 훨씬 편해요,5,1
pik6***,2019-10-01T08:22:28.000+00:00,상품선택: 러닝벨트 / 색상: 블랙 / 사이즈: S,Xs사이즈도 나왓으면 좋겠어요,5,1
drco******,2019-09-21T10:08:20.000+00:00,상품선택: 러닝벨트 / 색상: 블랙 / 사이즈: M,물건 넣고 조깅하면 정말 편리합니다 ㅎㅎ 강추합니다!!,5,1
hank******,2019-09-02T09:55:40.000+00:00,상품선택: 러닝벨트 / 색상: 블랙 / 사이즈: S,"10키로 마라톤할때 썼는데 진짜 편해요 ㅋㅋㅋ 
등쪽에 핸드폰 넣어놓고 뛰면 핸드폰 들고있는 기분도안들어요
노트9 케이스 두꺼운거끼면 들어가기는 하는데 넣었다뺏다가 좀 불편해서 그냥 케이스 빼고 썼어요
진짜 이가격에 잘샀네요 ㅋㅋㅋ",5,1
smn0***,2019-09-14T17:19:41.000+00:00,상품선택: 러닝벨트 / 색상: 블랙 / 사이즈: M,암밴드 찾다 발견했는데 매우 만족하며 쓰고 있습니다! 흔들림도 없고 편해요ㅎ,5,1
hi****,2019-08-27T22:55:35.000+00:00,상품선택: 러닝벨트 / 색상: 블랙 / 사이즈: S,생각보다 짱짱하고 좋아요 !!! 와이프도 만족하네요,5,1
ende******,2019-09-25T05:47:47.000+00:00,상품선택: 러닝벨트 / 색상: 블랙 / 사이즈: M,생각보다 착용감이 좀 불편하네요..,2,1
west***,2019-08-28T14:29:21.000+00:00,상품선택: 러닝벨트 / 색상: 블랙 / 사이즈: S,배가좀쫄리는데 그게더안심은돼요 헐렁한것보단ㅎ폰이 잘있네요,5,1
hasw***,2019-08-28T08:15:22.000+00:00,상품선택: 러닝벨트 / 색상: 블랙 / 사이즈: M,배송이빨라요 근데 이상한 먼지같은게 좀 뭍어있네요..빨아서쓸게여,3,1
love*******,2019-09-21T01:25:03.000+00:00,상품선택: 러닝벨트 / 색상: 형광 / 사이즈: S,수납잘되고 좋습니다 감사합니다,5,1
suna*****,2019-10-16T01:02:34.000+00:00,상품선택: 러닝벨트 / 색상: 블랙 / 사이즈: M,좋아요 아주 좋아요,5,1
ssym****,2019-09-22T15:17:00.000+00:00,상품선택: 러닝벨트 / 색상: 블랙 / 사이즈: M,암밴드는 조여서신경쓰이고 런닝간 있는듯없는듯 편하네요,5,1
hiph******,2019-09-25T08:05:46.000+00:00,상품선택: 러닝벨트 / 색상: 블랙 / 사이즈: L,사용해봤는데 흔들림도 없고 좋내요,5,1
yamm****,2019-09-24T06:28:59.000+00:00,상품선택: 러닝벨트 / 색상: 블랙 / 사이즈: L,"편하고 좋아요
운동 갈땨 너무나 좋네요",5,1
kms0****,2019-09-25T03:01:10.000+00:00,상품선택: 러닝벨트 / 색상: 블랙 / 사이즈: L,허리 34사이즈 L 주문했는데 충분히 쫀쫀합니다,5,1
ba****,2019-09-10T12:07:45.000+00:00,상품선택: 러닝벨트 / 색상: 형광 / 사이즈: S,아주 잘 사용하고 있어요.무엇보다도 가볍고 착용이 편해서 좋습니다.운동할 때 이 벨트만 차고 나가면 되니까 너무 편해요!,5,1
sj****,2019-09-23T23:26:36.000+00:00,상품선택: 러닝벨트 / 색상: 형광 / 사이즈: M,완전 대만족입니다이잉잉,5,1
tkdd*****,2019-09-19T02:38:32.000+00:00,상품선택: 러닝벨트 / 색상: 블랙 / 사이즈: S,"남자 바지 27~28인치 s사이즈 딱 맞네요 
재구매 하겠습니다.",5,1
jjon****,2019-09-20T05:37:20.000+00:00,상품선택: 러닝벨트 / 색상: 블랙 / 사이즈: S,"넘좋아여 핸드폰도 잘들어가고ㅎㅎ
잘쓰겠습니당",5,1
marl***,2019-09-24T22:39:04.000+00:00,상품선택: 러닝벨트 / 색상: 블랙 / 사이즈: S,폰을 안들고 뛰니 엄청 펀하네요,5,1
vita******,2019-09-05T10:23:38.000+00:00,상품선택: 러닝벨트 / 색상: 블랙 / 사이즈: S,S사이즈 샀어요! 딱 맞네요 ㅋㅋ,5,1
gmlw****,2019-09-28T06:23:16.000+00:00,상품선택: 러닝벨트 / 색상: 블랙 / 사이즈: S,S사이주시켰는데 크네요 ㅜㅜ,4,1
minh*******,2019-09-29T01:59:11.000+00:00,상품선택: 러닝벨트 / 색상: 블랙 / 사이즈: M,안흔들리고 좋아용!!!!,4,1
qkaw***,2019-08-29T09:56:42.000+00:00,상품선택: 러닝벨트 / 색상: 형광 / 사이즈: M,"암밴드사려다 샀어용 ㅎㅎ
쫀쫀하니 좋음",5,1
ruda******,2019-08-27T17:07:09.000+00:00,상품선택: 러닝벨트 / 색상: 블랙 / 사이즈: M,완전 좋아요 런닝할때 매일써요,5,1
s_pe******,2019-08-26T23:11:20.000+00:00,상품선택: 러닝벨트 / 색상: 블랙 / 사이즈: S,아주 좋네요 가성비 좋아요,5,1
as****,2019-09-13T08:10:07.000+00:00,상품선택: 러닝벨트 / 색상: 블랙 / 사이즈: L,딱 좋습니다. 쫀쫀해여! 편안하게 건강 챙깁시다,5,1
kkos***,2019-09-22T06:37:19.000+00:00,상품선택: 러닝벨트 / 색상: 블루 / 사이즈: M,튼튼하고 이즈 좋아요,5,1
eogu****,2019-09-04T09:09:39.000+00:00,상품선택: 러닝벨트 / 색상: 블랙 / 사이즈: S,배송이 매우 빠르네요,3,1
minh*******,2019-08-30T13:39:45.000+00:00,상품선택: 러닝벨트 / 색상: 블랙 / 사이즈: M,흔들림은 약간 있지만 신경쓰일정도는 아니에요!,3,1
juno****,2019-08-14T22:33:08.000+00:00,상품선택: 러닝벨트 / 색상: 블랙 / 사이즈: L,달리기 필수품인 것 같아요. 사이즈도 적당히 쫀쫀하고 좋아요.,5,1
lees********,2019-08-28T02:23:33.000+00:00,상품선택: 러닝벨트 / 색상: 블루 / 사이즈: S,"지퍼가 있는걸로 산다는걸 없는걸로 주문했어요ㅠㅠ
바지 28입는데 s사이즈가 딱 맞아요! m으로 샀으면 헐렁했을거에요ㅋㅋ 사이즈는 적혀있는데로 사시면 될 것 같습니당  핸드폰 노트9인데 빡빡하게 들어가고요. 이제 핸드폰 손에 들고 달리기 안 해도 되겠네요 ㅠㅠ",4,1
papy*******,2019-09-03T06:22:24.000+00:00,상품선택: 러닝벨트 / 색상: 블랙 / 사이즈: S,레깅스가 아니라 러닝 숏팬츠 같은거 입으면 약간 말리기는 하는 것 같아요 그래도 핸드폰 고정 잘되고 좋아요,4,1
govl********,2019-09-15T11:30:37.000+00:00,상품선택: 러닝벨트 / 색상: 블랙 / 사이즈: S,에어팟이랑 핸드폰이랑 다 들어가고 꽉잡아줘서 좋아요,5,1
49_d***,2019-08-11T01:21:00.000+00:00,상품선택: 러닝벨트 / 색상: 블랙 / 사이즈: M,생각보다 타이트하고 잘 움직이지 않습니다. 안에 고리 2개 들어있고 폭은 갤럭시 노트시리즈 정도 되요 탄성도 괜찮아서 잘 안늘어날것 같습니다.,5,1
dd****,2019-09-12T05:32:24.000+00:00,상품선택: 러닝벨트 / 색상: 블랙 / 사이즈: S,괜찮아요^^ 런닝할때 잘 쓰고 있어요~,5,1
ybm3***,2019-09-22T06:21:05.000+00:00,상품선택: 러닝벨트 / 색상: 블랙 / 사이즈: S,좋아요 흔들리지않아요,5,1
dhwl******,2019-09-22T05:58:34.000+00:00,상품선택: 러닝벨트 / 색상: 블랙 / 사이즈: M,운동할때 너무 편해요,5,1
alli*****,2019-09-14T01:33:50.000+00:00,상품선택: 러닝벨트 / 색상: 블랙 / 사이즈: L,달리는데 걸리는 거 없고 폰이 흔들리지 않아 좋아요,4,1
jhj5***,2019-09-19T01:12:54.000+00:00,상품선택: 러닝벨트 / 색상: 블랙 / 사이즈: S,사이즈 딱맞고 만족합니다.,5,1
sere******,2019-09-13T02:04:12.000+00:00,상품선택: 러닝벨트 / 색상: 블랙 / 사이즈: M,비가 자주와서 많이 쓰지는 못했지만 늘어짐 없고 허이에 잘 붙어 있네요,5,1
shrh******,2019-09-18T00:15:32.000+00:00,상품선택: 러닝벨트 / 색상: 블랙 / 사이즈: S,배송도빠르고 너무좋아요,5,1
nhiu*****,2019-09-18T05:47:08.000+00:00,상품선택: 러닝벨트 / 색상: 블랙 / 사이즈: S,짱짱하게 잘 잡아줘서 좋아요!!,5,1
jb****,2019-08-26T05:42:14.000+00:00,상품선택: 러닝벨트 / 색상: 블랙 / 사이즈: S,"잘쓰구이썽용 굿굿
몸에 착 감기네요",5,1
hanb****,2019-09-17T11:00:33.000+00:00,상품선택: 러닝벨트 / 색상: 블랙 / 사이즈: L,상품  잘받았어요 운동할때 잘쓸게요,5,1
pine*****,2019-09-07T11:11:10.000+00:00,상품선택: 러닝벨트 / 색상: 블랙 / 사이즈: L,완전 편해요 런닝할때 안흔들리고 좋아요,5,1
mind****,2019-08-30T04:19:33.000+00:00,상품선택: 러닝벨트 / 색상: 형광 / 사이즈: M,빠른배송 좋은상품 굿굿,5,1
cons*****,2019-09-23T07:59:28.000+00:00,상품선택: 러닝벨트 / 색상: 블루 / 사이즈: M,늘어나지 않다면..,4,1
ehdy******,2019-09-17T10:02:40.000+00:00,상품선택: 러닝벨트 / 색상: 블랙 / 사이즈: S,플립벨트차고 열심히 뛰려고합니다,5,1
kims*****,2019-09-06T12:28:53.000+00:00,상품선택: 러닝벨트 / 색상: 블랙 / 사이즈: S,"오자마자 오늘 나가서 써봤어요

입을때 좀 힘들고 쫑기는 감이 있는데

달릴때는 금방 익숙해져서 정말 느낑도 안나고 편해요 좋습니다",4,1
nj****,2019-09-18T03:10:12.000+00:00,상품선택: 러닝벨트 / 색상: 블랙 / 사이즈: S,편하고 좋습니다 허리 27이고 S했어요,5,1
17so********,2019-09-27T12:56:53.000+00:00,상품선택: 러닝벨트 / 색상: 형광 / 사이즈: M,^.^^.^^.^^.^^.^,5,1
aeli****,2019-09-07T12:46:38.000+00:00,상품선택: 러닝벨트 / 색상: 블랙 / 사이즈: S,"쫀쫀하고 편해요 
손이 자유로우니 운동시 조아요",5,1
ppjs***,2019-09-16T08:47:51.000+00:00,상품선택: 러닝벨트 / 색상: 블랙 / 사이즈: M,운동할때 손이 편안해서 좋아용,5,1
qkaw***,2019-08-29T09:57:03.000+00:00,상품선택: 러닝벨트 / 색상: 형광 / 사이즈: S,쫀쫀하니 좋아요 ㅎㅎ,5,1
os****,2019-09-18T12:21:41.000+00:00,상품선택: 러닝벨트 / 색상: 블랙 / 사이즈: S,안정감이  있어 좋네요,5,1
redm*****,2019-09-05T15:31:25.000+00:00,상품선택: 러닝벨트 / 색상: 블랙 / 사이즈: S,좋아요~ 런닝할때 잘 쓰고 있습니다,4,1
huh7***,2019-09-01T02:10:27.000+00:00,상품선택: 러닝벨트 / 색상: 블랙 / 사이즈: M,러닝할때 흔들리지않을까 싶었는데 뛸때 아무느낌이 없을 정도로 편해요. 운동할때 강추입니다.,5,1
jeon****,2019-09-10T09:58:45.000+00:00,상품선택: 러닝벨트 / 색상: 블랙 / 사이즈: S,아이폰 x 사이즈도 들어가네요.. 굳 입니다,5,1
lmh7***,2019-09-04T05:52:59.000+00:00,상품선택: 러닝벨트 / 색상: 블랙 / 사이즈: S,"S샀는데 헐렁하지않고 좋아요
지퍼가 없어서 불안하긴한데 아직 내용물이 빠진적은 없어요",5,1
da****,2019-08-26T01:39:34.000+00:00,상품선택: 러닝벨트 / 색상: 블루 / 사이즈: S,아이폰 플러스인데 잘 들어가요~~~,5,1
bams****,2019-09-15T14:15:31.000+00:00,상품선택: 러닝벨트 / 색상: 블랙 / 사이즈: M,나름 만족하면 쓰고있어요,3,1
wook****,2019-09-02T11:54:21.000+00:00,상품선택: 러닝벨트 / 색상: 블랙 / 사이즈: L,받자마자 바로 사용했습니다. 걸어도 달려도 거의 거슬림없어 좋습니다 많이파세요,5,1
edys***,2019-09-08T01:21:17.000+00:00,상품선택: 러닝벨트 / 색상: 블랙 / 사이즈: S,런닝할때 핸드폰 물 손에 들고 뛰기 어려웠는데 정말 엄청난 상품이에요,5,1
kkm8***,2019-09-01T14:07:48.000+00:00,상품선택: 러닝벨트 / 색상: 블랙 / 사이즈: S,"아이폰xs 잘들어가요
약간 덜렁거리는데 물건이 빠지진 않는거같아요
좀더 안정감있게 제작되면 더 좋을거같아요",4,1
s_pe******,2019-08-26T23:05:00.000+00:00,상품선택: 러닝벨트 / 색상: 블랙 / 사이즈: L,가성비 끝판왕이네요,5,1
to****,2019-09-11T04:46:56.000+00:00,상품선택: 러닝벨트 / 색상: 형광 / 사이즈: M,러닝할때 쓰는데 매우만족해요,5,1
n_****,2019-09-12T02:09:00.000+00:00,상품선택: 러닝벨트 / 색상: 블랙 / 사이즈: S,런할때 아주편하고 좋아요,5,1
wl****,2019-09-01T05:00:51.000+00:00,상품선택: 러닝벨트 / 색상: 블랙 / 사이즈: L,왜이제야이걸샀나후회했습니다~사이즈만잘고르면런닝중휴대폰걱정은끝,5,1
gmrt***,2019-08-22T03:40:41.000+00:00,상품선택: 러닝벨트 / 색상: 블랙 / 사이즈: M,생각보다 많이 유용합니다,5,1
cauz****,2019-09-18T14:49:16.000+00:00,상품선택: 러닝벨트 / 색상: 블랙 / 사이즈: L,33 l사이즈 딱맞아요!,5,1
smj8***,2019-08-29T03:32:48.000+00:00,상품선택: 러닝벨트 / 색상: 블랙 / 사이즈: S,허리28인데 골반에 걸치려니 s는 좀 작아요ㅠㅠ 늘어날거 감안하고 그냥 씁니다 물건은 좋아요,5,1
kkh3***,2019-09-14T06:25:05.000+00:00,상품선택: 러닝벨트 / 색상: 블랙 / 사이즈: M,조깅할 때 정말 편합니다,4,1
nt****,2019-09-11T07:59:59.000+00:00,상품선택: 러닝벨트 / 색상: 블랙 / 사이즈: S,생각보다 잘 안늘어나요,4,1
gh****,2019-09-13T08:45:52.000+00:00,상품선택: 러닝벨트 / 색상: 블랙 / 사이즈: M,런닝필수품 좋아요 ㅎㅎ,5,1
pine*****,2019-09-10T16:31:49.000+00:00,상품선택: 러닝벨트 / 색상: 블랙 / 사이즈: S,런닝할때 핸드폰 넣으면 짱 편해요,5,1
juy0***,2019-08-15T00:54:00.000+00:00,상품선택: 러닝벨트 / 색상: 블랙 / 사이즈: S,"운동 할 때는 아주 편합니다
운동 후 휴대폰에 땀이 묻는 건 어쩔 수 없나봅니당",4,1
eh****,2019-08-13T03:47:39.000+00:00,상품선택: 러닝벨트 / 색상: 블랙 / 사이즈: S,원래 러닝을 할 때 나이키런 어플을 사용해서 애플워치를 살까 고민을 했었는데 런닝벨트 덕분에 돈이 굳었네요. 매일 사용한 지 한달정도 되었고 지금은 살짝 헐렁해졌지만 만족스럽고 또 곧 구매할 예정입니다.,5,1
deci******,2019-08-06T13:32:45.000+00:00,상품선택: 러닝벨트 / 색상: 블랙 / 사이즈: L,"남자 32 입는데 라지는 조금 큰거 같습니다
참고하세요. 러닝 특성상 조금 타이트하게 착용되는게 좋은듯 해요",3,1
kkm8***,2019-09-02T14:43:53.000+00:00,상품선택: 러닝벨트 / 색상: 블랙 / 사이즈: M,"괜찮은거 같아요
더 사용해봐야 알것같지만 무난한듯합니다",4,1
miro******,2019-08-24T15:02:06.000+00:00,상품선택: 러닝벨트 / 색상: 블랙 / 사이즈: M,짱 편해요!! M 샀는데 딱 좋아요 너무 조이지도 않고 흐르지도 않고. 아이폰X 쓰는데 넣고 달리면 어느새 찼는지도 까먹고 있었어요 ㅎ,5,1
city******,2019-09-09T03:59:03.000+00:00,상품선택: 러닝벨트 / 색상: 블랙 / 사이즈: M,나름괜찮아요 사세요,4,1
vege******,2019-09-03T09:46:44.000+00:00,상품선택: 러닝벨트 / 색상: 블랙 / 사이즈: M,착용감이 좋고 휴대폰이 흔들리지않아 런닝할때 좋아요,5,1
sjh2****,2019-08-16T11:26:02.000+00:00,상품선택: 러닝벨트 / 색상: 블랙 / 사이즈: S,생각보다 더 실용적이고 편리해요,5,1
love******,2019-08-31T11:20:56.000+00:00,상품선택: 러닝벨트 / 색상: 블랙 / 사이즈: M,그냥그렇네요 구매는 비추합니다,2,1
jhle****,2019-08-28T05:55:43.000+00:00,상품선택: 러닝벨트 / 색상: 블랙 / 사이즈: L,"물건은 괜찮고, 배송도 빨랐는데...... 운동 안하는 제가 만족 스럽지 않네요.. ㅠㅠ",5,1
9clo******,2019-08-13T11:33:10.000+00:00,상품선택: 러닝벨트 / 색상: 블랙 / 사이즈: M,편하게 입으려고 m사이즈 샀습니다 아이폰8+도 잘 들어가고 열심히 운동하겠습니다,5,1
wind******,2019-08-29T04:58:57.000+00:00,상품선택: 러닝벨트 / 색상: 블랙 / 사이즈: M,전에는 팔에 감는걸 샀는데 불편해서 이걸로 샀구요 아주 편하고 좋네요^^,5,1
bong*****,2019-08-18T12:17:46.000+00:00,상품선택: 러닝벨트 / 색상: 블랙 / 사이즈: L,운동할때 너무 좋네요,5,1
firs****,2019-08-27T14:57:31.000+00:00,상품선택: 러닝벨트 / 색상: 블랙 / 사이즈: M,디자인도 괜찮고 착용감도 좋아요 ^^ 런닝할때 잘 쓸께요,4,1
zero********,2019-08-25T23:06:01.000+00:00,상품선택: 러닝벨트 / 색상: 블랙 / 사이즈: M,"러닝할때 핸드폰 손에 쥐고 했었는데 
플립벨트에 넣고 뛰니 너무 편해요
허리 뒤에 넣었을땐 넣은 느낌도 안나고 불편함 없어요.",5,1
sooh******,2019-09-09T07:20:41.000+00:00,상품선택: 러닝벨트 / 색상: 블랙 / 사이즈: S,사이즈 너무 작게샀나봐요,4,1
ejsz******,2019-09-03T11:37:44.000+00:00,상품선택: 러닝벨트 / 색상: 블랙 / 사이즈: S,짱짱하니 좋은데 핸드폰도 땀나는건 역시나 어쩔수없네용.,4,1
aqua*****,2019-08-19T10:37:38.000+00:00,상품선택: 러닝벨트 / 색상: 블랙 / 사이즈: S,보통 하의 29인치 입는 남자입니다. 후기보고 S구매했다가 너무 작아서 M으로 교환받았어요. M은 편안하게 잘 맞네요. 참고하세요~,5,1
tink*******,2019-08-10T12:25:11.000+00:00,상품선택: 러닝벨트 / 색상: 블랙 / 사이즈: S,러닝할 때 휴대폰 들고 다니는게 너무 귀찮았는데 벨트 안에 넣고 달릴 수 있어서 완전 편해요 저렴한 가격에 잘 샀어요 배송도 엄청 빨라서 아주 만족스럽습니다,5,1
gnsl******,2019-08-11T06:00:32.000+00:00,상품선택: 러닝벨트 / 색상: 블랙 / 사이즈: M,갤럭시 s10 5g 잘 들어가서 좋아요,5,1
qkra******,2019-08-27T16:33:42.000+00:00,상품선택: 러닝벨트 / 색상: 블랙 / 사이즈: S,"대박 너무 좋아요!!! 달릴맛 납니다 ㅎㅎ
진작 구매할껄 그랬어요 ㅠㅠ",5,1
iceb****,2019-09-05T12:56:07.000+00:00,상품선택: 러닝벨트 / 색상: 블랙 / 사이즈: L,잘쓰겠어요~ 좋아요~,5,1
qwpo******,2019-09-07T14:38:14.000+00:00,상품선택: 러닝벨트 / 색상: 블랙 / 사이즈: M,무난 합니다  잘쓰겠스비난,5,1
agai****,2019-08-18T13:52:29.000+00:00,상품선택: 러닝벨트 / 색상: 블랙 / 사이즈: S,"운동할때는 진짜편해요
후기 보고 s 사이즈로 구매했는데
바지 사이즈 26정도 입는데 s사이즈가 딱맞네요
잘 늘어나지도 않아서
 뱃살이 좀있는 분들은m 사이즈로 구매하셔야 할것같아요",4,1
edel****,2019-08-08T13:51:34.000+00:00,상품선택: 러닝벨트 / 색상: 블랙 / 사이즈: S,늘어날거 감안해서 작은거 샀는데 딱입니다. 뛸대 안흔들림!,5,1
g7****,2019-08-26T09:37:43.000+00:00,상품선택: 러닝벨트 / 색상: 블랙 / 사이즈: S,"배송 빠르고 흘러 내리지 않고 딱 감기는게 최고네여
번창 하세여",5,1
sj****,2019-09-01T10:48:38.000+00:00,상품선택: 러닝벨트 / 색상: 블랙 / 사이즈: S,완전 좋습니다 다음에 또 구입하겠습니다,5,1
m4****,2019-08-30T13:00:18.000+00:00,상품선택: 러닝벨트 / 색상: 블랙 / 사이즈: M,밸트가 꽉 조이지도않고 흘러내리지않아서 좋아요,5,1
jeon*******,2019-08-22T04:01:16.000+00:00,상품선택: 러닝벨트 / 색상: 블랙 / 사이즈: L,암밴드를 착용하는 것보다 더 편안한 러닝이 되고 있습니다. ^^ 러닝 잇 아이템 강추입니다!,5,1
code****,2019-09-02T15:37:00.000+00:00,상품선택: 러닝벨트 / 색상: 블랙 / 사이즈: L,갤노트8 잘들어가고 착용감 좋아요,5,1
fptc******,2019-09-03T04:43:33.000+00:00,상품선택: 러닝벨트 / 색상: 블랙 / 사이즈: L,배송빨리 잘도착했고 물건은 아직몰라요,3,1
yu68******,2019-09-01T05:48:38.000+00:00,상품선택: 러닝벨트 / 색상: 블랙 / 사이즈: S,물건넣고 뛰어도 거슬리지않고 좋아요!,5,1
skaw*****,2019-08-17T02:00:30.000+00:00,상품선택: 러닝벨트 / 색상: 블랙 / 사이즈: L,다들 자기 치수보다 생각보다 작다해서 고민하다 라지샀는데 좀 크네요 ㅜㅜ 그냥 사이트에 공지된 정사이즈맞는듯,4,1
selt***,2019-08-27T10:18:41.000+00:00,상품선택: 러닝벨트 / 색상: 블루 / 사이즈: M,블랙시킨줄 알았는데 블루였슴니다 ㅠㅠ 슬프다요,5,1
milk********,2019-08-19T08:24:01.000+00:00,상품선택: 러닝벨트 / 색상: 블랙 / 사이즈: S,마음에 들어요.걷기 운동할 때 손이 자유로워 좋고 몸에 딱 붙어서 불편한 것   모르겠어요.,5,1
sy****,2019-08-20T03:39:34.000+00:00,상품선택: 러닝벨트 / 색상: 블랙 / 사이즈: M,하나 사용하고 있는데 하나 더 구입했습니다. 러닝할때 너무 편리하고 가성비 최고입니다.,5,1
gust*****,2019-08-01T14:12:09.000+00:00,상품선택: 러닝벨트 / 색상: 블랙 / 사이즈: M,써보니까 확실히 좋네요 사람들이 많이 쓰는 이유를 알겠네요~,5,1
a210****,2019-09-04T08:50:02.000+00:00,상품선택: 러닝벨트 / 색상: 블랙 / 사이즈: M,흘러내리지 읺고 좋우요,5,1
so****,2019-08-11T07:43:15.000+00:00,상품선택: 러닝벨트 / 색상: 블랙 / 사이즈: S,29라서 고민했는데 S사이즈 좋습니다,5,1
bigb******,2019-09-03T10:54:04.000+00:00,상품선택: 러닝벨트 / 색상: 블랙 / 사이즈: L,허리33  라지 시켰는데 조금 크네요,3,1
mkj0***,2019-08-29T05:36:46.000+00:00,상품선택: 러닝벨트 / 색상: 블랙 / 사이즈: M,짱짱해서 흘러내리지는 않는데 쫌 답답한감은 있습니다,4,1
smir*****,2019-08-09T00:08:29.000+00:00,상품선택: 러닝벨트 / 색상: 블랙 / 사이즈: M,"런닝할때 이거 차고하면 좋습니다
근데 너무 압박감이 심한느낌이 들어요
그리고 뭔가 걸리적거리는느낌도 나고하지만
그래도 이걸차고 핸드폰안에 넣고 하니까
안정감있고 좋습니다
등산갈때도 차고가는데 좋아요",5,1
get_****,2019-08-04T02:41:39.000+00:00,상품선택: 러닝벨트 / 색상: 블랙 / 사이즈: M,벨트도 짱짱하고 핸드폰이 커서 들어갈까 걱정했는데 잘들어갑니다 (아이폰 8+),5,1
na****,2019-08-18T23:01:39.000+00:00,상품선택: 러닝벨트 / 색상: 블랙 / 사이즈: L,"내구성은 있어보입니다만, 생각보다 사이즈가 크네요. 정사이즈로 구매하세요.",4,1
cham******,2019-09-03T03:35:13.000+00:00,상품선택: 러닝벨트 / 색상: 블랙 / 사이즈: L,잘늘어나고 질이 좋네유,5,1
park****,2019-08-31T07:11:53.000+00:00,상품선택: 러닝벨트 / 색상: 블랙 / 사이즈: L,사용하기 편하고 좋네요,4,1
89_1****,2019-08-21T10:05:00.000+00:00,상품선택: 러닝벨트 / 색상: 블랙 / 사이즈: S,진짜 좋아요 편하고 굿굿 대만족입니다,5,1
ljp0***,2019-08-27T04:31:53.000+00:00,상품선택: 러닝벨트 / 색상: 블랙 / 사이즈: M,지퍼가 없어서 불안하긴 하지만 주의만 하면 될 것 같아요,4,1
togo***,2019-09-04T01:03:06.000+00:00,상품선택: 러닝벨트 / 색상: 블랙 / 사이즈: S,M이커서 S재구매했습니다.,5,1
ever*****,2019-08-11T03:55:38.000+00:00,상품선택: 러닝벨트 / 색상: 블랙 / 사이즈: L,"가격 싸고 품질 좋고 괜찮습니다.
런닝할때 암밴드는 불편해서 이제품으로 구입 했습니다.
지퍼가 있었다면 더 좋을것 같네요",4,1
cole****,2019-09-03T11:06:54.000+00:00,상품선택: 러닝벨트 / 색상: 형광 / 사이즈: M,제품상태 좋습니다.,5,1
deep*****,2019-08-31T03:26:18.000+00:00,상품선택: 러닝벨트 / 색상: 블랙 / 사이즈: S,땀차고 머랄까 막 펺진 않ㅡㅁ 걍 씀,4,1
so****,2019-08-11T07:43:59.000+00:00,상품선택: 러닝벨트 / 색상: 블랙 / 사이즈: L,33인데 L사이즈 괜찮대요,5,1
s3****,2019-07-26T11:12:21.000+00:00,상품선택: 러닝벨트 / 색상: 블랙 / 사이즈: S,"착용이 조금 불편해요 입는식이라 
잘늘어나긴한데 좀 살찌면 착용 못할듯
핸드폰읏g4입니다",3,1
bm****,2019-08-27T07:05:31.000+00:00,상품선택: 러닝벨트 / 색상: 블랙 / 사이즈: M,"암밴드보다 편합니다.
디자인도 좋아용!",5,1
stea*****,2019-08-24T01:27:05.000+00:00,상품선택: 러닝벨트 / 색상: 블랙 / 사이즈: S,아직시용해보진못했지만 쫀쫀하고조ㅗ은거같아요,4,1
ghks*******,2019-08-25T07:18:22.000+00:00,상품선택: 러닝벨트 / 색상: 블랙 / 사이즈: M,허리31 32정도인데 M사이즈 딱이에요 실용성도완전굿,5,1
yaji*****,2019-08-06T03:22:31.000+00:00,상품선택: 러닝벨트 / 색상: 블랙 / 사이즈: S,"아침마다 걷기운동하는데 핸드폰이랑 카드 들고다니기 번거로워서 구입했어요~ 딱찾던 제품이에요~ 슬링백, 암밴드, 힙색 다 해봤는데요 이만한 제품이 없네요 ㅋ 요즘 날씨가 너무 더워서 땀이 많이나서 하나더 구입하려구요 ^^",5,1
hyun********,2019-09-04T01:52:28.000+00:00,상품선택: 러닝벨트 / 색상: 블랙 / 사이즈: L,너무 편해요 좋네요,5,1
smil****,2019-08-22T06:23:45.000+00:00,상품선택: 러닝벨트 / 색상: 블랙 / 사이즈: M,쫀쫀한게 좋아보이네요. 얼른 뛰어봐야겠습니다.,5,1
nasa****,2019-08-25T06:05:28.000+00:00,상품선택: 러닝벨트 / 색상: 블랙 / 사이즈: S,생각보다 늘어나지도 않고 너무 좋아요,5,1
ls****,2019-08-20T11:45:45.000+00:00,상품선택: 러닝벨트 / 색상: 블랙 / 사이즈: S,"28이고 s 딱 맞아요
살짝 늘어날거 생각하면 괜찮은거 같아요",5,2
ls****,2019-08-20T11:45:38.000+00:00,상품선택: 러닝벨트 / 색상: 블루 / 사이즈: S,"28이고 s 딱 맞아요
살짝 늘어날거 생각하면 괜찮은거 같아요",5,1
1252****,2019-08-02T00:16:46.000+00:00,상품선택: 러닝벨트 / 색상: 블랙 / 사이즈: S,"허리 27사이즈 S사이즈 딱맞아요
러닝할때 필요해서 샀는데 짱짱하고 불편하지도 않아요
후크 있는것보다 이렇게 생긴게 더 좋은거같아요
하지만 땀나서 빨면 탈수기에 돌리고 널어야겠어요
그냥 널었더니 잘 안말라요 ㅎ허허",5,1
muya****,2019-08-27T21:12:11.000+00:00,상품선택: 러닝벨트 / 색상: 블루 / 사이즈: S,엄청편하고 흘러내리지도 않아요,5,1
into****,2019-08-23T14:18:40.000+00:00,상품선택: 러닝벨트 / 색상: 형광 / 사이즈: L,좋은제품 잘 사용할수 있을것 같습니다,5,1
love*****,2019-08-16T11:26:44.000+00:00,상품선택: 러닝벨트 / 색상: 블랙 / 사이즈: S,배송 진짜 빨랐구요 타이트한 편이라 잘 안늘어날것같아요 암밴드보다 훨씬 편할것같아요,5,1
he****,2019-08-17T04:54:53.000+00:00,상품선택: 러닝벨트 / 색상: 블랙 / 사이즈: L,좋아요 허리에 딱 감아주고 핸드폰수납해서 런닝하면 최고,5,1
ghks*******,2019-08-25T07:18:46.000+00:00,상품선택: 러닝벨트 / 색상: 블랙 / 사이즈: S,뛰거나운동할때최고에요진짜ㅋㅋ,5,1
myrt******,2019-08-20T04:41:09.000+00:00,상품선택: 러닝벨트 / 색상: 블랙 / 사이즈: S,편하고 좋네요~ 러닝할때 잘 쓰겠어요,5,1
sobb*******,2019-07-13T09:33:47.000+00:00,상품선택: 러닝벨트 / 색상: 블랙 / 사이즈: S,러닝할때 암밴드 쓰다가 불편해서 사봤는데 훨씬 편해요 ㅋㅋㅋ 카드나 다른거 챙겨서 나가기도 좋고 만족입니당! 저는 여자고 바지 28정도 입는데 사이즈 S 했더니 딱 좋아용 ㅋㅋㅋ,5,1
sy00***,2019-07-31T06:46:19.000+00:00,상품선택: 러닝벨트 / 색상: 블랙 / 사이즈: M,이거 차고 10킬로미터 달렸습니다! 끄떡 없습니당ㅎㅎ,5,1
mk****,2019-08-07T13:00:15.000+00:00,상품선택: 러닝벨트 / 색상: 블랙 / 사이즈: M,"s8 쉽게 들어가고, 생수350ml도 잘 들어갑니다.",5,1
jeon*******,2019-08-22T04:01:37.000+00:00,상품선택: 러닝벨트 / 색상: 블랙 / 사이즈: S,편해요! ㅎㅎ 러닝이 더 즐거워집니다!,5,1
jeey***,2019-08-21T00:24:52.000+00:00,상품선택: 러닝벨트 / 색상: 블랙 / 사이즈: S,"너무 쫀쫀해서 핸드폰 넣고빼기가 약간 불편하지만
쓸만합니당 ㅎㅎ",3,1
roka*******,2019-08-04T14:57:27.000+00:00,상품선택: 러닝벨트 / 색상: 블랙 / 사이즈: M,생각보다 더 좋았어요. 로드바이크 탈때 핸드폰을 가지고 다니는 용도로 사용하는데 타고있을 때는 거의 존재감이 없을 정도로 좋은 착용감임.,5,1
yyj5***,2019-08-17T11:24:19.000+00:00,상품선택: 러닝벨트 / 색상: 블랙 / 사이즈: M,잘 잡아줘서 뛸때도 핸드폰으로 노래들을수 있어서 좋아요.,5,1
rbqj****,2019-08-28T23:23:40.000+00:00,상품선택: 러닝벨트 / 색상: 블루 / 사이즈: M,배송빠르고 좋네요 ㅎㅎ,5,1
dpwl***,2019-08-26T11:14:21.000+00:00,상품선택: 러닝벨트 / 색상: 블랙 / 사이즈: M,배송이 빠르고 수납이 잘되네여,5,1
ekdm***,2019-08-21T09:24:45.000+00:00,상품선택: 러닝벨트 / 색상: 블랙 / 사이즈: M,배송도 빠르고 플립벨트도 쫀쫀하고 좋아요,5,1
yang****,2019-08-26T05:20:57.000+00:00,상품선택: 러닝벨트 / 색상: 블랙 / 사이즈: M,그냥 생각했던 대로에요,4,1
whru*******,2019-08-11T12:39:15.000+00:00,상품선택: 러닝벨트 / 색상: 블랙 / 사이즈: M,"달리기 시작하면서 구매했는데, 팔에 하는 것 보다 훨씬 편하고, 또 땀흐르지 않게 도와주는게 여러모로 잘 구매했다고 생각되는 아이템 입니다.^^",5,1
sky4*****,2019-08-25T15:00:43.000+00:00,상품선택: 러닝벨트 / 색상: 블랙 / 사이즈: M,좋아요 짱짱합니다 굿굿,5,1
aqaw****,2019-08-25T11:56:00.000+00:00,상품선택: 러닝벨트 / 색상: 블랙 / 사이즈: L,배송도 빠르고 좋습니다,4,1
bkyo*******,2019-08-20T13:03:42.000+00:00,상품선택: 러닝벨트 / 색상: 블랙 / 사이즈: S,아직 사용해보진 않았지만 배송 / 상품 상태 모두 양호,4,1
sims****,2019-08-20T16:35:40.000+00:00,상품선택: 러닝벨트 / 색상: 블랙 / 사이즈: M,생각 이상으로 탄탄하고 좋아요,5,1
thec******,2019-08-18T05:58:33.000+00:00,상품선택: 러닝벨트 / 색상: 블루 / 사이즈: M,배송빠르고 좋네요. 러닝용벨트,5,1
mess*******,2019-08-08T05:57:28.000+00:00,상품선택: 러닝벨트 / 색상: 블랙 / 사이즈: S,엄청 짱짱해요. 좀 넉넉한 걸로 살 걸 배꼽까지 올라와서 좀 불편하네요. 품질은 좋아요.,4,1
hong****,2019-08-06T00:49:02.000+00:00,상품선택: 러닝벨트 / 색상: 블랙 / 사이즈: S,진짜로 뛸때 안벗겨지고!! 운동하고 집에와서도 한동안은 차고있는지도 모르고 차키 찾았네요ㅋㅋㅋ 덕분에 러닝이 너무 편해졌어요,5,1
ckdd*******,2019-08-23T03:27:30.000+00:00,상품선택: 러닝벨트 / 색상: 블랙 / 사이즈: M,제품자체가튼튼합니다,5,1
last*******,2019-08-20T12:30:52.000+00:00,상품선택: 러닝벨트 / 색상: 블랙 / 사이즈: M,허리 27인데 M사이즈 약간 헐렁한듯 잘 맞아요,5,1
abc2****,2019-08-02T03:12:40.000+00:00,상품선택: 러닝벨트 / 색상: 형광 / 사이즈: S,배송도 빠르고 달리기할때 사용할려고 주문했는데 너무 좋아요!! 휴대폰 넣고 달리기 좋아요 ㅋ 흔들림도 없고 ㅎㅎ 쳐짐도 없고,5,1
jin8*****,2019-08-17T18:27:12.000+00:00,상품선택: 러닝벨트 / 색상: 블랙 / 사이즈: S,아직 착용하고 뛰어보진 않았지만 쫀쫀하네요,5,1
js99***,2019-07-29T15:48:00.000+00:00,상품선택: 러닝벨트 / 색상: 블랙 / 사이즈: M,너무 좋아요ㅠㅠ 두손이 자유롭고 넘 편해요 달리기 페이스도 평소보다 조금 빨라졌어요ㅋㅋ 암밴드나 슬링백보다 백번 낫습니다 완전 강추에요....!!!!,5,1
714c********,2019-07-31T11:43:00.000+00:00,상품선택: 러닝벨트 / 색상: 블랙 / 사이즈: S,레깅스만큼이나 쫀쫀하네요,5,1
im****,2019-08-13T23:41:07.000+00:00,상품선택: 러닝벨트 / 색상: 블랙 / 사이즈: M,최고네요 너무좋아요,5,1
alcl****,2019-08-16T15:26:44.000+00:00,상품선택: 러닝벨트 / 색상: 블랙 / 사이즈: M,여기저기 구멍이 있어서 다른곳으로 빠져나와요,4,1
hyes******,2019-08-14T12:53:22.000+00:00,상품선택: 러닝벨트 / 색상: 블랙 / 사이즈: S,심플하게생겼어요 마구넣고 다니려구요,5,1
didl*******,2019-08-16T14:38:11.000+00:00,상품선택: 러닝벨트 / 색상: 블랙 / 사이즈: L,갈수록 발전 하는거 같군요 안빠지고 좋습니다,5,1
hong***,2019-08-26T14:15:23.000+00:00,상품선택: 러닝벨트 / 색상: 형광 / 사이즈: M,잘받았습니다......,5,1
blue********,2019-08-17T08:50:27.000+00:00,상품선택: 러닝벨트 / 색상: 블랙 / 사이즈: M,빠른 배송에 물건도 아주 좋아요 ㅋㅋㅋ,5,1
huhu*****,2019-08-16T02:48:11.000+00:00,상품선택: 러닝벨트 / 색상: 블랙 / 사이즈: S,진짜 편합니다 러닝할때 좋아요,5,1
dhwl******,2019-08-15T10:44:08.000+00:00,상품선택: 러닝벨트 / 색상: 블랙 / 사이즈: M,아직써보지는 않았는데 러닝할때 편할거같아요,5,1
xoeo****,2019-08-20T06:11:36.000+00:00,상품선택: 러닝벨트 / 색상: 블랙 / 사이즈: S,잘받았어요 많이파세요,3,1
hyn0***,2019-08-19T08:31:28.000+00:00,상품선택: 러닝벨트 / 색상: 블랙 / 사이즈: M,엄청 편해요 운동할때 필수,5,1
kimp****,2019-08-09T00:14:53.000+00:00,상품선택: 러닝벨트 / 색상: 블랙 / 사이즈: L,런닝할때는 이게 정답이네요. 이물감도 거의 없고 좋습니다.,5,1
ksp4***,2019-07-28T03:01:43.000+00:00,상품선택: 러닝벨트 / 색상: 블랙 / 사이즈: M,고장이 잘되서 하나도 안흔들랴요,5,1
ay****,2019-08-26T04:35:24.000+00:00,상품선택: 러닝벨트 / 색상: 블랙 / 사이즈: S,배송이 발라요&mdash;-!,5,1
woo_*******,2019-08-15T12:05:51.000+00:00,상품선택: 러닝벨트 / 색상: 블랙 / 사이즈: L,암벤드 사려다가 벨트로 바꿨는데 잘선택 했네요! !,5,1
ksh8*****,2019-08-10T03:46:32.000+00:00,상품선택: 러닝벨트 / 색상: 블랙 / 사이즈: M,상품좋아요 배송도 빨랐습니다,5,1
haha****,2019-08-15T03:39:28.000+00:00,상품선택: 러닝벨트 / 색상: 블랙 / 사이즈: S,좋아요 열심히 운동하겠습니다,5,1
ko****,2019-07-30T13:01:26.000+00:00,상품선택: 러닝벨트 / 색상: 블랙 / 사이즈: M,좋아서 재구매 했어요.,5,1
sout******,2019-08-05T00:33:58.000+00:00,상품선택: 러닝벨트 / 색상: 블랙 / 사이즈: L,"한 치수 작은 걸 살껄 그랬네요. L는 조금 큰 느낌이 듭니다. ㅜㅠ
그래도 치수 큰거 빼고는 다 만족합니다!",4,1
hum1****,2019-08-19T11:15:40.000+00:00,상품선택: 러닝벨트 / 색상: 블랙 / 사이즈: L,좋네요 운동열심히해야겠어요,5,1
sorr*****,2019-08-11T11:57:53.000+00:00,상품선택: 러닝벨트 / 색상: 블랙 / 사이즈: M,편리합니다. 허리 32인치면 M사이즈 가세요.,5,1
hyom***,2019-08-10T07:45:31.000+00:00,상품선택: 러닝벨트 / 색상: 블랙 / 사이즈: S,"짱짱해용 배송 빨랐어요 
손이 자유로워졌어요",5,1
appl********,2019-08-15T00:01:05.000+00:00,상품선택: 러닝벨트 / 색상: 블랙 / 사이즈: S,네 가능합니다 제가 직접 하는 것이,3,1
lsw4***,2019-08-04T23:20:24.000+00:00,상품선택: 러닝벨트 / 색상: 블랙 / 사이즈: M,갤럭시s10 5g 모델도 잘 들어갑니다. 넣어보기만 했고 착용은 안해봤지만 오늘 밤부터 당장 사용 예정입니다. 기대되네요,5,1
coin***,2019-08-14T02:53:40.000+00:00,상품선택: 러닝벨트 / 색상: 블랙 / 사이즈: M,가볍고 폰 넣고 달리기 좋아요!!,5,1
youn*****,2019-08-08T15:01:45.000+00:00,상품선택: 러닝벨트 / 색상: 블랙 / 사이즈: M,조아요딱맞아요안흔들거림,5,1
ko****,2019-07-19T04:40:32.000+00:00,상품선택: 러닝벨트 / 색상: 블랙 / 사이즈: M,좋으네요. 흔들림도 없고 좋아요,5,1
qudc*****,2019-08-14T13:44:13.000+00:00,상품선택: 러닝벨트 / 색상: 블랙 / 사이즈: L,역시 상품평 리뷰수가 답.,5,1
ckst*****,2019-08-12T13:22:11.000+00:00,상품선택: 러닝벨트 / 색상: 블랙 / 사이즈: M,만족쓰좋네요잘쓰고이써어요,5,1
sorr*****,2019-08-04T01:47:41.000+00:00,상품선택: 러닝벨트 / 색상: 블랙 / 사이즈: L,"괜찮긴 한데 32인치 허리에 쓰니

뛰다가 엉덩이 끝에 덜렁덜렁 매달림.

M으로 다시 시켜야겠어요ㅠ",4,1
flut****,2019-07-25T02:11:19.000+00:00,상품선택: 러닝벨트 / 색상: 블랙 / 사이즈: S,잘 쓰고 있어요ㅎ 감사합ㄴ디ㅏㅎ,5,1
elli***,2019-08-08T14:10:32.000+00:00,상품선택: 러닝벨트 / 색상: 블랙 / 사이즈: S,러닝할때 짱 편합니다!! 진작 살걸...,5,1
na_d****,2019-08-10T05:50:11.000+00:00,상품선택: 러닝벨트 / 색상: 블랙 / 사이즈: M,배송 빠름 아직 안 써봤지만 뭐 괜찮을 듯,5,1
ssym****,2019-07-20T10:09:43.000+00:00,상품선택: 러닝벨트 / 색상: 블랙 / 사이즈: M,179/85kg M사이즈입니다 다른제품보다싸고 좋아보입니다,5,1
cckg*****,2019-08-04T02:04:27.000+00:00,상품선택: 러닝벨트 / 색상: 블루 / 사이즈: L,편하고 좋아요 .  운동할때  꼭,4,1
fate****,2019-07-22T05:02:59.000+00:00,상품선택: 러닝벨트 / 색상: 블랙 / 사이즈: S,"스몰로 주문했어요
쫀쫀하고 배에 딱 고정이 되는것이
폰도 넣을수있고 이것저것 다 넣을수있을듯해요
작업할때도 주머니없는 옷 입으면 너무 유용합니다
굳굳",4,1
reva****,2019-08-09T08:56:40.000+00:00,상품선택: 러닝벨트 / 색상: 블루 / 사이즈: M,빠른 배송 감사합니다,5,1
damb***,2019-06-27T06:47:53.000+00:00,상품선택: 러닝벨트 / 색상: 블랙 / 사이즈: S,"휴대폰이 흔들리지 않아서 좋아요
두부분으로 나눠서 한 쪽은 지퍼가 있으면 좋을거같아요~ 차키나 돈은 기분상 조금 불안이라",5,1
soon****,2019-08-04T06:48:38.000+00:00,상품선택: 러닝벨트 / 색상: 블랙 / 사이즈: M,편하고 많이 들어가서 자전거탈때도 좋아요,5,1
byy0***,2019-07-22T23:44:03.000+00:00,상품선택: 러닝벨트 / 색상: 블랙 / 사이즈: L,러닝할때 너무 편해요!!,5,1
oo****,2019-07-27T08:16:50.000+00:00,상품선택: 러닝벨트 / 색상: 블랙 / 사이즈: S,손이 가벼워야 할 상황에서 유용한 아이템이 될 수 있습니다 특히 러너들에게는 유용합니다 사이즈는 꼭 신중하게 선택하세요 여자 바지27~26 s  했습니다,5,1
hany***,2019-07-24T05:22:04.000+00:00,상품선택: 러닝벨트 / 색상: 블랙 / 사이즈: S,생각했던거보단 많이 안들어갈거같아 보이네요 전 핸폰이 커서 이거 넣으면 딴건 마니 넣음 안될거같지만 조깅할때 편해요,4,1
i2****,2019-07-12T17:15:03.000+00:00,상품선택: 러닝벨트 / 색상: 블랙 / 사이즈: S,달리기할 때 꾸준히 사용하고 있습니다. 벨트에 핸드폰 넣고 블루투스 이어폰 끼고 달리니까 좋습니다. 핸드폰 넣었다 빼는 것도 편하고요. 달리다보면 골반에 걸쳐지진 않고 허리부분으로 올라가게 되는 점 참고하시길 바랍니다.,5,1
yism***,2019-08-07T04:58:15.000+00:00,상품선택: 러닝벨트 / 색상: 블랙 / 사이즈: L,쫀쫀하고 착용감 굿입니다!,5,1
deah*****,2019-08-08T23:38:11.000+00:00,상품선택: 러닝벨트 / 색상: 블랙 / 사이즈: M,가격대비 좋습니다.,5,1
ekql*****,2019-08-04T02:37:29.000+00:00,상품선택: 러닝벨트 / 색상: 블랙 / 사이즈: M,아주 잘쓰고 있습니다 운동할때 강추,5,1
gj45****,2019-07-28T11:29:55.000+00:00,상품선택: 러닝벨트 / 색상: 블랙 / 사이즈: S,착용감이 좋아요! 뛸 때 불편함이 전혀 없어요!,5,1
cckg*****,2019-08-04T02:01:43.000+00:00,상품선택: 러닝벨트 / 색상: 블랙 / 사이즈: L,잘 쓰고 있습니다. 만족잎니다.,4,1
lw****,2019-08-03T23:56:15.000+00:00,상품선택: 러닝벨트 / 색상: 블랙 / 사이즈: L,좋아요 잘잡아주네요,5,1
1p9s***,2019-07-06T08:32:15.000+00:00,상품선택: 러닝벨트 / 색상: 블랙 / 사이즈: S,"아이폰xr잘 넣고댕김

늘어나서 괜추나여 ㅋ 

170 70키로 웨이트 오래함 에스사이즈 딱 맞고 좋음",5,1
sr****,2019-07-30T09:11:44.000+00:00,상품선택: 러닝벨트 / 색상: 블랙 / 사이즈: S,굿굿 이런거 첨써보는데 너무좋아요,5,1
ohmy*****,2019-06-21T09:19:26.000+00:00,상품선택: 러닝벨트 / 색상: 블랙 / 사이즈: M,탄력은 좋고 쓸만 합니다 다만 마라톤이나 좀 장시간 런닝시엔 한번 집어놓고 핸드폰 자주 안볼 분이라면  적극추천 헬스장에서 세트 후에 짧게 자주 보실 뷴이라면 비추  꺼내기가 힘듭니다 꺼내기 편한건 지퍼식인듯요,4,1
whit********,2019-08-17T08:26:09.000+00:00,상품선택: 러닝벨트 / 색상: 블랙 / 사이즈: M,좋아요~~~~~~~,5,1
uhms****,2019-06-29T04:38:15.000+00:00,상품선택: 러닝벨트 / 색상: 블랙 / 사이즈: S,좋긴 좋아요... 더 작은 사이즈도 있으면 더 좋았을 듯 ㅠㅠ 제일 작은 사이즈라도 체구 작으신 분이면 폰 넣는 부분이 뛰면 덜렁 거림...,5,1
isy8***,2019-07-16T07:35:55.000+00:00,상품선택: 러닝벨트 / 색상: 블랙 / 사이즈: L,개 편 함 복대 찬거같아서 더좋음,5,1
bams****,2019-08-12T09:24:04.000+00:00,상품선택: 러닝벨트 / 색상: 블랙 / 사이즈: M,잘받았습니다..^^,3,1
pys2***,2019-08-03T09:35:55.000+00:00,상품선택: 러닝벨트 / 색상: 블루 / 사이즈: M,사용해 보니 몇 개를 더 구입하고 싶네요,5,1
sunh******,2019-07-28T22:10:05.000+00:00,상품선택: 러닝벨트 / 색상: 블랙 / 사이즈: M,짱짱해요~ 잘쓸게여 감사합니다,5,1
suga*****,2019-08-08T13:44:52.000+00:00,상품선택: 러닝벨트 / 색상: 블랙 / 사이즈: S,27-28정도 입는데 s사니까 맞네요,5,1
to****,2019-07-12T09:48:40.000+00:00,상품선택: 러닝벨트 / 색상: 블랙 / 사이즈: M,"좋다
아이폰 xs max도 넉넉히 들어가고
하지만 내구성은 어떨지 궁금 ㅎㅎ",5,1
togo***,2019-07-30T16:49:11.000+00:00,상품선택: 러닝벨트 / 색상: 블랙 / 사이즈: M,좀 크지만 고심해서 고른만큼 잘쓰겠습니다!,4,1
ba****,2019-08-02T05:52:38.000+00:00,상품선택: 러닝벨트 / 색상: 블랙 / 사이즈: M,짱짱하니 좋네오 러닝할 때 편할거 같아요,5,1
ekql*****,2019-07-07T06:17:52.000+00:00,상품선택: 러닝벨트 / 색상: 블랙 / 사이즈: M,아직안써봣어요 ㅋㅋ 차고 열심히 운동할려구여,4,1
jswh****,2019-07-31T02:06:22.000+00:00,상품선택: 러닝벨트 / 색상: 블랙 / 사이즈: M,운동할때 편해요! 빠른배송!,5,1
la****,2019-08-02T01:06:08.000+00:00,상품선택: 러닝벨트 / 색상: 블랙 / 사이즈: M,아직 늘어남 없이 잘 쓰고 있습니다~,5,1
n_****,2019-07-31T23:52:28.000+00:00,상품선택: 러닝벨트 / 색상: 블랙 / 사이즈: S,배송도빠르고 좋아요,5,2
dmsw*****,2019-07-30T07:30:08.000+00:00,상품선택: 러닝벨트 / 색상: 블루 / 사이즈: M,사이즈도 딱 괜찮고 물건도 잘 들어가네요ㅎㅎ,4,1
jeew******,2019-07-22T06:47:18.000+00:00,상품선택: 러닝벨트 / 색상: 블랙 / 사이즈: S,"흘러내리지도 않고 핸드폰, 지갑, 이어폰 딱 고정한 상태에서 뛸 수 있어서 정말 좋아요.",5,1
ddin******,2019-07-26T02:53:02.000+00:00,상품선택: 러닝벨트 / 색상: 블랙 / 사이즈: M,좋습니다. 조금 더 탄력이 있으면 좋겠습니다.,4,1
lwh2***,2019-07-26T07:26:05.000+00:00,상품선택: 러닝벨트 / 색상: 블랙 / 사이즈: M,가격대비 아주 좋습니다 운동할떄 잘 쓰고 있어요,5,1
hani******,2019-08-02T09:15:24.000+00:00,상품선택: 러닝벨트 / 색상: 블랙 / 사이즈: L,"좋으네요ㅡㅋ
500생수통도 가능하네요ㅡ
걸으러갈때 손에들고다니기 귀찮았는데..
좋습니다ㅡㅋ",5,1
cckg*****,2019-08-04T02:03:01.000+00:00,상품선택: 러닝벨트 / 색상: 블랙 / 사이즈: L,재 구매 입니다.  좋습니다.,4,1
drea*****,2019-07-18T04:30:42.000+00:00,상품선택: 러닝벨트 / 색상: 형광 / 사이즈: S,달리기할때 손이 편하니까 너무 좋아요~고정도 잘됩니다!잘 쓸게요,5,1
mybo*****,2019-07-10T11:31:30.000+00:00,상품선택: 러닝벨트 / 색상: 블랙 / 사이즈: L,밴드도 쫀쫀하니 운동할맛 납니다ㅎㅎ,5,1
lkmi***,2019-06-25T22:00:43.000+00:00,상품선택: 러닝벨트 / 색상: 블랙 / 사이즈: M,"베송도 빠르고  이것저것 수납하기 좋네요! 
흘러내리지도 않고~  잘쓸께요",5,1
dn****,2019-07-11T17:42:58.000+00:00,상품선택: 러닝벨트 / 색상: 블랙 / 사이즈: S,28인치허리둘레엔좀작네요,5,1
da****,2019-07-24T04:46:27.000+00:00,,휴대폰이랑 차키 정말불편햇느데 벨트하고 속에넣고 뛰니까 정말 좋앗어요@,5,1
an****,2019-07-15T09:46:36.000+00:00,상품선택: 러닝벨트 / 색상: 블랙 / 사이즈: M,제품대비 가격대가 높다 생각했으나 정말 편리성 갑인 제품입니다. 손에 뭐 들고 뛸일이 없어요.,5,1
yej0***,2019-07-22T21:33:57.000+00:00,상품선택: 러닝벨트 / 색상: 블랙 / 사이즈: M,호주머니에 불룩하게 튀어나오던것이 싫었는데 이거덕분에 그럴 일 없어졌어요,5,1
gl****,2019-07-21T11:59:37.000+00:00,상품선택: 러닝벨트 / 색상: 블랙 / 사이즈: S,좀 땡겨요 배부른 상태에서 착용하면 배가 아파요 (S사이즈),4,1
sam7***,2019-06-24T04:09:50.000+00:00,상품선택: 러닝벨트 / 색상: 블루 / 사이즈: M,"배송 빠르고 제품 아주 좋네요.
다음에 또 구입하고 싶어요",5,1
glsx****,2019-06-28T16:30:03.000+00:00,상품선택: 러닝벨트 / 색상: 블랙 / 사이즈: M,아직까지 허리에서 짱짱합니다 흘러내리적도 스없고 팔에차는것보다 안정감이 훨 낫네요,5,1
rhdw*****,2019-07-30T00:49:00.000+00:00,상품선택: 러닝벨트 / 색상: 형광 / 사이즈: M,좋습니다 짱짱하고 굿,5,1
po****,2019-07-18T00:10:58.000+00:00,상품선택: 러닝벨트 / 색상: 블랙 / 사이즈: M,빠른 배송 감사합니다. 잘 쓸게요!,4,1
sere******,2019-07-31T03:35:33.000+00:00,상품선택: 러닝벨트 / 색상: 블랙 / 사이즈: M,허리30~31 M 사이즈 잘 맞습니다,5,1
phon***,2019-07-29T00:14:55.000+00:00,상품선택: 러닝벨트 / 색상: 블랙 / 사이즈: M,안빠지고 좋아요~~,4,1
dydd******,2019-07-06T09:55:43.000+00:00,상품선택: 러닝벨트 / 색상: 블랙 / 사이즈: M,"달리기할때 핸드폰,차키를 수납해서
양손을 자유롭게하고 달릴수가 있습니다.

정말좋아요 추천드립니다!!",5,1
sung****,2019-07-17T17:26:14.000+00:00,상품선택: 러닝벨트 / 색상: 블랙 / 사이즈: M,"허리 31~32 남자인데 M이 
쫀쫀하게 딱 맞네요 
딱 맘에 듭니다 굿",5,1
kanz*****,2019-08-10T18:03:27.000+00:00,상품선택: 러닝벨트 / 색상: 블랙 / 사이즈: L,ㅠㅗ호하ㄹㅇ로ㅓ우롱하,5,1
yjs8***,2019-07-26T04:04:52.000+00:00,상품선택: 러닝벨트 / 색상: 블랙 / 사이즈: M,아직 사용은 안해봤지만 짱짱함,5,1
jinh*****,2019-07-26T06:31:52.000+00:00,상품선택: 러닝벨트 / 색상: 블루 / 사이즈: M,제품이 탄탄하진 않습니다,3,1
ysm0***,2019-06-28T08:03:37.000+00:00,상품선택: 러닝벨트 / 색상: 블랙 / 사이즈: M,잘 받았습니다. 이제 편하게 러닝하겠네요,5,1
akds****,2019-07-21T07:24:52.000+00:00,상품선택: 러닝벨트 / 색상: 블랙 / 사이즈: L,좋았습니다근데 블루트스가 약해지는 느킴이있네요,5,1
seji****,2019-07-24T08:33:43.000+00:00,상품선택: 러닝벨트 / 색상: 블랙 / 사이즈: S,너무 편해서 좋아요,5,1
dim_******,2019-07-02T11:29:02.000+00:00,상품선택: 러닝벨트 / 색상: 블랙 / 사이즈: L,뒤틀림이나 변형 없이 마감도 튼튼합니다.,5,1
bbaw****,2019-07-23T22:21:29.000+00:00,상품선택: 러닝벨트 / 색상: 형광 / 사이즈: S,배송도 빠르고 제품도 괜찮습니다.,5,1
blue*******,2019-07-27T03:14:46.000+00:00,,배송 빠르고 좋습니다.,4,1
xe****,2019-07-21T04:07:41.000+00:00,상품선택: 러닝벨트 / 색상: 블랙 / 사이즈: M,첫 세탁 시 물이 많이 빠지니 세탁 후 사용하시길 권장함.,4,1
juno******,2019-07-20T11:14:28.000+00:00,상품선택: 러닝벨트 / 색상: 블랙 / 사이즈: M,암밴드 이런거 보다 훨씬 좋아요,5,1
ads1***,2019-07-12T02:50:28.000+00:00,상품선택: 러닝벨트 / 색상: 형광 / 사이즈: S,색상도 맘에들고 딱 잡아줘서 소지품 넣고 걸을때 완전 편합니다,5,1
akib***,2019-07-17T15:17:11.000+00:00,상품선택: 러닝벨트 / 색상: 블랙 / 사이즈: M,진작에 살껄 그랬어요. 운동하기 수월하네요,5,1
alle******,2019-07-15T07:56:34.000+00:00,상품선택: 러닝벨트 / 색상: 블랙 / 사이즈: L,한달썻는데 아직도 짱짱하니 생각보다 안늘어나고 좋습니다,5,1
qudx******,2019-07-19T23:26:11.000+00:00,상품선택: 러닝벨트 / 색상: 블랙 / 사이즈: L,좋아요ㅗ노노노높앙앙,4,1
macs***,2019-07-10T11:40:10.000+00:00,상품선택: 러닝벨트 / 색상: 블랙 / 사이즈: M,가성비 좋고 탄력좋고 잠깐 사용해봤는데 핸드폰 넣어도 뛸때 불편하지 않네요,5,1
blac***,2019-06-22T00:08:18.000+00:00,상품선택: 러닝벨트 / 색상: 블랙 / 사이즈: M,"런닝벨트 쓰기전까지 암밴드나 힙색등을 고민하다가 벨트가 가장 편할거 같아서 사용했습니다.

런닝벨트 쓰고 나서부터 조깅할 때 휴대폰에 확실히 신경 안쓰게 되어서 좋습니다.

한가지 단점이라면, 세탁기에는 빨래를 못하니 손빨래를 자주해줘야 한다는 점이 단점이네요.",4,1
alcl****,2019-07-11T00:15:21.000+00:00,상품선택: 러닝벨트 / 색상: 블랙 / 사이즈: M,그냥 통으로 다 연결 된거네요 지퍼나 그런게 있는줄알았는데 없엉?,4,1
and1****,2019-07-22T23:52:05.000+00:00,,좋습니다아주 간편하구요,5,1
imfu***,2019-07-24T15:03:46.000+00:00,상품선택: 러닝벨트 / 색상: 블루 / 사이즈: L,좋은 상품입니다. 허리 33 L사이즈 ㅎㅎ,5,1
wook******,2019-07-19T18:18:50.000+00:00,상품선택: 러닝벨트 / 색상: 블랙 / 사이즈: M,굿굿굿 빠는배송 잘쓸께여,5,1
hees****,2019-07-10T17:06:14.000+00:00,상품선택: 러닝벨트 / 색상: 블랙 / 사이즈: S,"전에 샀는데 잃어버려서 다시 샀어요
그만큼 편합니다 걱정말고 사세영",5,1
kirk***,2019-07-19T08:50:57.000+00:00,상품선택: 러닝벨트 / 색상: 블랙 / 사이즈: M,"배송 포장 좋습니다.
아직 사용전인데 기대됩니다.",5,1
ppjs***,2019-07-02T01:43:19.000+00:00,상품선택: 러닝벨트 / 색상: 블랙 / 사이즈: M,만족합니다.  핸드폰 넣고 러닝하는데  전혀 불편함이 없더라구요. 잘쓸게요,5,1
bbaw****,2019-07-23T22:20:57.000+00:00,상품선택: 러닝벨트 / 색상: 블랙 / 사이즈: M,배송도 빠르고.제품도 괜칞아요.,5,1
anna*****,2019-07-05T23:59:51.000+00:00,상품선택: 러닝벨트 / 색상: 블랙 / 사이즈: S,바지 27입는데 s 사이즈 잘 맞아요~ 러닝할 때 휴대폰 넣어놔도 안심하고 뛸 수 있어서 좋아요^^,5,1
fz****,2019-07-14T22:04:16.000+00:00,상품선택: 러닝벨트 / 색상: 블랙 / 사이즈: M,완전 좋아요  찬듯 안찬듯 런닝 필수템,5,1
dldu*******,2019-07-16T05:34:58.000+00:00,상품선택: 러닝벨트 / 색상: 블루 / 사이즈: S,운동할 때 스마트폰으로 음악들을수 있어서 편해요,4,1
joyo****,2019-06-10T02:05:33.000+00:00,상품선택: 러닝벨트 / 색상: 형광 / 사이즈: M,자전거 출퇴근용으로 헤어밴드와 같이 구매했습니다.. 딱 그 가격만큼의 기능인듯 합니다.. 나름 가성비는 좋은것 같습니다.,5,1
ba****,2019-07-07T02:35:38.000+00:00,상품선택: 러닝벨트 / 색상: 형광 / 사이즈: S,암밴드보다 훨씬 사용하기 좋아요.런닝할 때 정말 필수품이네요,5,1
eh****,2019-07-05T15:02:37.000+00:00,상품선택: 러닝벨트 / 색상: 블랙 / 사이즈: S,쫀쫀하고 흔들림 없어서 아주 마음에 들어요! 배송도 빨리와서 좋습니다 :),5,1
ajoo******,2019-06-19T11:35:08.000+00:00,상품선택: 러닝벨트 / 색상: 블랙 / 사이즈: M,"2일만의 빠른배송 
유니클로 29~30 사이즈 입니다
S와 m고민 많았는데
M으로 했는데 적당합니다
S였음 좀 쫄렸을듯 하네요
생각보다 늘어나는 재질도 아닌것 같고 짱짱하고요
허리나 골반 둘다 편하고 러닝시 안 흔들립니다
노트시리즈 케이스 있는 상태로 들어갑니다",4,1
zieo******,2019-06-29T15:09:12.000+00:00,상품선택: 러닝벨트 / 색상: 블랙 / 사이즈: M,조깅할 때 정말 편합니다.,5,1
sr****,2019-06-22T07:33:52.000+00:00,상품선택: 러닝벨트 / 색상: 블랙 / 사이즈: S,바지허리 27~28이고 넉넉하게입는걸좋아해서 s와m사이에서 고민했는데 s주문했어요 s가 딱 맞네요 어차피 늘어난다고해서 s했어요 빠른배송이고요 가격도 다른곳보다 싸고감사합니다,5,1
park*******,2019-07-03T05:56:44.000+00:00,상품선택: 러닝벨트 / 색상: 블랙 / 사이즈: M,물통도 들어갈 정도로 신축성과 안정감이 있어 진짜 편하네요!! 번창하세요:),5,1
chlt****,2019-07-20T06:18:50.000+00:00,상품선택: 러닝벨트 / 색상: 블랙 / 사이즈: S,간편하고 아주 편리해요!!!,5,1
fore*******,2019-07-01T04:46:05.000+00:00,상품선택: 러닝벨트 / 색상: 블랙 / 사이즈: L,"배송이 빨라서 좋구요, 그동안 휴대폰을 손에 들고 뛰었는데, 넣을 공간이 생기니까 손이 편하네요.^^ 허리가 좀 큰 편(38)인데, 다행히 L사이즈 잘 맞네요.",5,1
kwon****,2019-07-15T02:26:02.000+00:00,상품선택: 러닝벨트 / 색상: 블랙 / 사이즈: M,좋긴한데 사용할수록 조금늘어나는듯,5,1
ligh****,2019-07-08T07:30:48.000+00:00,상품선택: 러닝벨트 / 색상: 블랙 / 사이즈: M,배송도 빠르고 운동시에도 불편함없이 핸드폰 보관 가능합니다.,5,1
oo****,2019-05-13T02:19:25.000+00:00,상품선택: 러닝벨트 / 색상: 블랙 / 사이즈: S,"금요일오후3시전에 주문완료하고 토요일 낮에 받았어요!! 일요일이 마라톤이였는데 월요일에 배송될거 같아서 마라톤때 사용못할줄알았는데 배송와서 놀랬슴요 칼배송 짱짱. 헤어밴드는 평범하고 밸트도 생각보다 넘나 착용감이 우수하네요. 레깅스입고 그위에 입으니까 착용안한것같은 편안함. 폰넣고 10km뛰었는데 덜컹거리지도 않고,밴드도 잘고정되고 굿굿입니다. 바지사이즈26~27입는데 적당히 잘 고정됐어요 근데 일반추리닝바지 위에 입기에는 좀 별루인듯. 레깅스랑찰떡.",5,1
womt***,2019-07-05T01:43:01.000+00:00,상품선택: 러닝벨트 / 색상: 블랙 / 사이즈: S,러닝할 때 아디** 힙색도 이용해봤는데 이 러닝벨트가 밀착감이 있어서인지 더 안정적으로 느껴져서 더 많이 애용하고 있네요.,5,1
lehv***,2019-06-23T16:11:17.000+00:00,상품선택: 러닝벨트 / 색상: 블랙 / 사이즈: S,"상품, 배송 모두 만족합니다",5,2
lehv***,2019-06-23T16:11:03.000+00:00,상품선택: 러닝벨트 / 색상: 블랙 / 사이즈: M,"상품, 배송 모두 만족합니다",5,1
juy0***,2019-06-21T06:47:29.000+00:00,상품선택: 러닝벨트 / 색상: 블랙 / 사이즈: S,친구랑 러닝할 때 쓰려고 샀어요 좋아요,4,1
do****,2019-07-08T00:12:49.000+00:00,상품선택: 러닝벨트 / 색상: 형광 / 사이즈: M,"상상이상으로 편하네요
아주좋습니다",5,1
chou*****,2019-08-14T06:10:15.000+00:00,,XMSXMSGKRH TKDYDRKADL WHGTMQSLEKL,5,1
luck******,2019-07-01T01:14:01.000+00:00,상품선택: 러닝벨트 / 색상: 블랙 / 사이즈: S,사용하던거 재주문이에요 편하고 좋아요 고정 짱짱하게 잘돼요,5,1
yjm4***,2019-07-13T01:41:02.000+00:00,상품선택: 러닝벨트 / 색상: 블랙 / 사이즈: S,배송이 빠르고 굉장히 편합니다,5,1
twin******,2019-07-10T06:14:29.000+00:00,상품선택: 러닝벨트 / 색상: 블랙 / 사이즈: S,손에 들고 다니는 것 보다 훨씬 편하고 좋네요,5,1
cws2***,2019-07-09T09:00:17.000+00:00,상품선택: 러닝벨트 / 색상: 블랙 / 사이즈: L,빠른배송 좋았습니다 굿 잘 쓸게요,5,1
pjhm****,2019-07-03T22:01:59.000+00:00,상품선택: 러닝벨트 / 색상: 블랙 / 사이즈: M,운동에 편리합니다. 착용감도 좋아요,4,1
dksk*****,2019-07-14T14:42:55.000+00:00,상품선택: 러닝벨트 / 색상: 블랙 / 사이즈: M,허리32인데 m  사이즈 딱이네요,5,1
hy****,2019-06-06T13:49:30.000+00:00,상품선택: 러닝벨트 / 색상: 블랙 / 사이즈: S,"카드랑 휴대폰 가지고 뛰기 좋네요
근데 입고 벗기가 좀 힘들어요 벨트 형식이 아니라 당연한 거긴 하지만요 ㅎㅎ
만족!",4,1
sky2******,2019-07-07T05:04:24.000+00:00,상품선택: 러닝벨트 / 색상: 블랙 / 사이즈: L,최고의제품입니다 좋아요,5,1
eunj******,2019-07-06T08:38:31.000+00:00,상품선택: 러닝벨트 / 색상: 블랙 / 사이즈: S,갤럭시 노트 넣어도 안정감 있고 괜찮네여,4,1
tnwj********,2019-06-05T01:36:24.000+00:00,상품선택: 러닝벨트 / 색상: 블랙 / 사이즈: M,"이거 요물입니다^^
오늘 공복 걷기하며 첨 사용했어요
걸을때 전화기 들고하는거 힘들었는데 진짜 편합니다
살짝 뛰었을때도 불편함없었구요~~
더 더워지기전에 다욧팍팍 하겠습니다
참 왠만큼 살집있으신 여자분들은 m사쥬도 맞을듯요
한덩치 해서 L사이즈 해야하나 고민했는데 M사이즈딱맞아요",5,1
syeo***,2019-06-16T04:20:22.000+00:00,상품선택: 러닝벨트 / 색상: 블랙 / 사이즈: M,러닝할때 잡다한 짐 넣을 곳이 없었는데 넘 편해요,5,1
joe1*****,2019-07-01T09:40:30.000+00:00,,"잘 받았습니다. 품질 이상 없고, 오래 쓸수 있을 것 같습니다.",5,1
mymo***,2019-07-09T03:31:06.000+00:00,상품선택: 러닝벨트 / 색상: 블랙 / 사이즈: M,아주 좋아요 잘 씁니다,5,1
la****,2019-06-08T04:15:10.000+00:00,상품선택: 러닝벨트 / 색상: 블랙 / 사이즈: M,짱짱하고 아이폰 넣고 뛰는데 암밴드보다 무게감도 훨씬 덜하네요 좋아요!,5,1
kang*******,2019-05-28T14:50:13.000+00:00,상품선택: 러닝벨트 / 색상: 블랙 / 사이즈: S,"지퍼가 있는 줄 알았는데 없어서 조금 아쉽지만 받자마자 착용하고 러닝 뛰어보니 암밴드보다 훨씬 좋아요!
청바지 28~29 입는 남자인데 스몰 딱 좋습니당",5,1
time******,2019-07-01T12:38:03.000+00:00,상품선택: 러닝벨트 / 색상: 블랙 / 사이즈: L,폰 넣었다 꺼냈다 할때 좀 불편하지만 편하게 운동할 수 있어 좋습니다.,4,1
seaj***,2019-06-13T10:30:16.000+00:00,상품선택: 러닝벨트 / 색상: 블랙 / 사이즈: S,"허리 29-30 입는데 s가 딱 맞고 좋습니다~~~
핸드폰도 아이폰8플러스 인데 잘들어갑니다~~",5,1
revi***,2019-07-09T06:14:52.000+00:00,상품선택: 러닝벨트 / 색상: 블랙 / 사이즈: S,탄탄하고 괜찮네요~,5,1
kim_******,2019-07-13T06:22:07.000+00:00,,ㅎㅎ 좋습니다 편해요,5,1
zinz***,2019-06-20T00:16:50.000+00:00,상품선택: 러닝벨트 / 색상: 블랙 / 사이즈: M,"아이폰8플러스 넣고 뛰어봤는데 좋아요.
폰을 요추 쪽으로 돌려 넣었는데. 
폰이 거의 느껴지지 않았어요. 
러닝 하기 참 편하네요.",5,1
kimy*******,2019-07-24T21:15:13.000+00:00,상품선택: 러닝벨트 / 색상: 블랙 / 사이즈: S,좋아요좋아요좋아요.,5,1
nice*******,2019-06-24T03:30:55.000+00:00,상품선택: 러닝벨트 / 색상: 블랙 / 사이즈: S,"편하고 좋아요!!!!
핸드폰 아이폰 x인데 쏙 들어가고
아이폰 에어팟 립스틱 다 넣고 잘 뛰었어요!!",5,1
logi*******,2019-06-24T08:50:32.000+00:00,상품선택: 러닝벨트 / 색상: 블랙 / 사이즈: L,너무좋아요 쫀쫀한게 탄력성이좋습니다,5,1
pj****,2019-06-11T03:23:51.000+00:00,상품선택: 러닝벨트 / 색상: 블랙 / 사이즈: S,레깅스 위에 입고 폰 넣고 운동하니 손이 자유로워서 좋네요,4,1
em****,2019-05-29T00:42:21.000+00:00,상품선택: 러닝벨트 / 색상: 블랙 / 사이즈: S,"이제 핸드프리라 너뮤 편하고 좋네요 유튜브 통해서 이런게 있다는걸 알게 되었는데 진작 살걸 그랬어요 ㅋㅋㅋ 런닝할때 뿐만 아니라 여행가서도 일할때도 쓸수 있어서 정말 좋아요 ~ 강추 !
바지 27-28입는데 스몰 골반에 걸칠수 있어서 좋아요 잘 고정되고 가끔 뛰다 보면 허리로 올라가긴 하지만 크게 불편하진 않아서 괜찮아요",4,1
ekdk***,2019-06-09T13:11:00.000+00:00,,"제품 만족합니다. 배송 빨라요,",5,1
ekdk***,2019-06-09T13:10:09.000+00:00,,"제품 정말 편해요, 만족합니다.",5,1
hopa****,2019-07-05T13:24:28.000+00:00,상품선택: 러닝벨트 / 색상: 블랙 / 사이즈: L,빠른 배송 감사합니다,5,1
do****,2019-07-08T00:13:15.000+00:00,상품선택: 러닝벨트 / 색상: 블랙 / 사이즈: L,운동하기 너무편해요~굿,5,1
wndu*******,2019-07-01T13:38:50.000+00:00,상품선택: 러닝벨트 / 색상: 블랙 / 사이즈: M,제품 잘받았습니다. 또구매하고 싶네요,5,1
dl****,2019-07-02T03:21:25.000+00:00,상품선택: 러닝벨트 / 색상: 블랙 / 사이즈: S,약간 벗고 끼기에 불편하지만 좋은 아이디어 상품,4,1
kia0***,2019-05-21T09:15:02.000+00:00,상품선택: 러닝벨트 / 색상: 블랙 / 사이즈: M,"살이 갑자기 10키로나 쪄서 잘 빠지지도 않습니다. 심각한 위기감을 느끼며 구매합니다. 
열심히 운동하겠습니다. 
헤어밴드도 아주 맘에 들어요. 
보내 주신 손목밴드 고맙습니다.",5,1
appl********,2019-06-29T07:54:06.000+00:00,상품선택: 러닝벨트 / 색상: 블랙 / 사이즈: S,네 가능합니다 그럼 저는 정말 너무 좋았어요,3,1
roba***,2019-06-29T00:30:02.000+00:00,상품선택: 러닝벨트 / 색상: 블랙 / 사이즈: L,튼튼해요 흔들림없고 좋습니다,4,1
huh0***,2019-06-25T09:03:41.000+00:00,상품선택: 러닝벨트 / 색상: 블랙 / 사이즈: L,지퍼 있는 걸 샀다가 너무 잘 풀어져서 이걸 샀는데 짱짱하고 좋네요,5,1
iisi***,2019-06-28T03:27:15.000+00:00,상품선택: 러닝벨트 / 색상: 블랙 / 사이즈: S,굿 아주 좋아요 배송도 아주 빠르네요,5,1
fkf4***,2019-07-05T07:13:44.000+00:00,상품선택: 러닝벨트 / 색상: 블랙 / 사이즈: M,러닝할때 굉장히 좋습니다.,5,1
w6****,2019-06-30T23:24:28.000+00:00,상품선택: 러닝벨트 / 색상: 블랙 / 사이즈: M,핸드폰넣고 뛰어도 쫀쫀하게 잘 잡아주네요,4,1
iisi***,2019-06-28T03:27:35.000+00:00,상품선택: 러닝벨트 / 색상: 블랙 / 사이즈: L,아주 좋아요 배송도 아주 빠르네요,5,1
seun***,2019-06-25T02:26:00.000+00:00,상품선택: 러닝벨트 / 색상: 블랙 / 사이즈: L,운동하는데 암밴드 쓰려다 이게 편하다해서 샀는데 만족해요,5,1
icar********,2019-06-13T08:51:05.000+00:00,,"자전거 탈때 좋아요 슬링백도 거추장스러워서 안가지고 다녔는데, 가볍고 안흘러내려서 만족입니다",5,1
sa****,2019-06-09T00:55:54.000+00:00,상품선택: 러닝벨트 / 색상: 블랙 / 사이즈: M,운동할 때 사용하기 편리할 것 같아요,5,1
pand****,2019-06-22T01:42:07.000+00:00,상품선택: 러닝벨트 / 색상: 블랙 / 사이즈: S,싼가격에 아주 잘쓰고있습니다. 노트9 무난히 들어가구 고정도잘되네요,5,1
deah*****,2019-07-02T00:40:52.000+00:00,상품선택: 러닝벨트 / 색상: 블랙 / 사이즈: M,편하고 좋아요 사이즈맞아요,5,1
1988***,2019-06-29T16:28:24.000+00:00,상품선택: 러닝벨트 / 색상: 블랙 / 사이즈: M,흘러내리지않고엄청좋아요,5,1
ekdk***,2019-06-09T13:09:39.000+00:00,상품선택: 러닝벨트 / 색상: 블랙 / 사이즈: L,"제품 만족, 빠른배송 감사합니다.",5,1
kkh3***,2019-07-01T02:11:44.000+00:00,상품선택: 러닝벨트 / 색상: 블랙 / 사이즈: M,착용감은 좋으나 착용하기 어렵네요,3,1
kash*******,2019-06-10T05:45:09.000+00:00,상품선택: 러닝벨트 / 색상: 블랙 / 사이즈: S,물건을 넣을수 있는 곳이 4곳이에요. 뒤쪽에 하나는 지퍼가 있었으면 좋았을 것 같아요. 움직일때 좀 불안해요^^:: 나중에 써보고 지퍼를 고민해보려고요. 그것빼고는 만족이요.,4,1
pola******,2019-06-26T04:17:27.000+00:00,상품선택: 러닝벨트 / 색상: 블랙 / 사이즈: M,아주좋아요 감사합니다,5,1
chal****,2019-07-03T03:17:18.000+00:00,,편하고 짱짱합니다!,5,1
mp****,2019-06-17T03:10:46.000+00:00,상품선택: 러닝벨트 / 색상: 블랙 / 사이즈: M,"허리 31~32 인데 m사이즈 짱짱하게 잘맞네요
아이폰xr도 잘들어가고,, 러닝할때 완전편하네요",5,1
ania*****,2019-06-26T13:44:38.000+00:00,상품선택: 러닝벨트 / 색상: 블랙 / 사이즈: L,사이즈도 잘 맞고 배송도 빠르게 왔습니다~,5,3
ania*****,2019-06-26T13:44:32.000+00:00,상품선택: 러닝벨트 / 색상: 블루 / 사이즈: L,사이즈도 잘 맞고 배송도 빠르게 왔습니다~,5,1
ania*****,2019-06-26T13:44:26.000+00:00,상품선택: 러닝벨트 / 색상: 형광 / 사이즈: L,사이즈도 잘 맞고 배송도 빠르게 왔습니다~,5,1
njel***,2019-06-05T06:48:07.000+00:00,상품선택: 러닝벨트 / 색상: 형광 / 사이즈: M,아직 안 써봤는데 좋다니 좋겠죠,5,1
meni*****,2019-06-12T17:14:20.000+00:00,상품선택: 러닝벨트 / 색상: 블랙 / 사이즈: S,"달리기 하는게 편해요 ㅎㅎ
팔이나 주머니에 하면 팔도 아프고 골반도 아팠거든요
근데 한달동안 3번정도밖에 운동을 안했다는게..ㅜㅜ",3,1
hy****,2019-06-07T01:17:37.000+00:00,상품선택: 러닝벨트 / 색상: 블랙 / 사이즈: S,러닝 할 때 폰 카드 보관하기 좋에요,4,1
qoow*****,2019-06-18T00:16:05.000+00:00,상품선택: 러닝벨트 / 색상: 블랙 / 사이즈: S,에어팟 본체가 한번 튕겨 떨어져 나갔어요...뒤집어서 착용해야할듯,4,1
thdw********,2019-06-13T08:02:17.000+00:00,상품선택: 러닝벨트 / 색상: 블랙 / 사이즈: M,요거 아주 개꿀입니다.. 공원 런닝이나 헬스장 가사지구 핸드폰이나 잡다한 것들 요기다가 넣고 달리거나 걸으면 개꿀!,4,1
keep****,2019-06-26T13:47:22.000+00:00,상품선택: 러닝벨트 / 색상: 블랙 / 사이즈: L,러닝할때 잘쓰고있습니다.,4,1
khm6***,2019-06-25T23:15:44.000+00:00,상품선택: 러닝벨트 / 색상: 블랙 / 사이즈: M,사용하기 굉장히 편합니다,5,1
smir*****,2019-07-01T22:51:38.000+00:00,상품선택: 러닝벨트 / 색상: 블랙 / 사이즈: M,잘 쓰고 이쑵니다 편향ㅇ,4,1
wser***,2019-06-24T09:47:11.000+00:00,상품선택: 러닝벨트 / 색상: 블랙 / 사이즈: S,휴대폰 넣구 런닝하는데 좋아요,4,1
sd****,2019-06-25T01:19:28.000+00:00,상품선택: 러닝벨트 / 색상: 블루 / 사이즈: M,완전 좋네여 운동할때 너무 편리해요,5,1
trav********,2019-06-28T00:42:31.000+00:00,상품선택: 러닝벨트 / 색상: 블랙 / 사이즈: S,짱짱하네요 운동열심히,5,1
high********,2019-06-16T13:37:43.000+00:00,상품선택: 러닝벨트 / 색상: 블랙 / 사이즈: M,처음 사용해보는데 등쪽으로 휴대폰 넣오놓으니 생각보다도 더 느낌이 없네요 ㅎㅎ,5,1
tpzg*******,2019-06-04T00:21:48.000+00:00,상품선택: 러닝벨트 / 색상: 블랙 / 사이즈: M,"짱짱하고 좋네요. 

달리기 할때 필수품 입니다. 

핸드폰이 들어 있는지 조차 모를 정도로 착용감 완벽하고

거부감 전혀 없습니다.

33인치 바지인데 미듐 시키니 약간 조이는듯 하면서 딱 좋네요.

많이 파세요~",5,1
shak*****,2019-06-24T07:26:15.000+00:00,상품선택: 러닝벨트 / 색상: 블랙 / 사이즈: M,착용감 편하고 괜찮습니다.,5,1
laon***,2019-06-07T04:29:39.000+00:00,상품선택: 러닝벨트 / 색상: 블랙 / 사이즈: M,"케이스 안끼우면 노트8도 잘 들어갑니다
uag케이스 끼우면 가로 딱 8cm인데
들어가기는 하는데 조금 불편하구요
가로 8cm 밑이면 다 되는거 같네요
인치는 무의미 합니다",5,1
agli******,2019-06-19T08:57:37.000+00:00,상품선택: 러닝벨트 / 색상: 블랙 / 사이즈: M,"깔끔하고 좋아요 
작은것들은 빠지니까 큰것만 넣으세요",4,1
fran******,2019-06-20T01:10:16.000+00:00,상품선택: 러닝벨트 / 색상: 블랙 / 사이즈: M,착용도 간편하고 무엇보다 뛸때 흔들림이 없어서 좋습니다,5,1
ar****,2019-06-19T00:21:13.000+00:00,상품선택: 러닝벨트 / 색상: 블랙 / 사이즈: M,허리31 M사이즈 아주 좋네요 운동할때 아주 잘쓰고 있습니다,5,1
rkdw******,2019-06-21T19:45:24.000+00:00,상품선택: 러닝벨트 / 색상: 블랙 / 사이즈: M,허리 32 인데 사이즈 M 삿는데 딱좋아요,5,1
allt******,2019-05-28T12:25:16.000+00:00,상품선택: 러닝벨트 / 색상: 블랙 / 사이즈: M,편해요 핸드폰 안 들고 뛸 수 있어서 너무 편해요,5,1
yaji*****,2019-06-22T06:02:49.000+00:00,상품선택: 러닝벨트 / 색상: 블랙 / 사이즈: S,몸에 착 달라붙어서 딱 찾던 재품이에요~ ^^,5,1
sinn****,2019-06-05T09:16:18.000+00:00,상품선택: 러닝벨트 / 색상: 블랙 / 사이즈: M,"허리 30 입는데 M사이즈로 딱 맞네요. 갤S10 쓰는데 케이스 끼고도 잘들어가고, 폰넣고 뛰어도 덜렁거리지 않아서 좋아요.",5,1
rlax********,2019-05-30T14:28:31.000+00:00,상품선택: 러닝벨트 / 색상: 블랙 / 사이즈: M,M사이즈인데 신축성이 좋아서 잘 맞네요,5,1
jsna*****,2019-06-14T08:13:39.000+00:00,상품선택: 러닝벨트 / 색상: 블랙 / 사이즈: M,잘늘어나서 한사이즈 작게 주문하시면 뛰실때 안정적으로 사용 가능 합니다,4,1
sang*****,2019-05-28T12:03:15.000+00:00,상품선택: 러닝벨트 / 색상: 블랙 / 사이즈: M,쫀쫀하고 운동할때 핸드폰 넣을려고 샀는데 편하네용 ㅎㅎ,4,1
km89****,2019-05-24T03:16:18.000+00:00,상품선택: 러닝벨트 / 색상: 블랙 / 사이즈: S,"여자 뱃살이 좀 많은뎅
바지사이즈 28...ㅋㅋㅋ스몰 작아여
너무 껴요ㅜㅠ",3,1
0106*******,2019-06-26T23:56:31.000+00:00,상품선택: 러닝벨트 / 색상: 블랙 / 사이즈: M,잘받았습니다 ~!~,5,1
bp****,2019-05-25T11:48:05.000+00:00,상품선택: 러닝벨트 / 색상: 블랙 / 사이즈: L,좋아요 맘에듭니다 뛸때굿,5,1
roma*******,2019-05-10T11:26:55.000+00:00,상품선택: 러닝벨트 / 색상: 블랙 / 사이즈: M,"허리 30입는데 M사이즈 사면 작지않을까 했는데 적당합니다.
노트5넣고 달려도 전혀 흔들리지도 않고 안정적이네요.
만족합니다!",5,1
iver******,2019-06-05T06:15:25.000+00:00,상품선택: 러닝벨트 / 색상: 블랙 / 사이즈: M,타이트하게 잘 잡아주네요 핸드폰 주머니에 넣고 런닝하기 힘들어서 구매했는데 좋네요,5,1
laug****,2019-04-23T02:52:22.000+00:00,상품선택: 러닝벨트 / 색상: 블랙 / 사이즈: M,원래 핸드폰 넣어두고 다닐 목적으로 구매했는데요 사진촬영해야 하니 급한대로 영양제 넣고 사진 찍어 봤네요 ㅋㅋ 흘러내리거나 핸드폰 빠지지 않고 아주 짱짱!!해요 암밴드 넘 답답할거같고 손에 들고 런닝하기 넘 불편했는데 저렴한 가격에 아주 유용하게 잘 쓰고 있답니다!! 등산할때 물넣고 오르기도 좋아요!,5,1
chlg*****,2019-05-21T23:18:01.000+00:00,상품선택: 러닝벨트 / 색상: 블랙 / 사이즈: L,짱짱하고 괜찮네요 배송도 빨라요~,4,1
jung******,2019-06-13T18:32:44.000+00:00,상품선택: 러닝벨트 / 색상: 블루 / 사이즈: S,완전 짱짱하고 런닝할때 두손이 자유로워지겠어요 ㅎㅎ,5,1
ssak***,2019-05-28T00:03:27.000+00:00,상품선택: 러닝벨트 / 색상: 형광 / 사이즈: S,"대 만족입니다 런닝 할 때마다 사용하고 있습니다
형광색, 블랙 두 개 구입 했는데 퀄도 좋고 색상도 마음에 듭니다",4,1
91gm*****,2019-06-14T03:41:41.000+00:00,상품선택: 러닝벨트 / 색상: 블랙 / 사이즈: S,러닝할때 핸드폰넣으려고 샀어요 좋아,5,1
dalb***,2019-06-05T02:26:38.000+00:00,상품선택: 러닝벨트 / 색상: 블랙 / 사이즈: L,열심히 매고 운동중입니다 살이 빠지는건지 아니면 이게 늘어나는건지 2주정도 쓰다보니 처음보다 쪼이는 맛이 덜하네요,5,1
dn****,2019-05-19T18:44:12.000+00:00,상품선택: 러닝벨트 / 색상: 블랙 / 사이즈: S,허리 28~29인데 잘맞네요 러닝할때 좋아요,5,1
ycho****,2019-05-30T00:01:59.000+00:00,상품선택: 러닝벨트 / 색상: 블랙 / 사이즈: S,"런닝3년차 플립벨트가 필요없다고 생각했는데 

핸드폰이나 카드를 챙겨야할때 주머니에 넣고 달리기 힘들고해서

플립벨트를 구입해서 사용해보니 너무 좋네요.",5,1
yj****,2019-06-15T15:02:28.000+00:00,상품선택: 러닝벨트 / 색상: 블랙 / 사이즈: M,감사히 사용할게요호,5,1
glsx****,2019-05-18T10:23:45.000+00:00,상품선택: 러닝벨트 / 색상: 블랙 / 사이즈: M,좋아요 뛰어봤는데 안흔들리고 괘안아요,5,1
euns*****,2019-05-02T12:37:28.000+00:00,상품선택: 러닝벨트 / 색상: 블랙 / 사이즈: S,"운동할때 스마트폰 소지하는게 불편했는데 스마트폰 넣고 달려봤는데 흔들림 없이 아주 좋았습니다.
허리 30인치인데 다른 분들 평이 세탁하면 조금 늘어난다고해서 S 사이즈 주문했는데 살짝 압박감이 있네요.",4,1
seem*******,2019-06-12T03:59:02.000+00:00,상품선택: 러닝벨트 / 색상: 블랙 / 사이즈: M,배송도 빠르고 짱짱하니 좋네요~,5,1
sson*******,2019-06-10T11:39:40.000+00:00,상품선택: 러닝벨트 / 색상: 블랙 / 사이즈: S,"감사합니다
 잘 쓰고 있어요.",5,1
so****,2019-05-11T09:35:04.000+00:00,상품선택: 러닝벨트 / 색상: 블랙 / 사이즈: M,가성비 좋은듯합니다. 잘쓰겠습니다.,4,1
wacl***,2019-06-12T02:56:38.000+00:00,상품선택: 러닝벨트 / 색상: 블랙 / 사이즈: M,뛰는데 불편하지않습니다,3,1
jaeh******,2019-06-11T12:26:06.000+00:00,상품선택: 러닝벨트 / 색상: 블랙 / 사이즈: M,쫀쫀하니 편하네요 좋습니다,5,1
qudt******,2019-05-16T21:54:22.000+00:00,상품선택: 러닝벨트 / 색상: 블랙 / 사이즈: S,사이즈도 딱이고 이제 달리기할때 필수품!,5,1
home******,2019-06-17T04:28:18.000+00:00,상품선택: 러닝벨트 / 색상: 블랙 / 사이즈: M,달리기 할 때 좋십니ㅏㄷ.,5,1
sd****,2019-05-07T01:05:55.000+00:00,상품선택: 러닝벨트 / 색상: 형광 / 사이즈: S,색깔도 예쁘고 탄탄해서 좋네요 배송도 빨라요 ㅎㅎ,5,1
ky****,2019-06-10T14:27:48.000+00:00,상품선택: 러닝벨트 / 색상: 블랙 / 사이즈: M,빠른배송감사합니다~~~,5,1
wisd*****,2019-06-30T18:13:24.000+00:00,상품선택: 러닝벨트 / 색상: 블랙 / 사이즈: S,괜찮길 바래요 아직 사용전이에요 괜찮길 바래요 아직 사용전이에요,4,1
hu****,2019-06-05T08:05:54.000+00:00,,러닝시 핸드폰 고정 잘되고 좋아요~,5,1
arch****,2019-06-03T07:05:18.000+00:00,상품선택: 러닝벨트 / 색상: 형광 / 사이즈: S,"골반에 잘 맞아요~
뛸때 위로 안 올라와요",5,1
dlwl******,2019-06-13T06:51:59.000+00:00,상품선택: 러닝벨트 / 색상: 블랙 / 사이즈: M,짱짱하니 좋네요...,4,1
digp****,2019-05-10T08:48:28.000+00:00,상품선택: 러닝벨트 / 색상: 블랙 / 사이즈: L,"배송 빠르고  좋습니다  러닝할때  핸드폰  등 
여러물건을  편하게  담을수  있어서  좋네요",4,1
nm****,2019-06-13T01:01:09.000+00:00,상품선택: 러닝벨트 / 색상: 블랙 / 사이즈: S,배송도빠르고 최공ㅇ,5,1
lkb7***,2019-06-04T15:32:58.000+00:00,상품선택: 러닝벨트 / 색상: 형광 / 사이즈: L,운동할때 휴대폰 및 카드 수납하기 참 좋습니다,5,1
8168***,2019-06-06T22:59:23.000+00:00,상품선택: 러닝벨트 / 색상: 블랙 / 사이즈: S,아직 밖에서는 안써봤지만 쫀쫀한 것 같아요&gt;_&lt;,5,1
dydd******,2019-06-05T06:46:25.000+00:00,상품선택: 러닝벨트 / 색상: 블랙 / 사이즈: M,"런닝하는데 너무 편하게 런닝할수 있어서 참 좋네요,.",4,1
ange******,2019-05-09T22:23:11.000+00:00,상품선택: 러닝벨트 / 색상: 블랙 / 사이즈: M,"허리 30입는데 M사이즈 딱이네요
쫀쫀하니 허리에서 잘 잡아주네요",5,1
womt***,2019-05-25T01:49:50.000+00:00,상품선택: 러닝벨트 / 색상: 블랙 / 사이즈: S,"러닝용으로 구입했는데 몸에 잘 밀착되어 불편감 없고, 휴대폰, 카드 수납시 편해서 정말 좋네요~",5,1
hyew******,2019-06-05T06:43:12.000+00:00,상품선택: 러닝벨트 / 색상: 블랙 / 사이즈: S,ㅠ잘쓰고잇어요 조아요 ㅌ,5,1
ganz*****,2019-06-03T14:57:02.000+00:00,상품선택: 러닝벨트 / 색상: 블랙 / 사이즈: M,세탁해도 늘어나지 않고 잘 쓰고 있어요,5,1
mari****,2019-05-10T04:33:24.000+00:00,상품선택: 러닝벨트 / 색상: 형광 / 사이즈: M,"사이즈 선택을 잘 하셔야 할 것 같습니다. 
저는 32인치 허리에 M사이즈 골랐구요. 잘 맞습니다.
뛸때 흘러내리면 안되지요..^^
수납은 좋습니다. 5.4inch 휴대폰도 들어가구요. 이것 저것 먹거리도 넣을수 있으니 참고하여 구매하세요.",4,1
prty****,2019-05-30T05:29:19.000+00:00,상품선택: 러닝벨트 / 색상: 블랙 / 사이즈: S,표시된거보다 사이즈도 적고 지퍼도 없어서 사용못하고 있어요,2,1
take***,2019-06-06T02:01:12.000+00:00,상품선택: 러닝벨트 / 색상: 블랙 / 사이즈: L,아주 짱짱하고 좋네요.,5,1
pig6***,2019-04-20T01:08:16.000+00:00,상품선택: 러닝벨트 / 색상: 블랙 / 사이즈: M,저는 유니클로 바지 29 30 정도 입는데 M사이즈 처음 입었을때 큰 느낌이 났습니다. 근데 막상 착용하고 뛰어보니 괜찮은것 같아요! 최고입니다! 질높은 런닝이 가능해집니다 ㅎㅎㅎ,5,1
mk****,2019-05-09T04:30:08.000+00:00,상품선택: 러닝벨트 / 색상: 블루 / 사이즈: M,허리32인데 타이트하게 쓸려고 M으로구매했는데 딱입니다,5,1
suh8***,2019-05-19T16:10:50.000+00:00,,"직접착용후 마라톤을 하였는데,
불편한점이 없었습니다. 너무좋아요",5,1
tg****,2019-06-02T10:10:23.000+00:00,상품선택: 러닝벨트 / 색상: 블랙 / 사이즈: S,착용감이 좋습니다.,5,1
lazy***,2019-05-31T11:28:57.000+00:00,상품선택: 러닝벨트 / 색상: 블랙 / 사이즈: S,진짜좋습니다 걍사세요,5,1
js****,2019-05-24T23:28:13.000+00:00,상품선택: 러닝벨트 / 색상: 블랙 / 사이즈: M,운동할때 쓰기 좋아요~~ 추천합니당,5,1
doof*****,2019-05-29T00:08:28.000+00:00,상품선택: 러닝벨트 / 색상: 블랙 / 사이즈: L,좋아요 그리고 좋아요,5,1
thdw********,2019-04-20T04:30:04.000+00:00,상품선택: 러닝벨트 / 색상: 블랙 / 사이즈: M,사이즈가 딱 좋아요! 허리 32인데 쫀쫀하면서 부담이 가지 않을 정도로 잡아줘서 너무 좋네용 달리기 할 맛이 납니다!!,5,1
mm****,2019-05-29T06:10:11.000+00:00,상품선택: 러닝벨트 / 색상: 블랙 / 사이즈: S,그냥저냥 무난하게 쓸만한 것 같습니다,5,1
tkfw*******,2019-05-28T23:18:31.000+00:00,상품선택: 러닝벨트 / 색상: 블랙 / 사이즈: M,아직 사용은 안했는데 배송이 빠르네요,4,1
meni*****,2019-05-10T06:19:25.000+00:00,상품선택: 러닝벨트 / 색상: 블랙 / 사이즈: S,s샀는데 그냥 그래요,4,1
ihim***,2019-05-01T01:52:24.000+00:00,상품선택: 러닝벨트 / 색상: 블랙 / 사이즈: S,사이즈가 살짝 타이트해요 한치수크게 사도 될읏,5,1
gaga*******,2019-05-17T06:51:38.000+00:00,상품선택: 러닝벨트 / 색상: 블랙 / 사이즈: L,"나이키 웨스트팩 하고 고민하다가 결정했는더

런닝벨트 가성비 최고봉 입니다",5,1
bjg0***,2019-05-27T10:20:27.000+00:00,상품선택: 러닝벨트 / 색상: 블랙 / 사이즈: M,배송빠르고 사용감 좋아요,5,1
choi******,2019-05-27T23:54:38.000+00:00,상품선택: 러닝벨트 / 색상: 블랙 / 사이즈: L,생각보다 훨씬 괜찮아요,5,1
hwan******,2019-05-16T20:44:53.000+00:00,상품선택: 러닝벨트 / 색상: 블랙 / 사이즈: M,"한달간 잘쓰고 있슴다
세탁기에 슝슝 돌려도 뭐 문제 없어요
노란색도 살까 하지만 귀찮고 돈을 절약하기 위해 참고 있어",4,1
pjhm****,2019-05-31T07:15:40.000+00:00,상품선택: 러닝벨트 / 색상: 블랙 / 사이즈: M,저렴하고 유용합니다,4,1
myso****,2019-05-21T01:05:23.000+00:00,상품선택: 러닝벨트 / 색상: 블랙 / 사이즈: M,탄력도 좋고 운동할때 핸드폰 넣고 다니기 이상하지도 않고 매우 편함,5,1
oa****,2019-05-08T09:41:24.000+00:00,상품선택: 러닝벨트 / 색상: 블랙 / 사이즈: S,이쁩니다 잘 쓸게요,5,1
op****,2019-04-30T10:26:00.000+00:00,상품선택: 러닝벨트 / 색상: 블랙 / 사이즈: S,배송빨라요! 오늘 착용예정ㅎㅎ  헤어밴드 샀는데 아대안왔어요ㅜㅋㅋ,5,1
1644***,2019-05-28T08:11:11.000+00:00,상품선택: 러닝벨트 / 색상: 블랙 / 사이즈: M,착용감이 너무 좋습니다ㅎㅎ,5,1
sa****,2019-05-30T04:53:01.000+00:00,,휴대폰넣으면 빠져요,2,1
s_h0***,2019-05-19T02:01:24.000+00:00,상품선택: 러닝벨트 / 색상: 블랙 / 사이즈: S,밴드가 쨍쨍하고 좋아요 운동할때 손이 자유로워져서 너무 편하네용,5,1
mk****,2019-05-09T04:31:09.000+00:00,상품선택: 러닝벨트 / 색상: 블랙 / 사이즈: M,타이트한게 딱 좋네요,5,1
iii0*****,2019-05-20T14:37:57.000+00:00,상품선택: 러닝벨트 / 색상: 블랙 / 사이즈: S,"런닝벨트 신세계에요!!
강추 입니다",5,1
phot****,2019-04-02T05:47:37.000+00:00,상품선택: 러닝벨트 / 색상: 블랙 / 사이즈: M,공간이넓어서 g7 들어가고도 작은 지갑도 가능요.  두께가 조금 두껍지만 부담은 없어요. 허리33인데 허리 착용시 널널하지만 골반착용 제품이니 적당한 사이즈인듯요. 스판덱스 12%라 매우 쫀쫀합니다.,4,1
daju***,2019-05-24T07:47:06.000+00:00,상품선택: 러닝벨트 / 색상: 블랙 / 사이즈: M,배성도 빠르고 착용감도 좋아요,5,1
allt******,2019-04-25T13:54:11.000+00:00,상품선택: 러닝벨트 / 색상: 블랙 / 사이즈: M,폰 무게가 안 느껴져서 너무 좋아요!! 배에 땀은 차지만 ㅋㅋ,5,1
kj****,2019-05-23T09:10:44.000+00:00,상품선택: 러닝벨트 / 색상: 블랙 / 사이즈: S,좋네요 런닝뛸때 아주 편할것같앙ㅅ,5,1
i2****,2019-05-22T13:38:29.000+00:00,상품선택: 러닝벨트 / 색상: 블랙 / 사이즈: S,달리기할 때 잘 쓰고 있습니다~~편하네요,5,1
hitg****,2019-04-18T14:45:45.000+00:00,상품선택: 러닝벨트 / 색상: 블랙 / 사이즈: M,짱짱하고 아주 좋습니다. 평소 30입는데 m구매후 러닝할때 사용해보니 움직이지도 않고 딱 알맞네요,5,1
dh****,2019-05-03T10:53:53.000+00:00,상품선택: 러닝벨트 / 색상: 블랙 / 사이즈: S,편해요!!!! 확실히 러닝때 좋네요,5,1
onew*******,2019-04-25T04:20:23.000+00:00,상품선택: 러닝벨트 / 색상: 형광 / 사이즈: M,"빠른 배송 굿
다음에는 사이즈 다운 해서 주문해야겠네요
약간 커요 ㅠ",4,1
miki****,2019-05-05T19:54:54.000+00:00,상품선택: 러닝벨트 / 색상: 블랙 / 사이즈: M,딱 원하던겁니다 32허리에 딱 좋네요,5,1
sudi***,2019-03-28T09:27:53.000+00:00,상품선택: 러닝벨트 / 색상: 블랙 / 사이즈: S,좋아요. 런닝할때 써봤는데 폰넣을때 진짜편해요. 물통 300ml 짜리도 넣어봤는데 잘있다가 한번 빠졌어요. 스마트폰용 보관으로는 최고였어요. 처음에 세탁해서 쓰라고 해서 손빨래했는데 탈수안하면 건조가 오래걸려서 좀 불편. 한개 더 구매해서 세탁할때는 교대로 써야될것 같아요. 가격도 부담없고 편리해서 친구에게도 선물하고 싶어요.,5,1
mmhy*****,2019-05-24T12:44:04.000+00:00,상품선택: 러닝벨트 / 색상: 형광 / 사이즈: M,노트9도 들어가고 좋아요~^^,4,1
didg****,2019-05-26T11:07:24.000+00:00,상품선택: 러닝벨트 / 색상: 형광 / 사이즈: M,배송도 빠르고 제품도 좋습니다.,5,1
gj45****,2019-05-21T15:08:21.000+00:00,상품선택: 러닝벨트 / 색상: 블랙 / 사이즈: S,배송이 아주 빨라서 좋아요,5,1
blue*****,2019-03-17T00:08:07.000+00:00,상품선택: 러닝벨트 / 색상: 블랙 / 사이즈: S,"평소 바지 28입습니다. S랑 M이랑 많이 고민했어요 신축성도 있겠다  적당히 잘 맞는것보단 타이트하게 딱맞는게 좋을것 같아 S로 했어요.
다행히 끼인다는 느낌없이 꽉차게 붙어있다는 느낌이네요. M하려다 S산거라 비교는 못해보지만 위로 올라간다는 평도 있던데 사이즈를 한치수 작게하다보니 치골부위에 딱맞아서 그런지 움직여도 잘 붙어있습니다.
재질은 부드럽고 쫀쫀. 도톰하단 느낌.
여름에 더우려나 싶긴해도 운동은 어차피 땀흘릴려고 하는거고 이정도 도톰함과 쫀쫀함이 있어야 내구성이 좋고 잘 안늘어질거라고 생각합니다.
폰이랑 열쇠랑 간단한 현금정도만 넣어다닙니다. 가성비도 좋고 잘산것같습니다.",5,1
ckw5***,2019-05-22T23:52:34.000+00:00,상품선택: 러닝벨트 / 색상: 블랙 / 사이즈: M,재구매 아주 잘 사용하고 있습니다.,5,1
nori******,2019-04-20T03:52:07.000+00:00,상품선택: 러닝벨트 / 색상: 블랙 / 사이즈: S,"남편이랑 같이 쓰려고 스몰 엠 두개 구매했어요
탄탄하니 괜찮네요",5,1
k2dr*****,2019-05-25T05:27:37.000+00:00,상품선택: 러닝벨트 / 색상: 블랙 / 사이즈: M,사이즈가 딱 맞네여,5,1
tmdw*****,2019-04-29T09:38:24.000+00:00,상품선택: 러닝벨트 / 색상: 블랙 / 사이즈: M,잘 받아서 마라톤대회때 잘사용하였습니다!,5,1
hasd*****,2019-05-21T00:17:34.000+00:00,상품선택: 러닝벨트 / 색상: 블랙 / 사이즈: M,뛸때 휴대폰이 걸렸는데 좋아요~~^^,5,1
skyf****,2019-04-28T13:42:22.000+00:00,상품선택: 러닝벨트 / 색상: 블랙 / 사이즈: M,운동할때 편하고 노트9 무리없이 들어가고 좋습니다,5,1
noma******,2019-05-24T06:49:47.000+00:00,상품선택: 러닝벨트 / 색상: 블랙 / 사이즈: M,배송이 정말 빨라요,5,1
zi****,2019-05-22T03:59:31.000+00:00,상품선택: 러닝벨트 / 색상: 형광 / 사이즈: L,러닝할때 필수품입니다,5,1
verb****,2019-04-21T11:55:47.000+00:00,상품선택: 러닝벨트 / 색상: 블랙 / 사이즈: S,"바지28입는데 다른분이 s사도 괜찮았다고 하셔서 샀는데 너무작았어요ㅠㅜ 마라톤 내내 허리의 제일 가는 부분에 가 있었고 그나마도 작아서 내내 압박이ㅠㅠ 기능자체는 괜찮았어요
차키랑 핸폰 넣고 음악들으며 즐겁게 달렸네요^^ 다음에  큰사쥬로 다시 사야할듯요",4,1
meta*****,2019-05-22T03:21:53.000+00:00,상품선택: 러닝벨트 / 색상: 블랙 / 사이즈: M,부드럽고 내용물 안빠짐,5,1
fa****,2019-04-18T02:12:54.000+00:00,상품선택: 러닝벨트 / 색상: 블랙 / 사이즈: M,"허리30정도 남성입니다
엠사이즈 주문햇고요 배송도 빠르고
상품도 좋습니다 지퍼가없어서 바지입듯이 끌어오려야하네요 
착용감은 한듯안한듯 느낌이고
자전거탈때 쓸려고 주문햇는데 늘어나면 바로 흘러내릴것같은기분인데 다움엔 s서이즈 주문해봐야겟어요 핸드폰넣고 뛰어봣눈데 훌러내리지는 않숩니다",5,1
inhe*****,2019-05-17T13:07:34.000+00:00,상품선택: 러닝벨트 / 색상: 블랙 / 사이즈: S,생각보다 탄탄함 빨리뛰고싶음,4,1
alle******,2019-05-17T01:43:09.000+00:00,상품선택: 러닝벨트 / 색상: 블랙 / 사이즈: L,바지 33입는데 라지 사니까 적당히 잘맞네요 많이 파세요 ㅎ,5,1
sehu*****,2019-05-14T15:50:42.000+00:00,상품선택: 러닝벨트 / 색상: 블랙 / 사이즈: M,좋은데 구멍이 필요이상으로 많고 칸이 따로 없어서 이쪽저쪽으로 물건이 움직여요,5,1
dldb******,2019-05-12T13:26:56.000+00:00,상품선택: 러닝벨트 / 색상: 블랙 / 사이즈: S,"왜 이제야 알았는지..ㅎㅎ
너무 편하고 좋아요!",5,1
co****,2019-05-18T14:53:42.000+00:00,,아직 써보진 않았지만 유용할듯 싶어요 ^^,4,1
twss*****,2019-04-24T09:21:02.000+00:00,상품선택: 러닝벨트 / 색상: 블랙 / 사이즈: S,운동할때 너무 편하고 안정적이에요,4,1
ke****,2019-04-17T06:21:20.000+00:00,상품선택: 러닝벨트 / 색상: 블랙 / 사이즈: M,생각보다 타이트하네요 러닝할땐 좋아요,4,1
itsy****,2019-05-21T03:38:35.000+00:00,상품선택: 러닝벨트 / 색상: 블랙 / 사이즈: M,상품이 쫀쫀하니 좋네요.,5,1
hnm9***,2019-05-17T03:22:52.000+00:00,상품선택: 러닝벨트 / 색상: 블랙 / 사이즈: M,이거 착용하고 마라톤 신기록 세웠습니다,5,1
lazy***,2019-04-29T11:37:32.000+00:00,상품선택: 러닝벨트 / 색상: 블랙 / 사이즈: S,짱짱하니 돈값하네요 굿,5,1
incc*****,2019-05-14T06:06:21.000+00:00,상품선택: 러닝벨트 / 색상: 블랙 / 사이즈: S,"똑딱이단추나 얇은 지퍼가 있었다면
금상첨화였을듯",4,1
wo****,2019-04-24T07:09:01.000+00:00,상품선택: 러닝벨트 / 색상: 블랙 / 사이즈: L,잘흘러내리지않고 잘보이지않게 깔끔한 스타일로 달릴 수있어 좋았어요. 처음에는 아이폰을 배쪽으로 오게 해서 달렸더니 자꾸 골반에서 배위로 올라오길레 엉덩이 가장자리쪽으로 돌렸더니 잘 버티고있어요.,5,1
chou*****,2019-06-04T22:13:06.000+00:00,상품선택: 러닝벨트 / 색상: 블랙 / 사이즈: S,좋아요.좋아요.좋아요,5,1
byeo***,2019-04-13T13:10:23.000+00:00,상품선택: 러닝벨트 / 색상: 블랙 / 사이즈: S,"S사이즈 사서 늘려서 입을 수 있긴한데,
생각보다 많이 짱짱해서 안늘어날거 같으요.
남자분들은 S는 못쓸거가트요!",4,1
sc****,2019-04-07T11:04:51.000+00:00,상품선택: 러닝벨트 / 색상: 블랙 / 사이즈: M,러닝할때 필수템입니다. 작은 가방같은것보다는 확실히 잡아주는게 좋아요 잘늘어나네요~,5,1
yh****,2019-05-18T14:36:20.000+00:00,상품선택: 러닝벨트 / 색상: 블랙 / 사이즈: S,허리26 사이즈 스몰 딱입니다.,5,1
nori******,2019-04-20T03:52:55.000+00:00,상품선택: 러닝벨트 / 색상: 블랙 / 사이즈: M,"배송이 총알배송이에요
배낭여행같은거 갈때도 쓰면 좋을것같습미다",5,1
sun1*****,2019-05-14T13:02:50.000+00:00,상품선택: 러닝벨트 / 색상: 형광 / 사이즈: L,남자사이즈로 딱 좋아요,5,1
manw******,2019-05-16T00:25:17.000+00:00,상품선택: 러닝벨트 / 색상: 블랙 / 사이즈: M,나이스 합니다 다들 사세요,5,1
kj****,2019-05-11T10:45:41.000+00:00,상품선택: 러닝벨트 / 색상: 블랙 / 사이즈: S,안에 핸드폰이나 지갑을 넣지 않으면 쭈글거리네요,3,1
xfil*****,2019-04-23T12:41:46.000+00:00,상품선택: 러닝벨트 / 색상: 형광 / 사이즈: M,"허리 32에 M사이즈 딱맞네요
노트5 케이스 낀상태로도 들어가는게 신기!
넣은후 살짝 달려보니 큰 불편없이 사용가능합니다
전력질주시 사용해보지 못해서 
그것까진 어떨지 몰르겠네요",5,1
cndw*****,2019-05-09T11:30:00.000+00:00,상품선택: 러닝벨트 / 색상: 블랙 / 사이즈: M,운동장 런닝 할때 쓸려고 삿는데 좋아요,4,1
2283***,2019-06-07T02:12:20.000+00:00,상품선택: 러닝벨트 / 색상: 블랙 / 사이즈: S,"잘 받았습니다
잘 받았습니다",5,1
dim_******,2019-04-06T02:14:42.000+00:00,상품선택: 러닝벨트 / 색상: 블랙 / 사이즈: L,혹시나 하고 샀는데 잘 늘어나고 짱짱해서 런닝할때 폰이랑 작은 물병도 함께 수납했어요~부드러워 배에 이질감도 느껴지지 않네요~,5,1
ahzk******,2019-05-07T05:01:55.000+00:00,상품선택: 러닝벨트 / 색상: 블랙 / 사이즈: S,S사이즈 구매했는데 사이즈 잘 맞고 폰 무게가 무거운데도 쫀쫀하게 잘 받쳐주네요,5,1
song******,2019-04-19T01:56:55.000+00:00,,빠른배송 좋아요 2개 구입했습니다,5,1
eunj******,2019-05-03T14:04:50.000+00:00,상품선택: 러닝벨트 / 색상: 블랙 / 사이즈: S,S했는데 잘 맞아요 생각보다 편합니다,4,1
this****,2019-05-06T23:05:56.000+00:00,상품선택: 러닝벨트 / 색상: 블루 / 사이즈: M,"운동시 손으로 들고 다니면서  했는데
착용하면서 하니 좋네요",5,1
haji****,2019-05-02T05:23:23.000+00:00,상품선택: 러닝벨트 / 색상: 블랙 / 사이즈: S,암밸트보다 좋네요 짱짱하고 만족합니다,4,1
nix_***,2019-04-17T05:50:46.000+00:00,상품선택: 러닝벨트 / 색상: 블랙 / 사이즈: M,2019 착용후 동아마라톤 뛰었어요. 연습부터 대회참가까지 큰 도움을 받았습니다. 근데 20킬로 넘어가니깐 폰 무게때문인지 역시 허리에 약간에 부담감은 있네요. 제품은 가격대비 대만족이에요.,5,1
ky****,2019-05-10T08:39:01.000+00:00,상품선택: 러닝벨트 / 색상: 블랙 / 사이즈: M,빠른배송 감사합니다,5,1
rlag*******,2019-04-30T10:55:05.000+00:00,상품선택: 러닝벨트 / 색상: 블랙 / 사이즈: M,저렴하고 만족해요 또 구매의사있습니다,5,1
flrk******,2019-05-03T13:49:43.000+00:00,상품선택: 러닝벨트 / 색상: 블랙 / 사이즈: S,암밴드보다 편하고 운동할때 부담없어서 좋아요,5,1
uo****,2019-04-15T04:29:25.000+00:00,상품선택: 러닝벨트 / 색상: 블랙 / 사이즈: S,사이즈 적당하고 밴딩수준도 좋습니다 ^^ 첨엔 타이트한가? 라고 느꼇는데 어느새 착용한지도 몰랐더라구요 ㅋㅋㅋ 감사합니다 잘쓸께요,4,1
unan***,2019-05-06T14:48:17.000+00:00,상품선택: 러닝벨트 / 색상: 블랙 / 사이즈: S,좋아용ㅋ.ㅋ 추천합니다거싱급니읻윽시ㅣ,5,1
qusw********,2019-05-07T03:19:28.000+00:00,상품선택: 러닝벨트 / 색상: 블랙 / 사이즈: S,ㅋㅋ사이즈 딱이에요 가성비 최고에뇨 ㅋㅋㅋ,4,1
eu****,2019-05-01T13:07:11.000+00:00,상품선택: 러닝벨트 / 색상: 블랙 / 사이즈: S,조금 작은 듯해요 s했는데 핸드폰 넣으니까 좀 불편해요ㅠㅠ,5,1
akum***,2019-04-01T02:03:23.000+00:00,상품선택: 러닝벨트 / 색상: 블랙 / 사이즈: M,값도 싸고 짱짱하니 좋네요~ 달려봐야알겠지만 핸폰 안빠질꺼 같네요ㅎ,4,1
delm*******,2019-05-04T01:16:38.000+00:00,상품선택: 러닝벨트 / 색상: 블랙 / 사이즈: M,좋아요 좋아요 좋아요,5,1
life*******,2019-05-01T23:33:00.000+00:00,상품선택: 러닝벨트 / 색상: 블랙 / 사이즈: M,물건 보관이 편한긴 해도 입구에 별도의 지퍼 없어 불편,4,1
open****,2019-05-04T12:08:45.000+00:00,상품선택: 러닝벨트 / 색상: 블랙 / 사이즈: M,너무너무조아요너무너,5,1
ljh3****,2019-05-10T10:37:09.000+00:00,상품선택: 러닝벨트 / 색상: 블랙 / 사이즈: M,편하고 좋네요 굿굿!!!,5,1
moro****,2019-04-17T12:16:41.000+00:00,상품선택: 러닝벨트 / 색상: 블랙 / 사이즈: M,배송 빠르고 좋았습니다 ㅎ,4,1
ttan*****,2019-05-05T09:31:59.000+00:00,상품선택: 러닝벨트 / 색상: 블랙 / 사이즈: M,텐션도 좋고 엄청 편하네요,5,1
ilov*****,2019-05-02T16:15:20.000+00:00,상품선택: 러닝벨트 / 색상: 블랙 / 사이즈: S,전 그냥 그래여 잘 안쓸듯요.,3,1
bos8***,2019-05-05T04:01:09.000+00:00,상품선택: 러닝벨트 / 색상: 블랙 / 사이즈: L,가나다라마바사아자카라,5,1
mr77*****,2019-05-02T04:27:41.000+00:00,상품선택: 러닝벨트 / 색상: 블랙 / 사이즈: L,너무 편합니다~완전 강추해요,5,1
wldn*******,2019-05-03T02:42:52.000+00:00,상품선택: 러닝벨트 / 색상: 블랙 / 사이즈: M,배송빠르고 사이즈가 딱 맞습니다.,5,1
whit******,2019-05-02T07:14:36.000+00:00,상품선택: 러닝벨트 / 색상: 블랙 / 사이즈: M,배송 빠르고 상품 좋음,5,1
ilov********,2019-05-13T02:19:49.000+00:00,상품선택: 러닝벨트 / 색상: 블랙 / 사이즈: L,빠른배송 ㅜ감사ㄴㅁ3,5,1
peac*******,2019-04-03T04:56:26.000+00:00,상품선택: 러닝벨트 / 색상: 블랙 / 사이즈: S,좋아요~ 운동할때 잘쓸 것 같아요!!,5,1
yuri****,2019-04-30T23:34:50.000+00:00,상품선택: 러닝벨트 / 색상: 블랙 / 사이즈: M,배송도빠르고 제품도 너무 좋아요^^,5,1
dkdl******,2019-04-26T14:11:49.000+00:00,상품선택: 러닝벨트 / 색상: 블랙 / 사이즈: M,뒷쪽에도 주머니가 있으면 좋겠지만 만족해요~,4,1
rlao****,2019-04-11T14:06:01.000+00:00,상품선택: 러닝벨트 / 색상: 블랙 / 사이즈: S,"거추장스럽지않아서 좋응거같아요 
배송은진짜빨랐고요 일단써보고 빨래해봐야알겠지만
빨고 잘마르면 더 좋을거같아요",5,1
ktw1***,2019-04-25T02:01:52.000+00:00,상품선택: 러닝벨트 / 색상: 블랙 / 사이즈: M,운동할때 정말 좋아요 흔들림도 없고 사이즈도 딱 잘맞네요~,5,1
jm****,2019-04-19T10:44:55.000+00:00,상품선택: 러닝벨트 / 색상: 블랙 / 사이즈: S,"마라톤 하는 친구가 강추한거에요
짱짱해서 좋아요",5,1
jin2***,2019-04-26T07:44:46.000+00:00,상품선택: 러닝벨트 / 색상: 블랙 / 사이즈: L,많이 늘어지지 않고 처음처럼 좋아요,5,1
dong****,2019-04-19T11:52:22.000+00:00,상품선택: 러닝벨트 / 색상: 블랙 / 사이즈: L,"여권이 들어가고 제법 튼튼해보이네요!
감사합니다 !",5,1
luv_*******,2019-04-26T21:47:39.000+00:00,상품선택: 러닝벨트 / 색상: 블랙 / 사이즈: M,배송 완전 빠르고 상품도 좋습니다!,5,1
tj****,2019-03-21T09:09:56.000+00:00,상품선택: 러닝벨트 / 색상: 블랙 / 사이즈: M,저는 쓸만할 것 같은데 신랑은 굳이 필요없다네요. 운동하며 신경쓰이는 작은 잡다구리 보관할 수 있어서 좋아요,4,1
love****,2019-04-23T23:47:32.000+00:00,상품선택: 러닝벨트 / 색상: 블랙 / 사이즈: M,"런닝할때 좋네요.
lg v30도 문제없이 잘 들어갑니다.",5,1
ryu_****,2019-04-01T11:30:14.000+00:00,상품선택: 러닝벨트 / 색상: 블랙 / 사이즈: S,"생각했던 대로에요~~~ 추천받은거라
잘 사용할게요",5,1
yaja***,2019-04-23T09:29:48.000+00:00,상품선택: 러닝벨트 / 색상: 블랙 / 사이즈: S,운동할 때 핸드폰땜에 고민했는데 좋네요,5,1
ni****,2019-04-22T03:03:46.000+00:00,상품선택: 러닝벨트 / 색상: 블랙 / 사이즈: M,"배송 빠르고 밸트도 짱짱
마감처리가 조금 아쉽네요",4,1
qlel****,2019-03-24T04:34:27.000+00:00,상품선택: 러닝벨트 / 색상: 블랙 / 사이즈: M,허리에 맞고 핸드폰도 잘 들어가서 암밴드보다 편하고 좋네요 대만족입니다!,5,1
hwan******,2019-04-12T21:34:43.000+00:00,상품선택: 러닝벨트 / 색상: 블랙 / 사이즈: M,"살짝 퀘퀘한 냄새가 납니다
사용전에 세탁을 하는게 좋겠어요
하지만 나는 그냥 사용했다",3,1
artb***,2019-04-26T11:20:02.000+00:00,상품선택: 러닝벨트 / 색상: 블루 / 사이즈: L,빠른 배송 감사합니다.,5,1
suns********,2019-04-28T08:48:32.000+00:00,상품선택: 러닝벨트 / 색상: 형광 / 사이즈: M,깔끔하고 짱짱합니다,4,1
silv********,2019-04-11T01:58:58.000+00:00,상품선택: 러닝벨트 / 색상: 블랙 / 사이즈: S,마라톤 할 때 쓰려고 구매했습니다. 헤어밴드도 같이 주문했는데 아대 안주셔서 별은 하나 뺐네요,4,1
wo06*****,2019-04-27T01:55:21.000+00:00,상품선택: 러닝벨트 / 색상: 블랙 / 사이즈: M,좋습니다 몸에딱맞고 32인치라 M,5,1
hmh1***,2019-04-22T08:00:31.000+00:00,상품선택: 러닝벨트 / 색상: 블랙 / 사이즈: S,암밴드는 불편합니다 이게 최고,5,1
daea***,2019-04-26T08:56:13.000+00:00,상품선택: 러닝벨트 / 색상: 블랙 / 사이즈: M,빠른배송 감사함니다,4,1
sat1***,2019-04-12T04:34:12.000+00:00,상품선택: 러닝벨트 / 색상: 블랙 / 사이즈: S,짱짱하고 스마트폰도 잘 들어가네요! 마라톤할때 잘 사용하겠습니다~!,5,1
kdh1*****,2019-04-21T23:55:18.000+00:00,상품선택: 러닝벨트 / 색상: 블랙 / 사이즈: M,대박입니다 핸드폰들고갈때 러닝 필수품,5,1
qkrr*******,2019-04-15T04:41:57.000+00:00,상품선택: 러닝벨트 / 색상: 블랙 / 사이즈: S,쫀쫀해요. 아직 안뛰어봤지만 흘러내릴 걱정은 없을거 같아요,5,1
dksr********,2019-04-09T00:56:11.000+00:00,상품선택: 러닝벨트 / 색상: 블랙 / 사이즈: S,스몰샀는데 타이트해서 괜찮았어요 오히려 헐렁하면 폰이 빠질거같아여,4,1
qo****,2019-04-25T23:46:25.000+00:00,상품선택: 러닝벨트 / 색상: 블랙 / 사이즈: S,저한테는 좀 크네요,4,1
tjwl****,2019-04-19T06:27:52.000+00:00,상품선택: 러닝벨트 / 색상: 형광 / 사이즈: M,빨래 후 말릴때 좀 오래걸려서 아쉽지만 쫀쫀하니 좋네요~,4,1
blac******,2019-04-16T08:48:32.000+00:00,상품선택: 러닝벨트 / 색상: 블랙 / 사이즈: L,품질 좋습니다. 빨리 뛰고싶네요.,5,1
b6****,2019-04-11T01:25:21.000+00:00,상품선택: 러닝벨트 / 색상: 형광 / 사이즈: L,"배송도 좋았고, 품질도 좋아요.. 사용해보니 넘 좋습니다~!!",5,1
jsk6***,2019-04-15T07:29:30.000+00:00,상품선택: 러닝벨트 / 색상: 블랙 / 사이즈: M,가성비좋아요..저렴한데 성능은 굿,4,1
kydz*******,2019-04-14T07:37:45.000+00:00,상품선택: 러닝벨트 / 색상: 블랙 / 사이즈: M,가격도 저렴하고 너무 좋으네요 추천 드립니다,5,1
enoc***,2019-04-20T21:53:52.000+00:00,상품선택: 러닝벨트 / 색상: 블랙 / 사이즈: L,생각보다 만족스러움,5,1
ganz*****,2019-04-21T04:29:56.000+00:00,상품선택: 러닝벨트 / 색상: 블랙 / 사이즈: M,오리지널만큼 쫀쫀하고 좋습니다,5,1
dudt******,2019-04-20T12:46:22.000+00:00,상품선택: 러닝벨트 / 색상: 블랙 / 사이즈: S,허리30인치인데 s너무작아서 못쓰겠어요,2,1
cooh***,2019-03-18T12:57:50.000+00:00,상품선택: 러닝벨트 / 색상: 블랙 / 사이즈: S,달릴 때 확실히 암밴드보다 편하고 좋으네요 :) 너무 만족스럽습니다.,5,1
tj****,2019-03-21T09:10:36.000+00:00,상품선택: 러닝벨트 / 색상: 블랙 / 사이즈: S,"좋을것 같애요. 핸드폰이랑 이어폰, 카드 등 넣어다닐려구여",4,1
3639***,2019-04-17T14:35:02.000+00:00,상품선택: 러닝벨트 / 색상: 블랙 / 사이즈: M,쌈박하게 몸에 촥 달라붙는것이 일픔이네요,5,1
jjan*****,2019-04-18T04:07:18.000+00:00,상품선택: 러닝벨트 / 색상: 블랙 / 사이즈: M,깔끔하게 빠른배송 감사합니다!!,4,1
uo****,2019-04-15T04:29:50.000+00:00,상품선택: 러닝벨트 / 색상: 블랙 / 사이즈: M,신랑은 한 사이즈 크게 주문했는데 딱맞고 좋답니다 !,4,1
jh11*****,2019-04-15T12:56:00.000+00:00,상품선택: 러닝벨트 / 색상: 블랙 / 사이즈: S,배송 빠르고 짱짱하고 조아요,5,1
nice*******,2019-04-13T11:28:06.000+00:00,상품선택: 러닝벨트 / 색상: 형광 / 사이즈: M,"짱짱하고 좋습니다
달릴때 기분도 좋아요",5,1
eogn*****,2019-04-14T16:49:36.000+00:00,상품선택: 러닝벨트 / 색상: 블랙 / 사이즈: S,사이즈랑 디자인 마음에 들어요,5,1
hmh1***,2019-04-21T00:29:20.000+00:00,상품선택: 러닝벨트 / 색상: 블랙 / 사이즈: M,신 세 계 입 니 다,5,1
dong********,2019-04-24T01:05:00.000+00:00,상품선택: 러닝벨트 / 색상: 블랙 / 사이즈: M,171/68kg 사이즈 딱맞내요,5,1
lsg4***,2019-04-18T01:44:54.000+00:00,상품선택: 러닝벨트 / 색상: 블랙 / 사이즈: S,땀안나고돟아요 서욜햐요,5,1
ilik******,2019-04-14T22:53:15.000+00:00,상품선택: 러닝벨트 / 색상: 블랙 / 사이즈: S,배송도 빠르고 너무 편하게 쓰고 있습니다!,5,1
moon********,2019-04-20T13:14:58.000+00:00,상품선택: 러닝벨트 / 색상: 블랙 / 사이즈: M,배송이 빠르네요^^,4,1
kn****,2019-04-12T08:42:47.000+00:00,상품선택: 러닝벨트 / 색상: 블랙 / 사이즈: L,이거 있으면 노래들으면서 마라톤 연습 개이득,5,1
kmcl***,2019-04-01T12:54:00.000+00:00,상품선택: 러닝벨트 / 색상: 블랙 / 사이즈: S,잘받았어요. 두개 구입했는데 하나가 봉제선이 불량이었어요. 크게는 아니라서 그냥 사용하려구요 ㅎㅎ,3,1
ilik******,2019-04-14T22:53:38.000+00:00,상품선택: 러닝벨트 / 색상: 블랙 / 사이즈: L,배송도 빠르고 뛸 때 너무 편해요!,5,1
jsk6***,2019-04-15T07:31:00.000+00:00,상품선택: 러닝벨트 / 색상: 블루 / 사이즈: M,조깅할때 좋아요..,5,1
bare******,2019-04-13T11:22:29.000+00:00,상품선택: 러닝벨트 / 색상: 블랙 / 사이즈: M,아직 안써봐서 모르겠어요,3,1
lern******,2019-04-09T04:53:26.000+00:00,상품선택: 러닝벨트 / 색상: 블랙 / 사이즈: M,배송도 빠르고 제품 상태도 마음에 듭니다,5,1
wjdg*******,2019-03-13T09:56:12.000+00:00,상품선택: 러닝벨트 / 색상: 블루 / 사이즈: M,"기존에 사용하던건 S이라서
이번것은
M으로 구매하였는디
약간은 차이가있지만
번갈아서 잘 사용해보겠습니다^^",5,1
nene****,2019-04-11T06:06:18.000+00:00,상품선택: 러닝벨트 / 색상: 블랙 / 사이즈: S,S사이즈 샀는데 괜찮네요,5,1
llou****,2019-03-11T23:41:25.000+00:00,상품선택: 러닝벨트 / 색상: 블랙 / 사이즈: S,암밴드는 안 써봤는데 다들 암밴드보다 플립벨트를 추천하던데 다 이유가 있었네요 정말 편해요 손도 자유롭고 뛸 때 걸리적 거리는 것도 없어서 신세계 경험했습니다 물건을 가운데 위치시키면 무게 균형도 잘 맞고 좋아요!,5,1
cbrr*****,2019-03-15T11:19:26.000+00:00,상품선택: 러닝벨트 / 색상: 블랙 / 사이즈: M,"배송 빠르구요
마라톤 때 사용하려구 샀는데 좋네요
허리 31인데 M사이즈 딱 맞습니다",5,1
kj****,2019-03-07T15:43:37.000+00:00,상품선택: 러닝벨트 / 색상: 블랙 / 사이즈: S,핸드폰이이나 지갑을 넣지 않으면 좀 쭈글거리네요  그리고 천이 두꺼워서 좀 더운거 빼고 괜찮아요~,3,1
lmr1****,2019-04-04T22:13:54.000+00:00,상품선택: 러닝벨트 / 색상: 블랙 / 사이즈: M,마라톤 준비할때 샀는데 암밴드보다 훨씬 좋은것 같아요,5,1
cydy****,2019-04-08T02:34:21.000+00:00,상품선택: 러닝벨트 / 색상: 블랙 / 사이즈: S,런닝하며 핸드폰 넣으니 딱 좋으네요,5,1
shy3****,2019-03-27T11:29:24.000+00:00,상품선택: 러닝벨트 / 색상: 블랙 / 사이즈: S,만족합니다. 허리줄자로 29.5인치 s사이즈 괜찮습니다.,5,1
lc****,2019-04-02T13:06:53.000+00:00,상품선택: 러닝벨트 / 색상: 블랙 / 사이즈: S,암밴드사려다가 이거샀는데 만족스럽네요,5,1
asas*****,2019-03-28T14:58:10.000+00:00,상품선택: 러닝벨트 / 색상: 블랙 / 사이즈: M,운동할때 손이 자유로워요 굿굿 재구매의사있어요,5,1
nube****,2019-03-21T01:11:12.000+00:00,상품선택: 러닝벨트 / 색상: 블랙 / 사이즈: L,이제 운동만 열신히 하면....,5,1
soul****,2019-03-22T11:54:15.000+00:00,상품선택: 러닝벨트 / 색상: 블랙 / 사이즈: M,대화면의 스마트폰도 잘 들어가네요 달릴 때 여유가 생겼어요 좋은 상품 감사합니다 :),5,1
tjdr********,2019-04-03T01:04:49.000+00:00,상품선택: 러닝벨트 / 색상: 블랙 / 사이즈: M,구멍이너무많아 혹시빠지지않을까 걱정됩니다.,3,1
doof*****,2019-04-25T01:03:18.000+00:00,상품선택: 러닝벨트 / 색상: 블랙 / 사이즈: L,좋아요 좋아요 아주아주,5,1
ga****,2019-03-30T12:44:23.000+00:00,상품선택: 러닝벨트 / 색상: 블랙 / 사이즈: M,"배송비 무료에 저렴한 김에 물품까지 샀는데
품질도 마음에 듭니다.",5,1
wlwn*****,2019-03-01T06:27:58.000+00:00,상품선택: 러닝벨트 / 색상: 블랙 / 사이즈: S,"런닝할때 이거 없으면 음악 듣기 참 불편하고 폰들고 뛰면 어깨나 허리 아픕니다 이건 진짜 러닝맨,러닝걸들에게 필수템",5,1
nept*******,2019-04-04T09:54:38.000+00:00,상품선택: 러닝벨트 / 색상: 블랙 / 사이즈: L,"배송 잘 왔고, 사이즈 적당합니다.",4,2
nept*******,2019-04-04T09:54:22.000+00:00,상품선택: 러닝벨트 / 색상: 블랙 / 사이즈: S,"배송 잘 왔고, 사이즈 적당합니다.",4,1
dp****,2019-04-04T02:04:45.000+00:00,상품선택: 러닝벨트 / 색상: 블랙 / 사이즈: L,러닝할때 유용하고 좋네요,5,2
dp****,2019-04-04T02:04:39.000+00:00,상품선택: 러닝벨트 / 색상: 블랙 / 사이즈: S,러닝할때 유용하고 좋네요,5,1
jaer***,2019-04-03T07:43:48.000+00:00,상품선택: 러닝벨트 / 색상: 형광 / 사이즈: M,가성비 갑 오브갑이다ㅋㅋ,5,1
sale*******,2019-03-28T00:45:34.000+00:00,상품선택: 러닝벨트 / 색상: 블랙 / 사이즈: M,빠르고 예쁘고 촉감도좋네요 감사합니당,4,1
tach*****,2019-04-07T13:48:41.000+00:00,상품선택: 러닝벨트 / 색상: 블랙 / 사이즈: M,빨라서 좋아여~~~,5,1
kira********,2019-03-18T15:55:32.000+00:00,상품선택: 러닝벨트 / 색상: 블랙 / 사이즈: S,빠른배송 너무 감사해요. 잘쓸께요!! 55사이즈인데 S 조금 타이트하네요.,5,1
as****,2019-03-18T00:51:10.000+00:00,상품선택: 러닝벨트 / 색상: 블랙 / 사이즈: S,"마라톤할때 사용하려고 구매했는데 아주 편하게 잘 쓰고왔습니다.
신축성도 매우 좋아서 암밴드보다 훨씬 편하네요",5,1
jzsz********,2019-01-09T07:52:32.000+00:00,상품선택: 러닝벨트 / 색상: 블루 / 사이즈: S,"우선 가격이 구입하기에 부담없는 가격이라 좋아요! 그래서 사실 배송받기 전에 품질에 대해 의심을 좀 했었는데, 제품 받아보니 걱정할 것도 아니었더라고요! 밴드형태라 쫀쫀하고요! 아직 이걸 차고 달린건 아니지만, 달릴 때에는 조정하는 것보다 밴드형식이 더 안정적일 것 같아요! 그리고 입구가 조금 좁아서 핸드폰이나 5000mah짜리 얇은 보조배터리가 들어가나 걱정했는데, 신기하게도 다 들어가더라고요ㅎㅎ 이정도면 카드나 이어폰을 더 넣어도 문제 없을 것 같아요! 주머니 입구가 앞에 두 개, 뒤에 두 개 있어요. 참고하시라고 사진 올려요. 아! 사진에 밴드는 제가 두 번 정도 시험착용해봐서 좀 쭈글해졌어요^^; 배송왔을 때에는 깨끗하게 왔어요ㅎ",5,1
dpeb******,2019-03-27T09:21:31.000+00:00,상품선택: 러닝벨트 / 색상: 블랙 / 사이즈: S,배송빠르네요~잘쓸게요~,5,1
myun*****,2019-03-15T03:37:25.000+00:00,상품선택: 러닝벨트 / 색상: 블랙 / 사이즈: S,가격대비 성능이 매우우수합니다.파워젤 6개 넣고도 흔들림없이 잡아줍니다??????,5,1
brya***,2019-03-28T03:11:46.000+00:00,상품선택: 러닝벨트 / 색상: 블랙 / 사이즈: M,러닝용으로 너무나 편하고 좋습니다.,4,1
bulc*****,2019-03-29T06:48:45.000+00:00,상품선택: 러닝벨트 / 색상: 블랙 / 사이즈: L,"덜렁거리지 않아요,  좋아요",5,1
def9***,2019-03-18T10:54:09.000+00:00,상품선택: 러닝벨트 / 색상: 블랙 / 사이즈: S,생각보다 짱짱해서 입고 벗기 힘듭니다 그래서 더 좋은것도 같네요,5,1
choi******,2019-03-19T08:07:26.000+00:00,상품선택: 러닝벨트 / 색상: 블랙 / 사이즈: L,대회때 써보니 풀코스뛰어도 있는지없는지도 모를 만큼 걸리적거리지 않았어요!!,5,1
eooi****,2019-03-23T00:28:51.000+00:00,상품선택: 러닝벨트 / 색상: 블랙 / 사이즈: M,착용하고 러닝을할때 딱 고정되어서,5,1
ljhh****,2019-03-18T03:14:33.000+00:00,상품선택: 러닝벨트 / 색상: 블랙 / 사이즈: S,좋아요굳ㄱ 굳잡입니닷굳굿굿,4,1
feel**********,2019-03-13T15:23:28.000+00:00,상품선택: 러닝벨트 / 색상: 블랙 / 사이즈: M,"남, 바지 31인치입는데 준비물 넣고 하니까 M이 딱 맞네여. 참고하세요~",5,1
qwer****,2019-03-23T11:50:11.000+00:00,상품선택: 러닝벨트 / 색상: 블랙 / 사이즈: S,상품후기보고구매했습니다,3,1
yori******,2019-03-23T00:02:47.000+00:00,상품선택: 러닝벨트 / 색상: 블랙 / 사이즈: M,운동 할  때 좋아요,4,1
hant*****,2019-03-20T05:50:14.000+00:00,상품선택: 러닝벨트 / 색상: 블랙 / 사이즈: M,배송 빠르고 제품 좋아요.,5,1
nix_***,2019-02-24T01:36:46.000+00:00,상품선택: 러닝벨트 / 색상: 블랙 / 사이즈: M,착용해보니 괜찮네요. 사이즈도 허리 32정도 입는데 m사이즈 무난하네요. 나중에 늘어나면 어쩌죠~~ 마라톤 준비물로 샀어요. 연습해봤는데 괜찮네요. 착용감이 전혀 없을 정도에요.,4,1
jins******,2019-03-16T06:57:24.000+00:00,상품선택: 러닝벨트 / 색상: 블랙 / 사이즈: S,가성비굿 뛸때 안올라옴,5,1
ansr*****,2019-03-19T06:40:24.000+00:00,상품선택: 러닝벨트 / 색상: 블랙 / 사이즈: S,러닝할때 쓸려고샀는데 좋아여,5,1
jd****,2019-02-26T22:26:27.000+00:00,상품선택: 러닝벨트 / 색상: 블랙 / 사이즈: S,자꾸 허리에서 위로 쑥쑥 올라가요ㅜㅜ,3,1
this****,2019-03-12T22:07:06.000+00:00,상품선택: 러닝벨트 / 색상: 블루 / 사이즈: M,"운동할때 좋아요.
좋아요
좋아요",4,1
hyun*****,2019-03-17T05:08:28.000+00:00,상품선택: 러닝벨트 / 색상: 형광 / 사이즈: M,질도괜찮구사용이편해요~~,4,1
5722***,2019-03-14T13:47:12.000+00:00,상품선택: 러닝벨트 / 색상: 블루 / 사이즈: M,사이즈 딱 맞고 색깔이 이뻐요,5,1
sj****,2019-03-15T09:20:14.000+00:00,상품선택: 러닝벨트 / 색상: 블랙 / 사이즈: S,휴대폰 넣고 뛰어봤는데 안빠지더라고요!,5,1
gurw***,2019-03-13T16:55:22.000+00:00,,달릴 때 거슬리지 않고 좋습니다,5,1
chol******,2019-03-12T13:18:27.000+00:00,상품선택: 러닝벨트 / 색상: 블랙 / 사이즈: L,하프대회 때 착용했는데 좋았어요,5,1
jino***,2019-03-11T16:15:50.000+00:00,상품선택: 러닝벨트 / 색상: 블랙 / 사이즈: L,러닝할 때 휴대폰이 잘 고정돼서 좋네요,5,1
ye****,2019-03-13T15:03:32.000+00:00,상품선택: 러닝벨트 / 색상: 블랙 / 사이즈: M,사용전이나 배송이 빨라 좋네요.,3,1
am****,2019-03-07T13:35:37.000+00:00,상품선택: 러닝벨트 / 색상: 블랙 / 사이즈: S,휴대폰 손에 안들고 운동가능해서 좋아요,5,1
ca****,2019-03-13T09:52:07.000+00:00,상품선택: 러닝벨트 / 색상: 블랙 / 사이즈: S,달리기할때 필수품이에요!!,5,1
nice*******,2019-02-26T09:36:53.000+00:00,상품선택: 러닝벨트 / 색상: 형광 / 사이즈: M,"쫀쫀한게 딱 좋네요
사이즈 색상 맘에 듭니다
자주 러닝하러 나가야 겠네요",5,1
nafl*****,2019-02-24T08:35:49.000+00:00,상품선택: 러닝벨트 / 색상: 블랙 / 사이즈: M,핸드폰 들고 달리기 힘든데 좋네요. 사이즈도 딱맞음,4,1
jkkk****,2019-03-06T07:28:46.000+00:00,상품선택: 러닝벨트 / 색상: 블랙 / 사이즈: M,배송도빠르고 좋아요,5,1
hjk0***,2019-02-28T22:53:31.000+00:00,상품선택: 러닝벨트 / 색상: 블랙 / 사이즈: S,해보니까 흘러내리지도 않고 크기가 좀 큰 갤럭시 핸드폰도 들어가네요,5,1
jin2***,2019-03-05T11:07:16.000+00:00,,아직 착용전이지만 좋아보입니다.,5,1
akwl***,2019-03-02T04:11:50.000+00:00,상품선택: 러닝벨트 / 색상: 블랙 / 사이즈: M,너무너무좋아요 만족합니다,4,1
ssam*****,2019-03-04T03:42:35.000+00:00,상품선택: 러닝벨트 / 색상: 블랙 / 사이즈: S,상세사이즈 보다는 쫌 타이트 한듯!,4,1
nini******,2019-02-28T05:20:01.000+00:00,상품선택: 러닝벨트 / 색상: 블랙 / 사이즈: L,배송이 빨리 옵니다 재질도 괜찮구요,5,1
joch***,2019-02-26T12:24:23.000+00:00,상품선택: 러닝벨트 / 색상: 블랙 / 사이즈: L,착용시 편하고 폰도잘안빠집니다. 굿굿굿,5,1
sjak******,2019-03-06T02:58:35.000+00:00,상품선택: 러닝벨트 / 색상: 블랙 / 사이즈: S,근데 좀 많이 짱짱해요 ㅋㅋ,4,1
deba****,2019-03-04T01:23:25.000+00:00,상품선택: 러닝벨트 / 색상: 블랙 / 사이즈: M,배송 빠르고..좋아요,4,1
plan****,2019-02-24T14:10:38.000+00:00,상품선택: 러닝벨트 / 색상: 블랙 / 사이즈: M,"착용감 좋고, 수납공간도 넉넉합니다!",5,1
jjam****,2019-03-03T03:30:23.000+00:00,상품선택: 러닝벨트 / 색상: 블랙 / 사이즈: M,러닝시 착용하기 편해요~,5,1
maso***,2019-02-21T13:52:33.000+00:00,상품선택: 러닝벨트 / 색상: 블루 / 사이즈: M,다 좋은데 아이폰 플러스에 케이스 끼우면 핸드폰이 수납이 다소 버겁습니다,4,1
dlqm*******,2019-02-24T02:09:25.000+00:00,상품선택: 러닝벨트 / 색상: 블랙 / 사이즈: S,완전 짱짱하고 주머니도 많아서 잘 쓸것 같아요,5,1
maso***,2019-02-21T13:53:04.000+00:00,상품선택: 러닝벨트 / 색상: 블랙 / 사이즈: L,좋아요 잘 쓰겠습니다,4,1
1991****,2019-02-26T17:06:39.000+00:00,상품선택: 러닝벨트 / 색상: 블랙 / 사이즈: S,"잘받았습니다.
배송빠름요",4,1
soll******,2019-02-19T05:05:57.000+00:00,상품선택: 러닝벨트 / 색상: 블랙 / 사이즈: M,야외에서 운동할 때 도움이 많이됩니다!,5,1
lih4***,2019-02-22T03:02:25.000+00:00,상품선택: 러닝벨트 / 색상: 블랙 / 사이즈: M,배송도 빠르고 좋아요,4,1
ca****,2019-02-12T10:04:35.000+00:00,상품선택: 러닝벨트 / 색상: 블랙 / 사이즈: S,운동할때 주머니에 휴대폰이나 소지품을 넣으면 덜렁덜렁 거리지 않아 아주 만족합니다.,5,1
ldh7***,2019-03-13T21:36:48.000+00:00,상품선택: 러닝벨트 / 색상: 블랙 / 사이즈: M,감사합니다 감사합니다,4,1
ldh7***,2019-03-13T21:36:34.000+00:00,상품선택: 러닝벨트 / 색상: 블루 / 사이즈: M,감사합니다 감사합니다,4,1
rmwl*****,2019-02-22T16:54:21.000+00:00,상품선택: 러닝벨트 / 색상: 블랙 / 사이즈: M,암밴드보다는 러닝시 좋네요,5,1
appl****,2019-02-14T02:47:27.000+00:00,상품선택: 러닝벨트 / 색상: 형광 / 사이즈: S,배송빨라요.만족합니다,5,1
lmr1****,2019-02-12T22:42:27.000+00:00,상품선택: 러닝벨트 / 색상: 블랙 / 사이즈: M,휴대폰을 넣었을때 밀착되어 암뱁드보다 훨 좋네요,5,1
jwoo******,2019-02-18T22:50:48.000+00:00,,아주만족해요옹ㅎㅎㅎ,5,1
cjdd*****,2019-02-04T07:57:27.000+00:00,상품선택: 러닝벨트 / 색상: 블랙 / 사이즈: S,명절이라 회사에 있는 상품을 보진못했지만. 빠른 배송 감사해요. 즐거운 명절되세요,5,1
jo****,2019-02-08T02:50:37.000+00:00,상품선택: 러닝벨트 / 색상: 블랙 / 사이즈: M,아직 사용해 보진 않았지만 흘러내리지 않는것 같아요 굿.,4,2
jo****,2019-02-08T02:50:27.000+00:00,상품선택: 러닝벨트 / 색상: 블랙 / 사이즈: S,아직 사용해 보진 않았지만 흘러내리지 않는것 같아요 굿.,4,1
soll******,2019-02-19T05:06:15.000+00:00,상품선택: 러닝벨트 / 색상: 블랙 / 사이즈: S,ㅎㅎ선물했어요! ㅎㅎ,5,1
rlwj******,2019-02-13T11:40:38.000+00:00,상품선택: 러닝벨트 / 색상: 블랙 / 사이즈: M,배송 빠르고 좋라요,5,1
soni******,2019-02-07T05:29:13.000+00:00,상품선택: 러닝벨트 / 색상: 블랙 / 사이즈: L,아직 차고 달려보지는 않았지만 좋을것같아요!,5,1
pila****,2019-02-03T12:56:25.000+00:00,상품선택: 러닝벨트 / 색상: 블랙 / 사이즈: M,착용감이좋구  물건빼기도쉬워요!,5,1
kb****,2019-02-01T10:08:36.000+00:00,상품선택: 러닝벨트 / 색상: 형광 / 사이즈: M,깔끔하게 잘 왔습니다.,5,1
ca****,2019-01-28T04:00:11.000+00:00,상품선택: 러닝벨트 / 색상: 블랙 / 사이즈: L,배송빠르고 매우유용할것같네요,5,1
ky****,2019-01-20T10:49:07.000+00:00,상품선택: 러닝벨트 / 색상: 블랙 / 사이즈: L,배송빠르고좋습니다 탱탱하고 좋아요,5,1
duck****,2019-01-13T07:27:59.000+00:00,상품선택: 러닝벨트 / 색상: 블랙 / 사이즈: M,사이즈도 좋고 편합니다~ 추워서 아직 사용을 많이 못했지만 만족합니다~!!,4,1
wwwj********,2019-01-24T00:15:04.000+00:00,상품선택: 러닝벨트 / 색상: 블랙 / 사이즈: S,짱짱하니 오래 쓸 것 같습니다.,5,1
myun*****,2019-01-18T04:27:02.000+00:00,상품선택: 러닝벨트 / 색상: 블랙 / 사이즈: S,역시 굿 좋아요 아주 잘쓰고 있어요,5,1
some******,2019-02-13T12:57:33.000+00:00,상품선택: 러닝벨트 / 색상: 형광 / 사이즈: M,플립벨트 러닝벨트 플립벨트 러닝벨트,4,1
yjw8***,2019-01-05T01:44:40.000+00:00,상품선택: 러닝벨트 / 색상: 블랙 / 사이즈: M,밴드 짱짱하고 좋아요. 런닝할때 휴대폰 거추장스러웠는데 편합니다.,5,1
elmo******,2019-01-09T00:49:21.000+00:00,상품선택: 러닝벨트 / 색상: 블랙 / 사이즈: S,러닝할때 휴대폰 소지하면서 불편함없이 뛸수 있어 너무 좋습니다.,5,1
es****,2019-01-13T10:54:18.000+00:00,상품선택: 러닝벨트 / 색상: 블루 / 사이즈: S,핸드폰넣고 뛰어봤는데 고정너무잘되서 좋앙ㆍ느,5,1
hsun*****,2019-02-16T01:07:55.000+00:00,상품선택: 러닝벨트 / 색상: 블랙 / 사이즈: M,Good quality!,5,1
moon****,2019-01-15T06:52:31.000+00:00,상품선택: 러닝벨트 / 색상: 블랙 / 사이즈: L,"빠른 배송에
생각했던 그거네요",5,1
desi****,2019-01-09T05:43:08.000+00:00,상품선택: 러닝벨트 / 색상: 블랙 / 사이즈: M,배송 빠르고 런닝벨트 괜찮은거 같네요,4,1
soo9*****,2019-01-07T04:34:51.000+00:00,상품선택: 러닝벨트 / 색상: 블랙 / 사이즈: S,와우 전 키 180에 몸무게 62에 허리 29-30인치 인데 S사이즈 했습니다 매우 좋아요,5,1
tear****,2019-01-05T04:06:04.000+00:00,,달리기하면서 쓰는데 매우 안정감있습니다.,5,1
ehdd***,2019-01-09T11:13:09.000+00:00,상품선택: 러닝벨트 / 색상: 블랙 / 사이즈: M,조아요조아 조아요조아,3,1
shyi******,2018-12-17T13:02:23.000+00:00,상품선택: 러닝벨트 / 색상: 블루 / 사이즈: S,잘 안 늘어나네요 좋습니다,4,1
ry****,2019-01-03T04:05:31.000+00:00,상품선택: 러닝벨트 / 색상: 블랙 / 사이즈: M,탄력이 만족스럽습니다,4,1
dntj****,2019-01-04T13:18:20.000+00:00,상품선택: 러닝벨트 / 색상: 블랙 / 사이즈: L,아주유용한아이템입니다,5,1
jdy7***,2018-12-30T14:00:25.000+00:00,상품선택: 러닝벨트 / 색상: 블랙 / 사이즈: S,배송 빠르고 품질도 좋아요 굿!!!,5,1
sisi***,2019-01-02T13:25:05.000+00:00,상품선택: 러닝벨트 / 색상: 블랙 / 사이즈: S,쫀존하고 좋아요...,4,1
kwon****,2018-11-27T08:47:55.000+00:00,상품선택: 러닝벨트 / 색상: 블랙 / 사이즈: M,무려 5개째 구매입니다 이번엔 어머니 사드렸는데 aia 바이탈리티앱에 블루투스 이어폰만 있음 환상의 궁합이내요,5,1
juju***,2018-12-27T02:02:51.000+00:00,상품선택: 러닝벨트 / 색상: 블랙 / 사이즈: M,허리에 딱 맞고 흘러내리지도 않아요!,5,1
zl****,2018-11-01T03:27:57.000+00:00,상품선택: 러닝벨트 / 색상: 블랙 / 사이즈: M,심플해서 쓸만합니다. 암밴드보다 추천합니다. 개인적으로 암밴드는 여러 브랜드를 사용해봤지만 늘 불편함이 따르더군요 핸드폰도 아이폰이라 무겁진 않지만 오래 사용하다보면 답답한 느낌도 있어서 차라리 허리에 벨트처럼 찬다면 무의식적으로 달리는데 크게 신경쓰지 않을 것 같아서 이번에 벨트 구매했습니다. 사용 결과는 만족스럽네요. 핸드폰뿐만 아니라 다양한 잡동사니들이 들어갈 수 있어서 수납공간도 괜찮게 사용하고 있습니다.  다만 배송업체가 한진택배인데 수요일날 배송한게 월요일날 온다는게 좀 이상하네요  금요일 조회 기록은 온데간데 없어서 중간에 택배가 분실된건 아닌가 했는데  서울에서 수요일 주문한 제품을 월요일날 받아봤으니 이부분은 좀 아쉽네요.,4,1
life***,2018-12-23T05:25:09.000+00:00,상품선택: 러닝벨트 / 색상: 블랙 / 사이즈: M,흔들리지도 않고 넘 좋네요,5,1
happ****,2018-11-27T12:43:34.000+00:00,상품선택: 러닝벨트 / 색상: 블랙 / 사이즈: M,엠 주문 입니다. a4용지 크기와 길이 비교해보세요. ^^,5,1
sk_s********,2018-12-22T20:09:05.000+00:00,상품선택: 러닝벨트 / 색상: 블랙 / 사이즈: L,좋음 안빠지고 좋아요,3,1
glor***,2018-11-22T04:59:47.000+00:00,상품선택: 러닝벨트 / 색상: 형광 / 사이즈: M,v30도 들어가구요. 쫀쫀해서좋을거 같아요.어여 러닝하러가야겠어요~,4,1
dkst********,2018-11-26T09:45:17.000+00:00,상품선택: 러닝벨트 / 색상: 블랙 / 사이즈: S,짱짱하고 좋아요 마른편 허리에도 잘맞습니다,3,1
gusr*****,2018-12-19T07:38:45.000+00:00,상품선택: 러닝벨트 / 색상: 블랙 / 사이즈: M,대체적으로 괜찮은데 실밥이 좀 많이보입니다,3,1
grea***,2018-12-19T11:11:51.000+00:00,상품선택: 러닝벨트 / 색상: 블랙 / 사이즈: S,빠른배송 감사합니다.,5,1
jun1****,2018-12-15T04:07:03.000+00:00,상품선택: 러닝벨트 / 색상: 블랙 / 사이즈: L,가격대비 활용도가 좋습니다,4,1
duck****,2018-12-11T05:48:16.000+00:00,상품선택: 러닝벨트 / 색상: 블랙 / 사이즈: M,사이즈도 좋고 정말 잘쓸께요,5,1
pwld******,2018-12-12T05:18:45.000+00:00,상품선택: 러닝벨트 / 색상: 블랙 / 사이즈: S,폰 손에 쥐고 운동하지 않아서 좋아요,5,1
rapi***,2018-12-13T12:11:25.000+00:00,상품선택: 러닝벨트 / 색상: 블랙 / 사이즈: S,운동할때 휴대폰을 단단히 고정할수 있어서 좋네요,4,1
ssb8***,2018-12-05T00:38:55.000+00:00,상품선택: 러닝벨트 / 색상: 블랙 / 사이즈: M,흘러내리지도 않고 넣어 둔 물건들이 걸리적 거리지 않아 매우 만족 스럽습니다.,5,2
ssb8***,2018-12-05T00:38:47.000+00:00,상품선택: 러닝벨트 / 색상: 블랙 / 사이즈: S,흘러내리지도 않고 넣어 둔 물건들이 걸리적 거리지 않아 매우 만족 스럽습니다.,5,1
ne****,2018-12-14T10:50:03.000+00:00,상품선택: 러닝벨트 / 색상: 블랙 / 사이즈: L,덜렁덜렁 거림이 없어 좋아요,5,1
he****,2019-01-08T07:58:48.000+00:00,상품선택: 러닝벨트 / 색상: 블랙 / 사이즈: M,좋네요좋네요좋네요좋네요,3,1
bbon****,2018-12-01T09:02:19.000+00:00,상품선택: 러닝벨트 / 색상: 블랙 / 사이즈: M,아이폰X 넣고 러닝했는데 괜찮네요 ㅋㅋㅋ 추천합니다,5,1
yabu****,2018-12-07T08:30:47.000+00:00,상품선택: 러닝벨트 / 색상: 블랙 / 사이즈: M,생각보다 사이즈가 큰거같아요,3,1
hwpd*****,2018-12-03T02:38:59.000+00:00,,"가격대비 퀄리티, 배송비 무료에 신속한 배송, 괜찮은 상품이네요.",4,1
dlgy*******,2018-11-25T03:03:24.000+00:00,상품선택: 러닝벨트 / 색상: 블랙 / 사이즈: L,"운동할때 사용하려고 구매했는데 좋네요!
배송도 빠르고 만족합니다.",5,1
luck*****,2018-12-11T09:25:20.000+00:00,,M 사이즈 잘 받았습니다.,5,1
ysch****,2018-11-30T06:48:33.000+00:00,상품선택: 러닝벨트 / 색상: 블랙 / 사이즈: M,계속 사용하는데 밸트없는 바지입기도 편하고 운동 수납도 편하고 좋아요.,5,1
ji****,2018-11-26T01:50:35.000+00:00,상품선택: 러닝벨트 / 색상: 블랙 / 사이즈: S,러닝할때.정말 좋아요~ 불폄함도 없고 핸드폰 흔들림도 없고,5,1
tmfq****,2018-11-23T05:29:07.000+00:00,상품선택: 러닝벨트 / 색상: 블랙 / 사이즈: S,운동할때 잘 쓸수잇어서 좋아요 ㅋㅋㅋ 나이키 밸트보다 나은거 같아요,5,1
lo****,2018-11-27T13:34:56.000+00:00,상품선택: 러닝벨트 / 색상: 블랙 / 사이즈: M,잘쓸께요 굳구두굳뿅,4,1
pkyo****,2018-11-29T12:41:11.000+00:00,상품선택: 러닝벨트 / 색상: 블랙 / 사이즈: S,생각보다 타이트하긴한데 편하네요,5,1
ches*****,2018-12-07T02:23:50.000+00:00,상품선택: 러닝벨트 / 색상: 블랙 / 사이즈: M,약간 폰이 속에서 덜렁덜렁..,4,1
eh****,2018-11-15T03:42:19.000+00:00,상품선택: 러닝벨트 / 색상: 블랙 / 사이즈: S,이보다 더 좋을순 없다! 러닝 시 손에 아무것도 없으니 넘넘 편하고 좋아요!,5,1
roh8***,2018-11-30T03:14:23.000+00:00,상품선택: 러닝벨트 / 색상: 블랙 / 사이즈: M,와진짜개쩔어요 개좋음여,5,1
kwan*******,2018-12-03T02:56:08.000+00:00,상품선택: 러닝벨트 / 색상: 블랙 / 사이즈: S,좋네요 잘받았습니다,4,1
hyun******,2018-11-25T16:19:53.000+00:00,상품선택: 러닝벨트 / 색상: 블랙 / 사이즈: M,"너무 편해요
한달정도 썼는데
아직도 쫀쫀하니 새거같고 좋네요",5,1
gk****,2018-12-04T15:33:43.000+00:00,상품선택: 러닝벨트 / 색상: 블랙 / 사이즈: M,만족합니다!! ㅎㅎ,5,1
shj8***,2018-11-09T11:04:53.000+00:00,상품선택: 러닝벨트 / 색상: 블랙 / 사이즈: M,"러닝시 필수 운동하면서 노래들으려고 찾아보다 플립벨트를 알게됐네요 완전 유용하게 잘쓰고 있습니다
31 32인치 정도되는데 M이 딱이네요",5,1
jamr****,2018-11-08T13:01:54.000+00:00,상품선택: 러닝벨트 / 색상: 블랙 / 사이즈: M,굿굿 남편이랑 같이 운동하려고 샀어요 근데 아직 조깅 안한게 함정. 기어도 샀으니 열심히 해볼거에여,5,1
oops****,2018-10-18T13:47:40.000+00:00,상품선택: 러닝벨트 / 색상: 블랙 / 사이즈: L,딱좋습니다 제품이 쫀쫀하니 제봉도 잘되어있고 착용해보니 딱 맞네요 아직 뛰어보지는않았으나 핸폰넣고뛰어도 이상없을거같네요,5,1
youn******,2018-11-24T02:05:48.000+00:00,상품선택: 러닝벨트 / 색상: 블랙 / 사이즈: M,착용감도 좋고 아주좋아용 ㅎㅎ,5,1
zo****,2018-11-05T03:27:59.000+00:00,상품선택: 러닝벨트 / 색상: 블랙 / 사이즈: M,마라톤때문에 구입했는데 추천합니다.  마라톤 나가는데 핸드폰 넣을것 찾다가 구매했어요. 골반쪽에 걸쳐서 핸펀 넣고 뛰었는데 엄청 편했어요. 러닝하시는분들께 추천합니다.,5,1
jamr****,2018-11-08T13:01:03.000+00:00,상품선택: 러닝벨트 / 색상: 블랙 / 사이즈: S,아직 아직 운동전이에요 착용만 해봤는데 입기도 편하고 좋은거 같아요 핸드폰 노트8도 잘 들어가네요,5,1
ss****,2018-11-17T16:03:35.000+00:00,상품선택: 러닝벨트 / 색상: 블랙 / 사이즈: S,여름에는 주머니가 없어서 필요해서 샀는데 그럭저럭 괜찮아요.,5,1
ekki***,2018-11-01T01:56:33.000+00:00,상품선택: 러닝벨트 / 색상: 블랙 / 사이즈: S,"저렴하고좋아요! 저렴하고 , 꽉 조여주고 마라톤 등산할때 짱 편해요!나중에 늘어나지않겟죠? 아주작은물건은 좀 움직임이 잇지만 핸드폰은 잘 잡아줘요 ㅋㅋㅋ",5,1
toda*******,2018-10-16T11:49:07.000+00:00,상품선택: 러닝벨트 / 색상: 블랙 / 사이즈: S,"깔끔한블랙☆ 핸드폰도 잘들어가고 깔끔하네용~!~!
s딱맞네요 하다보면 늘어나겟죠ㅠㅠㅠ
글고 좀 수영복같긴한데...☆ 
열뛰하겟습니당",4,1
gj****,2018-11-26T00:12:37.000+00:00,상품선택: 러닝벨트 / 색상: 블랙 / 사이즈: M,V30 도 쏙 들어갑니다.,5,1
koma****,2018-10-29T02:23:31.000+00:00,상품선택: 러닝벨트 / 색상: 블랙 / 사이즈: L,가성비가 뛰어난 제품 처음 써보는 플립벨트입니다. 실제 착용하여 10킬로 마라톤시 사용해보았습니다. 모바일폰이나 카드 수납에 편리합니다,5,1
jina****,2018-11-16T06:14:54.000+00:00,상품선택: 러닝벨트 / 색상: 블랙 / 사이즈: L,쫀쫀하고 가성비가 확실히 좋네요.,3,1
sisi***,2018-11-25T10:18:59.000+00:00,상품선택: 러닝벨트 / 색상: 블랙 / 사이즈: S,괜찮아요......,4,1
wnsd****,2018-10-17T02:59:33.000+00:00,상품선택: 러닝벨트 / 색상: 블랙 / 사이즈: S,좋아요 너무 맘에들어서 엄마꺼도 하나 더 구매해서 선물해드렸네요. 폰 가지고 다니면서 런닝하시는분들 꼭 필수입니다. 크게 불편하지도 않아요 감사합니다 잘 쓸게요,5,1
rhj1*******,2018-10-27T06:27:16.000+00:00,상품선택: 러닝벨트 / 색상: 블랙 / 사이즈: S,"강추 암밴드보다 허리에 하는게 자세에 좋구요
그렇다고 힙색은 너무 잡상인 필 날것같아셔 이고 샀는데 만족스러워요~딱 핸드폰정도 넣고 다니기 젛아요",5,1
kktt***,2018-10-23T13:12:28.000+00:00,상품선택: 러닝벨트 / 색상: 블랙 / 사이즈: L,"용도가 굉장히 다양해요 운동할 때도 사용하구요.. 이번에 야외에서 하는 알바할때도 지갑 휴대폰 등 수납공간이 많아 다용도로 사용 할 수 있었습니다, 감사합니다^^",5,1
y_sc*****,2018-10-25T11:39:32.000+00:00,상품선택: 러닝벨트 / 색상: 블랙 / 사이즈: M,"아주 만족스럽습니다. 탄력이 있어서 딱 맞네요.
운동할때 손이 자유로우니까 아주 좋아요.
런닝이나 마라톤 할때 아주 좋네요.",5,1
ic****,2018-09-28T08:59:22.000+00:00,상품선택: 러닝벨트 / 색상: 블랙 / 사이즈: S,"남성 허리 25인치,  벨트라인 27인치인데 S 사이즈가 런닝 때 좋았습니다. 개인적인 의견으로는 마라톤이나 런닝의 경우에는, 벨트 차는 라인쪽 둘레를 측정하시고 여기에 나와있는 권장 사이즈에 맞게 사는 것을 추천드립니다.그러면 핸드폰 하나 정도 넣으면 딱 맞습니다. 그런데 부피감 있는 다른 것들도 넣는다면, 가령 스마트폰, 초코바 2개 등등을 넣는다면 한 치수 더 큰 것을 고려해보시기 바랍니다. 참고로 저는 허리 25인치, 벨트라인 27인치인 남성인데 S 사이즈가 런닝 때 좋았습니다. 생각보다 불편함 감이 없고 좀 무거운 아이폰 7 플러스를 넣어도 흔들림이 없습니다. 참고로 벨트라인에 차는게 편해요.",5,1
beka***,2018-10-19T00:54:41.000+00:00,상품선택: 러닝벨트 / 색상: 블랙 / 사이즈: L,아직 사용 전이긴 한데 마감도 깔끔하고 마음에 들어요비싼 해외제품퀄리티와 크게 차이나는것 같지 않아요잘 쓰고 또 구매해볼 예정입니다.,5,1
shj8***,2018-11-09T11:01:41.000+00:00,상품선택: 러닝벨트 / 색상: 블랙 / 사이즈: M,암밴드사려다가 갈아탔는데 완전 만족합니다,5,1
ae****,2018-11-03T03:31:03.000+00:00,상품선택: 러닝벨트 / 색상: 블랙 / 사이즈: M,중간에 지퍼가있어 벨트처럼 하는줄알았는데 그게아니네요. 참고하세요.,3,1
ae****,2018-11-03T03:31:03.000+00:00,상품선택: 러닝벨트 / 색상: 블랙 / 사이즈: S,제가 넘 기대했나봐요ㅋㅋ그래도집에서하고 활동하기좋아요,3,1
myun*****,2018-10-24T02:38:56.000+00:00,상품선택: 러닝벨트 / 색상: 블랙 / 사이즈: M,좋아요 엄청 좋아요 굿입니다 핸드폰안들고 다녀고되고 완전 저렴하고 가성비 최고네여 추천합니다!!!!,5,1
zo****,2018-11-05T03:26:43.000+00:00,상품선택: 러닝벨트 / 색상: 블랙 / 사이즈: M,마라톤때 핸드폰 넣으려고 샀는데 엄청 잘 썼어요! 추천합니다!!!,5,1
fhwm*****,2018-09-30T23:31:09.000+00:00,상품선택: 러닝벨트 / 색상: 블랙 / 사이즈: S,우선 다른 플립벨트들 보다 매우 추천합니다 가격도 저렴하고 디자인 내구성 실용성 다방면에서 너무 만족합니다! 배송도 빠르고 좋아요. 골반에 걸쳐서 착용하라는데 착용할때는 괜찮은데 뛰기 시작하면 위로 올라오는건 어쩔수없더라구요~ 근데 그렇게 배를 조이는 정도는 아니여서 괜찮습니다 그리고 허리 서포트도 되는거 같아 아주 만족합니다!,5,1
ekki***,2018-10-31T10:06:32.000+00:00,상품선택: 러닝벨트 / 색상: 블랙 / 사이즈: M,편해요!  작은거(삔) 넣으면 좀 움직이긴 하지만. 엄청 편해요. 쫀쫀하고. 운동할때 짱짱-! 등산할때도 유용할듯,5,1
kjj2***,2018-10-17T08:13:41.000+00:00,상품선택: 러닝벨트 / 색상: 블랙 / 사이즈: M,추천합니다. 생각보다 튼튼하군요 조깅할때 사용해도 무방할 정도로 좋은 제품입니다. 호주머니에 폰을 넣기가 그랬는데 운동할때 사용하기가 좋도록 설계 되었네요 만족합니다.,5,1
rhj1*******,2018-10-27T06:25:46.000+00:00,상품선택: 러닝벨트 / 색상: 블랙 / 사이즈: S,"엄청 만족스럽네요
암밴드 살까고민하다 이거 산게 좋네요~~
센세이셔날한 아이템입니당",5,1
4924****,2018-11-06T10:25:44.000+00:00,상품선택: 러닝벨트 / 색상: 형광 / 사이즈: M,"첫 풀코스 완주, 아주 잘 쓰고 편하고 좋았어요",5,1
ss****,2018-10-21T14:55:32.000+00:00,상품선택: 러닝벨트 / 색상: 블랙 / 사이즈: S,만족합니다 여름에 운동복에 주머니 없어서 운동하기 불편해서 구매했는데 사용하기 좋아요.  검정색이라 무난해서 쓰기 편리합니다.,4,1
0124***,2018-10-05T02:04:24.000+00:00,상품선택: 러닝벨트 / 색상: 블랙 / 사이즈: M,"아대보다 더 편해요 핸드폰가지고 런닝하기 불편해서 샀는데 만족스러워요 아대보다 훨씬 편해요 

약간 아쉬운 부분은 구멍이 양쪽으로 뚫려 있어서 핸드폰 말고는 다른 물품 집어넣기에 부담스러워요 
뒷부분에 지퍼로된 작은 포켓 만들어서 카드나 현금 집어 넣을 수 있게하면 더 좋겠네요 
핸드폰 때문에 샀기 때문에 대만족",5,1
zl****,2018-11-01T03:25:14.000+00:00,상품선택: 러닝벨트 / 색상: 블랙 / 사이즈: M,제품 만족합니다. 단점이라면 배송속도네요.,5,1
exor******,2018-10-22T04:12:02.000+00:00,상품선택: 러닝벨트 / 색상: 블랙 / 사이즈: L,매우만족합니다. 러닝시 다른 암밴드 웨이스트밴드보다 저장공간도 넓고 쓰임새가 많습니다.,5,1
mm01***,2018-11-12T07:20:12.000+00:00,상품선택: 러닝벨트 / 색상: 블랙 / 사이즈: M,만족합니다,5,33
cooo***,2018-11-13T00:05:43.000+00:00,상품선택: 러닝벨트 / 색상: 블루 / 사이즈: M,조아서또삼ㅎ,5,1
ogt5***,2018-11-04T12:47:49.000+00:00,상품선택: 러닝벨트 / 색상: 블랙 / 사이즈: L,쓸만하네요~^^ 감사합니다.,5,1
yo****,2018-10-12T13:37:22.000+00:00,상품선택: 러닝벨트 / 색상: 블랙 / 사이즈: M,플립벨트중 가성비 쵝오!! 마라톤때 착용할 작은 저장가방을 찾던중 요제품을 보고 평이좋아서 구매해봤는데 역시 착용감도 좋고 생각보다 많이 들어가네요~,5,1
wnsd****,2018-10-17T02:58:55.000+00:00,상품선택: 러닝벨트 / 색상: 블랙 / 사이즈: M,잘쓰고있어요 이거 진짜 편하네요 늘 핸드폰 가지고 런닝하기가 불편했는데 이질감없이 폰가지고 런닝하기 좋네요 좋은 가격에 좋은 아이템 산거같아서 기분이 좋습니다,5,1
zl****,2018-11-01T03:25:14.000+00:00,상품선택: 러닝벨트 / 색상: 블랙 / 사이즈: S,배송속도가 늦다는 단점을 제외하면 품질은 만족합니다.,5,1
akir*****,2018-10-05T07:36:36.000+00:00,상품선택: 러닝벨트 / 색상: 블랙 / 사이즈: S,"러닝 시 정말 유용한 아이템 핸드폰, 현금, 이어폰 등 물건을 넣기에 정말 좋습니다.러닝 할 때 소지품 때문에 항상 고민했는데 진작에 구매할 걸 그랬어요.아이폰8+ 사용 중인데 흔들림 없이 고정 잘 됩니다.착용도 편하고 휴대도 용이해서 정말 강추합니다!",5,1
whit*****,2018-10-13T01:10:49.000+00:00,상품선택: 러닝벨트 / 색상: 블랙 / 사이즈: S,남자면 그냥 M 사이즈 사세요.. 리뷰보고 한치수 작은거 사라길래 s 사이즈 샀는대 낑낄대면 허리까지 올리다라 바로 실밥 터지네요 사자마자 실밥터져서 속상하지만 제잘못이니 그냥 써야죠 그냥 정사이즈 가시면 됩니다. 굳이 사이즈 다운 할필요없어요  참고하세요,4,1
max7****,2018-10-11T02:31:29.000+00:00,상품선택: 러닝벨트 / 색상: 블랙 / 사이즈: L,생각보다 크지는 않아요 착용감이 좋구여 뱃살 있는 분이라면 달릴때 좋아요. 뱃살은 쫙 조여주니까 더 좋은 거 같아요,4,1
hakj********,2018-11-07T03:20:21.000+00:00,상품선택: 러닝벨트 / 색상: 블랙 / 사이즈: S,아주좋아요,5,3
tjdb*****,2018-10-19T12:39:06.000+00:00,상품선택: 러닝벨트 / 색상: 블랙 / 사이즈: S,운동할때 짱짱편해여 핸드폰 맨날 귀찮았는데운동할떄 이거 착용하니까 정말 너무 편해요여성분들은 s 사이즈가 대부분 맞을거같아여,5,1
dltj*******,2018-11-08T08:59:14.000+00:00,상품선택: 러닝벨트 / 색상: 블랙 / 사이즈: S,잘받았습니다 ,5,4
dltj*******,2018-11-08T08:59:14.000+00:00,상품선택: 러닝벨트 / 색상: 블랙 / 사이즈: M,잘받았습니다,5,12
jo****,2018-10-12T01:09:19.000+00:00,상품선택: 러닝벨트 / 색상: 블랙 / 사이즈: S,추천합니다 편하네요 러닝할 때 핸드폰 어떻게 해야 할지 몰라서 맨날 안 들고다녔거든요 암밴드는 불편하고... 플립벨트 신세계입니다. 차고 있는 줄도 모르고 흔들리거나 하는 것도 전혀 없어요,5,1
dltj*******,2018-11-08T09:01:44.000+00:00,상품선택: 러닝벨트 / 색상: 블랙 / 사이즈: S,잘받았습니다 잘받았습니다. 좋아요 남자 허리 30인치 잘맞아요 ㅁㅁㅁ오미기오리그아고므고오ㅡㅏㅗㄱㅇ그모우,5,1
dltj*******,2018-11-08T09:00:39.000+00:00,상품선택: 러닝벨트 / 색상: 블랙 / 사이즈: M,잘받았습니다  남자 허리 30인치 S잘맞아요 ㅇㅇㅁㅇㅇㄹㅇ로ㅡ오릮이ㅡㅗ리 좋아요 가성비 좋네요 많이파세요,4,1
jamr****,2018-11-04T09:22:44.000+00:00,상품선택: 러닝벨트 / 색상: 블랙 / 사이즈: S,만족해요요,5,1
janv*******,2018-10-26T04:11:54.000+00:00,상품선택: 러닝벨트 / 색상: 블랙 / 사이즈: S,사이즈 s 했는데 잘맞아요 런닝할때 아주 유용할거같아요,5,1
jamr****,2018-11-04T09:22:44.000+00:00,상품선택: 러닝벨트 / 색상: 블랙 / 사이즈: M,만족합니다,5,1
aa****,2018-10-11T02:19:32.000+00:00,상품선택: 러닝벨트 / 색상: 블랙 / 사이즈: S,좋아요좋아요 친구 추천으로 샀는데 딱좋아요 흘러내리지않고 짱짱하게 잡아주네요 추천합니닻ㅇ 열심히 운동해야지 쿄쿄,5,1
sati****,2018-10-25T05:37:27.000+00:00,상품선택: 러닝벨트 / 색상: 블랙 / 사이즈: M,좋아요달릴때흔들리지않을듯,5,1
hotd******,2018-10-11T12:29:28.000+00:00,상품선택: 러닝벨트 / 색상: 블루 / 사이즈: M,"추천합니더 하늘색샀는데 색은 좀 우중충하네요
아직써보진않앗지만 편리하게 사용할거같아요
빨리 달려보고싶네요",5,1
pst1***,2018-11-05T06:01:48.000+00:00,상품선택: 러닝벨트 / 색상: 블루 / 사이즈: M,잘 받았습니다,3,5
angk***,2018-10-20T05:49:12.000+00:00,상품선택: 러닝벨트 / 색상: 형광 / 사이즈: S,아직 착용은 안해봤지만 일단 만족스러워요. 배송도 빠르네요,5,1
jmic****,2018-10-29T17:24:46.000+00:00,상품선택: 러닝벨트 / 색상: 블랙 / 사이즈: L,흐르지도않고 적당히잘잡아주고 편합니다. ,5,1
shyi******,2018-10-17T01:08:49.000+00:00,상품선택: 러닝벨트 / 색상: 블루 / 사이즈: S,블루인데요 만족합니다. 남자 허리 28에서 29인치인데 S가 너무 꽉조이지는 않네요. 적당합니다. ,5,1
kkum***,2018-10-14T04:11:38.000+00:00,상품선택: 러닝벨트 / 색상: 블랙 / 사이즈: S,좋아요. 마라톤 뛸때 사용하려고 샀어요. 사이즈도 잘 맞고 뛸때 흔들리지도 않고 좋네요. 추천합니다.,4,1
ga****,2018-11-01T16:04:43.000+00:00,상품선택: 러닝벨트 / 색상: 블랙 / 사이즈: M,잘받았습니다. 편리하네요,5,1
leem***,2018-10-10T20:14:30.000+00:00,상품선택: 러닝벨트 / 색상: 블루 / 사이즈: L,매우만족 블루로 샀는데 매우 만족합니다 사자마자 10키로 마라톤 뛰었는데 문제 없고 편하네요 남자는 L사이즈가 딱인것 같습니다 m도 충분하다고 해서 샀다가 작아서 재구매,5,1
zick*******,2018-10-08T02:59:16.000+00:00,상품선택: 러닝벨트 / 색상: 블랙 / 사이즈: S,"190/78  러너 입니다.  어제 장거리 조깅하면서 착용해봤는데, 플립벨트 대비하여 신축성은 떨어지지만 그 덕분에 밀착감은 더욱 좋습니다. 31~32 정도이고 S 구매했습니다.",5,1
fe****,2018-10-20T00:49:12.000+00:00,상품선택: 러닝벨트 / 색상: 블랙 / 사이즈: S,배송 빨라요 아직 사용은 안해 봤지만 편하게 잘 쓰겠어요,5,1
0124***,2018-10-05T01:59:55.000+00:00,상품선택: 러닝벨트 / 색상: 블랙 / 사이즈: M,"핸드폰 넣고 뛰는데 흔들림이 없고 좋아요ㅎ
뒷부분에 지퍼잠금이 있거나 한쪽이 막혔으면 더 좋을거 같네요
카드를 넣자니 불안해서 핸드폰만 넣고 달려요 ",5,1
boyc*******,2018-11-02T07:54:47.000+00:00,상품선택: 러닝벨트 / 색상: 블랙 / 사이즈: M,좋아요!!,5,2
kktt***,2018-10-23T13:10:50.000+00:00,상품선택: 러닝벨트 / 색상: 블랙 / 사이즈: L,전부터 구매하려했는데 만족이요,5,1
syj5***,2018-10-03T16:43:31.000+00:00,상품선택: 러닝벨트 / 색상: 블랙 / 사이즈: S,"후기 오늘 처음으로 벨트 착용하고 나가서 1시간 마라톤 뛰고 왔는데요. 핸드폰을 들고나왔는데 아무런 거추장 스러움이 없으니까 너~~~무 편해요.
왜 이 좋은 상품읗 이제야 알았을까 하는 아쉬움만 드네요.",5,1
beka***,2018-10-19T00:53:47.000+00:00,상품선택: 러닝벨트 / 색상: 블랙 / 사이즈: L,아직 사용전이긴 한테 품질도 깔끔하고 마음에 들어요!,5,1
batt*****,2018-10-11T04:36:59.000+00:00,상품선택: 러닝벨트 / 색상: 블랙 / 사이즈: M,굿 뛰어보고싶군요ㅋㅋㅋㅋ 마라톤을ㅋㅋ 나갈껀데 ㅋㅋㅋㅋ 빨리ㅋㅋㅋㅋ이용해ㅋㅋ 보고싶네욬ㅋㅋㅋㅋ,4,1
fear****,2018-10-30T02:20:17.000+00:00,상품선택: 러닝벨트 / 색상: 블랙 / 사이즈: M,잘 쓸게요~~,5,1
cp****,2018-10-08T03:10:46.000+00:00,상품선택: 러닝벨트 / 색상: 블루 / 사이즈: S,손이 편함 158/50인데 S 사이즈 잘 맞았음..! 검정색은 너무 심심할까봐 블루로 시켰는데 조금 후회...무난한게 최고다,5,1
0o5o****,2018-10-23T07:03:14.000+00:00,상품선택: 러닝벨트 / 색상: 블랙 / 사이즈: S,배송빠르고 너무 좋아요,5,1
ji****,2018-09-30T06:45:30.000+00:00,상품선택: 러닝벨트 / 색상: 블랙 / 사이즈: S,운동용으로 진짜 추천 러닝할떄 핸드폰이 항상 문제였는데 진짜 신세계네요암밴드 불편하다고 그래서 벨트형으로 샀는데 정말 편하고 좋아요적극 추천합니다,5,1
hyun******,2018-10-27T06:24:57.000+00:00,상품선택: 러닝벨트 / 색상: 블랙 / 사이즈: M,좋습니다 구우우웃,5,1
yjw8***,2018-10-10T15:25:04.000+00:00,상품선택: 러닝벨트 / 색상: 블랙 / 사이즈: M,배송 빠르고 좋아요. M사이즈 샀는데 생각보다 여유가 있네요,5,1
pett*****,2018-10-14T04:15:37.000+00:00,상품선택: 러닝벨트 / 색상: 블랙 / 사이즈: L,"굿 오오옹
핸드폰 들고 힘들엇는뎀
좀 큰거는 불편하고 해소 여길 찾아
삿는뎀 좋네영 불편함고 없오",4,1
core*****,2018-10-08T11:59:28.000+00:00,상품선택: 러닝벨트 / 색상: 블랙 / 사이즈: S,"좋은거 같아요 운동할때 사용할려고 샀어요
아직 착용하고 나가보진 않았지만 집에서 착용해보니 좋은거같아요.",4,1
nu****,2018-10-25T14:52:51.000+00:00,상품선택: 러닝벨트 / 색상: 블랙 / 사이즈: S,만족합니다,5,1
sara*****,2018-10-04T08:10:42.000+00:00,상품선택: 러닝벨트 / 색상: 블랙 / 사이즈: S,좋아요 배송 굉장히 빠르고 달리기 할 때 너무 편하네요. 다른 색으로도 구매하고 싶을 정도로 괜찮네요.,5,1
trav*****,2018-10-15T22:31:29.000+00:00,상품선택: 러닝벨트 / 색상: 블루 / 사이즈: S,아주 맘에 들어요~잘 샀어요,5,1
oops****,2018-10-18T13:42:43.000+00:00,상품선택: 러닝벨트 / 색상: 블랙 / 사이즈: L,빨리왔어요 운동만하면되겠네요,5,1
nike******,2018-10-27T00:28:39.000+00:00,상품선택: 러닝벨트 / 색상: 형광 / 사이즈: S,굿구수굿 뒁나ㅏ버보ㅕ투어아미ㅐ댜도규ㅗ쳐너누듀ㅕ어욶보바워탸야주댜ㅐ르드랴ㅑ오조녀너쥬ㅕ어우두야우어야다더야어ㅓ야,5,1
20ju******,2018-09-29T07:58:37.000+00:00,상품선택: 러닝벨트 / 색상: 블랙 / 사이즈: S,정말 잇 템 너무 좋구요 손신경안쓰니 편하고 어머니 말로는 서유럽 여행이나 그런 때 비상가방 대신 써도 좋겠다고 ㅋㅋㅎㅎ,5,1
euns******,2018-10-02T04:05:11.000+00:00,상품선택: 러닝벨트 / 색상: 블루 / 사이즈: S,마라톤 배송빠르고 좋아요마라톤 뛸 때 핸드폰 너무 거슬려서 샀어요 사이즈도 괜찮고 잘 쓸거 같네요ㅎㅎㅎ,5,1
rjss****,2018-10-29T08:13:57.000+00:00,상품선택: 러닝벨트 / 색상: 블랙 / 사이즈: L,좋네요^^,5,1
jsho*****,2018-10-25T02:54:24.000+00:00,상품선택: 러닝벨트 / 색상: 블랙 / 사이즈: L,추천합니다,5,1
rk****,2018-10-29T07:57:14.000+00:00,상품선택: 러닝벨트 / 색상: 블랙 / 사이즈: M,풀마라톤 뛰려고 샀는데 잘 뛰었습니다 ㅇ니ㅓㄹㄴ어ㅐㅑㄷ쟈ㅓㅐㄹㄷ절ㄴ워ㅏㅇㅍ누ㅏㅓㅍㅇ눠ㅏㅇ너ㅣㄷㅈ뢛ㄹ쟈ㅓㅐㄷㄹ조ㅕㄷㄹ좌ㅣㅕㅇ라ㅓㅟㅇ너ㅏㅜㅇㅍ눠ㅏㅇㄴ풔ㅏㅇㄴ퍼ㅏㅗㄹ쟈ㅓㄷㄹ쟈ㅓㅇㄹ너ㅏㅣㅇㄴ파ㅣㅓㅜㅍㅇ눠ㅏㅇ넝ㄹ넝렁ㄹ너ㅏㅣㅜㅇㄴ파ㅓㅜㅇㅍ누ㅏㅓㅇㄴ푸ㅏㅓㄴㅇ풔ㅏㅇㄴ파ㅓㅜㄴㅇ,5,1
kkum***,2018-10-14T04:10:19.000+00:00,상품선택: 러닝벨트 / 색상: 블랙 / 사이즈: S,좋아요..만족합니다.,5,1
ic****,2018-09-28T08:53:05.000+00:00,상품선택: 러닝벨트 / 색상: 블랙 / 사이즈: S,"블랙 S로 스몰 신청한 남성입니다.
제 골반 둘래가 27인치인데 스몰 입으니까 불편함 없이 딱 맞고 아이폰 7 플러스 크기도 잘 들어갑니다.폰만 넣으실거면 권장 사이즈 추천드립니다",5,1
leem***,2018-10-04T10:20:30.000+00:00,상품선택: 러닝벨트 / 색상: 블랙 / 사이즈: M,품질은 괜찮은데 아내와 함께 운동하려고 2개 샀는데 후기보고 남자는 M사이즈가 적당하다고 해서 샀는데 작네요키175에 80키로 M사이즈 안맞습니다 L이 딱 맞을것 같아요 참고하세요,4,1
md****,2018-10-28T11:26:31.000+00:00,상품선택: 러닝벨트 / 색상: 형광 / 사이즈: S,좋아욜~~,5,1
cool********,2018-10-19T08:41:47.000+00:00,상품선택: 러닝벨트 / 색상: 블랙 / 사이즈: M,좋습니다 짱이에요,5,1
whee********,2018-10-20T11:21:41.000+00:00,상품선택: 러닝벨트 / 색상: 블랙 / 사이즈: M,너무 좋습니다,5,2
nike******,2018-10-27T00:26:00.000+00:00,상품선택: 러닝벨트 / 색상: 블랙 / 사이즈: M,굿굿굿 달리기하는데 굿구사유뮤마탸도듀쳐다로묘ㅛ쥬어아리우너ㅑ타구조뵾ㅁㅍ누터ㅑㅇ애ㅐ츠거어듀야랴어거러ㅜ거러,5,1
jang*****,2018-10-19T15:02:09.000+00:00,상품선택: 러닝벨트 / 색상: 블랙 / 사이즈: M,느낌이 좋아요,5,1
wkdg*******,2018-10-05T05:47:03.000+00:00,상품선택: 러닝벨트 / 색상: 형광 / 사이즈: M,"좋습니다요 아직 실전에 써보진 않았지만,  왠지 편할거 같아요
많은  분덜이 추천해서 구매했습니다.
ㅎㅎ",4,1
vinc*******,2018-10-20T07:30:54.000+00:00,상품선택: 러닝벨트 / 색상: 블랙 / 사이즈: S,제품 좋아요,5,1
trav*****,2018-10-15T22:31:11.000+00:00,상품선택: 러닝벨트 / 색상: 형광 / 사이즈: S,배송 빠르고 아주 맘에 듭니다,5,1
nu_e***,2018-10-19T13:53:50.000+00:00,상품선택: 러닝벨트 / 색상: 블랙 / 사이즈: M,만족스럽습니다!,5,1
cher******,2018-10-10T06:40:51.000+00:00,상품선택: 러닝벨트 / 색상: 블랙 / 사이즈: S,써보니 좋아요. 운동할때 자유네요,5,1
tjdb*****,2018-10-19T12:38:33.000+00:00,상품선택: 러닝벨트 / 색상: 블랙 / 사이즈: S,운동할때편합니다,5,1
aa10****,2018-10-16T21:05:12.000+00:00,상품선택: 러닝벨트 / 색상: 형광 / 사이즈: L,좋아요 괜찮습니다,5,1
leem***,2018-10-04T10:21:41.000+00:00,상품선택: 러닝벨트 / 색상: 형광 / 사이즈: S,품질은 괜챃은데 아내와 같이 운동하려고 2개 샀는데 제껀 M사이즈가 작네요 남자는 L사이즈는 되어야 할 것 같습니다. 구매에 참고하세요~,4,1
good***,2018-10-21T06:11:09.000+00:00,상품선택: 러닝벨트 / 색상: 블랙 / 사이즈: M,잘 사용할게요~,5,1
gs****,2018-09-24T08:26:23.000+00:00,상품선택: 러닝벨트 / 색상: 블랙 / 사이즈: S,만족합니다. 집 근처에서 러닝할 때 이용하려고 구입했습니다. 팔에 하는 것보다 훨씬 편하고 휴대폰과 이어폰을 넣어 다니기에 어려움이 없습니다. ,5,1
gunp*****,2018-10-18T02:22:34.000+00:00,상품선택: 러닝벨트 / 색상: 블랙 / 사이즈: M,만족합니다,5,1
rmac***,2018-09-30T09:17:34.000+00:00,상품선택: 러닝벨트 / 색상: 블랙 / 사이즈: M,핸드폰이 자리를 잘 못잡아서 튀어나오지만 벨트가 짱짱해서인지 편합니다.ㅎ  좋아요,5,1
hall***,2018-10-01T14:26:01.000+00:00,상품선택: 러닝벨트 / 색상: 블랙 / 사이즈: S,편합니다 항상 런닝할 때 휴대폰때문에 불편했는데 이 제품이 유용하네요 ㅎㅎ 주변 지인에게도 추천했어요ㅎ,5,1
k7gu***,2018-10-03T13:21:42.000+00:00,상품선택: 러닝벨트 / 색상: 블랙 / 사이즈: M,"운동할때 아주 좋습니다
G7도 무난하게 들어가네요
무게감/압박감 전혀 없고.. Good!!!",5,1
cp****,2018-10-08T03:08:05.000+00:00,상품선택: 러닝벨트 / 색상: 블루 / 사이즈: S,편하고 좋아요~ 배송도 빨랐음,5,1
yang******,2018-10-05T00:11:17.000+00:00,상품선택: 러닝벨트 / 색상: 블랙 / 사이즈: S,그런대로 만족해요 암보드는 불편했는데,5,1
kjj2***,2018-10-17T08:12:47.000+00:00,상품선택: 러닝벨트 / 색상: 블랙 / 사이즈: M,만족합니다.,5,11
euns******,2018-10-02T04:06:35.000+00:00,상품선택: 러닝벨트 / 색상: 블랙 / 사이즈: M,ㅎ 배송 빠르고 좋아요ㅎㅎ 마라톤 뛸 때 핸드폰 은근 무거워서 거슬려서 샄ㅅ는데 편하고 좋내요ㅎㅎ,5,1
max7****,2018-10-11T02:29:57.000+00:00,상품선택: 러닝벨트 / 색상: 블랙 / 사이즈: L,착용감 좋고 중심잡기 좋아요,5,1
hunp******,2018-10-15T07:05:16.000+00:00,상품선택: 러닝벨트 / 색상: 블랙 / 사이즈: M,너무 좋습니다~,5,1
07****,2018-10-09T03:31:44.000+00:00,상품선택: 러닝벨트 / 색상: 블랙 / 사이즈: M,선물로 구매했는데 매우 만족해합니다~,5,1
leem***,2018-10-10T20:12:10.000+00:00,상품선택: 러닝벨트 / 색상: 블루 / 사이즈: L,가격대비 매우 만족합니다,5,1
yoch****,2018-08-29T13:53:56.000+00:00,상품선택: 러닝벨트 / 색상: 블랙 / 사이즈: S,"블랙s구매 배송 빨라요.
짱짱해서 폰 등의 소지품들이 안전하게 수납되어서 좋습니다.
착용감은 운동하다보면 까먹을 정도로 편합니다.",4,1
dkst********,2018-10-13T10:52:28.000+00:00,상품선택: 러닝벨트 / 색상: 블랙 / 사이즈: S,평소바지27입고 s편하게 잘맞아요,5,1
jo****,2018-10-12T01:08:23.000+00:00,상품선택: 러닝벨트 / 색상: 블랙 / 사이즈: S,러닝할 때 너무 편하고 좋네요,5,1
kean*****,2018-10-08T05:18:38.000+00:00,상품선택: 러닝벨트 / 색상: 블랙 / 사이즈: M,가격도 저렴하고 물건 상태도 좋고 만족합니다~,5,1
hi****,2018-10-16T04:34:24.000+00:00,상품선택: 러닝벨트 / 색상: 블랙 / 사이즈: M,꽤나 좋네요,5,1
trav*****,2018-10-04T11:03:51.000+00:00,상품선택: 러닝벨트 / 색상: 블랙 / 사이즈: S,"대단히 만족스럽습니다
가족들것도 더 구매하려고 합니다",5,1
love****,2018-10-09T13:11:31.000+00:00,상품선택: 러닝벨트 / 색상: 블랙 / 사이즈: S,아주 좋아요 굿굿굿!!,5,1
resp*****,2018-09-18T01:33:02.000+00:00,상품선택: 러닝벨트 / 색상: 블랙 / 사이즈: L,"좋아요 운동할때 사용하려고 구매했어요
제품질도 좋은거같고 사이즈도 넉넉해서 더 좋은거 같아요 배송도 빨랐습니다",5,1
da****,2018-09-25T03:18:57.000+00:00,상품선택: 러닝벨트 / 색상: 블랙 / 사이즈: S,론데이 런데이할때 사용중인데 이게 잇는거랑 없는거는 정말 다르네용 그리구 여기에 에어팟까지 사용하면 더 좋아요 손이 넘너무 편해요!!!,5,1
syj5***,2018-10-03T16:42:07.000+00:00,상품선택: 러닝벨트 / 색상: 블랙 / 사이즈: S,"진작샀어야 할 제품이네요.
너무편리합니다",5,1
thdt*******,2018-09-15T09:01:22.000+00:00,상품선택: 러닝벨트 / 색상: 블랙 / 사이즈: L,아버지가 암밴드 필요하시다 해서 찾아보다가 이거  시켰는데 가슴에 매고 뛰어도 안떨어진다구 좋아하시네욤 ! 질은 계속 써봐야 알겠지만 지금은 만족합니당,5,1
love********,2018-09-28T14:44:29.000+00:00,상품선택: 러닝벨트 / 색상: 블랙 / 사이즈: M,좋아요ㅎㅎ 고정 잘되고 런닝 좋고 ㅎㅎ만족합니다,5,1
juci***,2018-10-10T13:00:49.000+00:00,상품선택: 러닝벨트 / 색상: 블루 / 사이즈: S,편리하고좋아요,5,1
true******,2018-09-10T05:48:37.000+00:00,상품선택: 러닝벨트 / 색상: 형광 / 사이즈: M,"키175, 몸무게82킬로 저는 개인적으로 m이 잘 맞았습니다. Not to worry!No worries! 핸드폰을 넣고 빠른 걸음으로 산책했습니다. 덜렁거림이 전혀 느껴지지 않았습니다.이런 제품을 찾고 있었는데 잘 산것 같습니다. 개인적인 생각으로 꽉 밀착돼야 덜렁거림이 없기에 저는 허리사이즈 대비 작은 m사이지를 구매했습니다.175에 82키로 정도 나가는데 저는 m이 좋았습니다. 구매하시는 분들 참고하세요",4,1
hotd******,2018-10-11T12:27:56.000+00:00,상품선택: 러닝벨트 / 색상: 블루 / 사이즈: M,만족합니다,5,1
doro******,2018-09-20T14:37:05.000+00:00,상품선택: 러닝벨트 / 색상: 블랙 / 사이즈: S,아주 좋아요! 떨어질까바 걱정했는데 생각보다 안 떨어지고 괜찮은거같아요!,5,1
ub****,2018-10-11T05:54:44.000+00:00,상품선택: 러닝벨트 / 색상: 형광 / 사이즈: S,너무좋아용,5,1
whit*****,2018-10-11T01:38:13.000+00:00,상품선택: 러닝벨트 / 색상: 블랙 / 사이즈: S,감사합니다,5,6
jjhw****,2018-10-09T12:22:45.000+00:00,상품선택: 러닝벨트 / 색상: 블랙 / 사이즈: M,좋아요 재구매함,5,1
k7gu***,2018-10-03T13:24:03.000+00:00,상품선택: 러닝벨트 / 색상: 블랙 / 사이즈: S,"M사이즈 구매 후 너무 편해서
와이프것으로 S사이즈 하나 더 구매했습니다
많이 파세요",5,1
pets******,2018-08-30T16:58:57.000+00:00,상품선택: 러닝벨트 / 색상: 블랙 / 사이즈: M,굿 한 번 사용해봤는데 매우 만족스럽습니다. 사이즈도 안내표따라 사면 잘 맞습니다. 러닝하신다면 필수품!,5,1
akir*****,2018-10-05T07:30:04.000+00:00,상품선택: 러닝벨트 / 색상: 블랙 / 사이즈: S,러닝 시 편하게 사용하기 좋습니다.,5,1
msco***,2018-10-06T10:09:43.000+00:00,상품선택: 러닝벨트 / 색상: 블랙 / 사이즈: S,사용하기 편하고 좋습니다,5,1
jkpj*****,2018-10-09T20:54:52.000+00:00,상품선택: 러닝벨트 / 색상: 블랙 / 사이즈: M,너무좋아요,5,3
core*****,2018-10-08T11:57:58.000+00:00,상품선택: 러닝벨트 / 색상: 블랙 / 사이즈: S,운동할때 쓸려고 샀어요,5,1
ghtj******,2018-10-10T04:00:47.000+00:00,상품선택: 러닝벨트 / 색상: 블랙 / 사이즈: M,만족합니다.,5,1
2003****,2018-09-11T13:11:46.000+00:00,상품선택: 러닝벨트 / 색상: 형광 / 사이즈: S,만족합니다. 자전거 타거나 러닝 하는데 차고 다니면 편해요. 크게 불편함없이 1시간 뛰었어요. 단 땀이 많으면 땀이 찰수 있다는거 그건 어딜 차나 똑같은거 같고,5,1
batt*****,2018-10-11T04:35:26.000+00:00,상품선택: 러닝벨트 / 색상: 블랙 / 사이즈: M,좋습니다요,5,3
batt*****,2018-10-11T04:35:26.000+00:00,상품선택: 러닝벨트 / 색상: 블랙 / 사이즈: S,좋습니다요,5,1
hyun******,2018-10-27T06:25:31.000+00:00,상품선택: 러닝벨트 / 색상: 블랙 / 사이즈: M,구우우웃 달리기할때 구우우웃 착용감도 구우우웃 수납공간도 구우우웃 그냥 구우우웃 50자까지 구우우웃,5,1
lega******,2018-10-11T02:33:57.000+00:00,상품선택: 러닝벨트 / 색상: 블랙 / 사이즈: L,"잘 쓸게요~
",5,1
publ******,2018-09-20T06:54:19.000+00:00,상품선택: 러닝벨트 / 색상: 블랙 / 사이즈: S,거추장스러운게 없어졌다. 핸드폰 들고뛰는게 보통일이 아니다.. 뛰어본사람은 안다 이게 얼마나 짜증나는지 음악은 안들을수 없고 답답했는대 이거 하나로 모든게 해결이 됐다. 많이 파세여.,5,1
mi****,2018-10-04T01:58:09.000+00:00,상품선택: 러닝벨트 / 색상: 블랙 / 사이즈: L,배송도 빠르고만족합니다,5,1
dark****,2018-10-04T07:41:54.000+00:00,상품선택: 러닝벨트 / 색상: 블랙 / 사이즈: M,제품 좋아요 추천합니다,5,1
kf****,2018-10-06T14:57:15.000+00:00,상품선택: 러닝벨트 / 색상: 형광 / 사이즈: M,완전매우만족,5,1
zoom****,2018-10-29T12:20:24.000+00:00,상품선택: 러닝벨트 / 색상: 블랙 / 사이즈: M,빠른배송굿굿,5,1
leem***,2018-10-04T10:18:37.000+00:00,상품선택: 러닝벨트 / 색상: 블랙 / 사이즈: M,생각보다 괜찮습니다,5,1
chon********,2018-10-04T06:56:34.000+00:00,상품선택: 러닝벨트 / 색상: 블랙 / 사이즈: M,빠른 배송 감사합니다 ,5,1
zz****,2018-10-07T01:16:23.000+00:00,상품선택: 러닝벨트 / 색상: 블랙 / 사이즈: M,잘 쓰겠습니다.,3,1
jsfi******,2018-09-10T08:06:32.000+00:00,상품선택: 러닝벨트 / 색상: 블랙 / 사이즈: S,달리면서 노래듣기 좋아요 1766 / 70 입니다 s 샀는데 약간 조이는 느낌 있으면서 괜찮아요핸드폰 넣고 뛰어도 흔들리지 않아요 진짜 만족스럽습니다,5,1
lk****,2018-10-08T08:03:24.000+00:00,상품선택: 러닝벨트 / 색상: 블랙 / 사이즈: M,배송빠르네요,5,1
leem***,2018-10-04T10:18:37.000+00:00,상품선택: 러닝벨트 / 색상: 형광 / 사이즈: S,생각보다 괜찮습니다~,5,1
hanl***,2018-10-07T08:47:07.000+00:00,상품선택: 러닝벨트 / 색상: 블랙 / 사이즈: L,만족합니다.,5,1
ctas***,2018-09-09T23:19:26.000+00:00,상품선택: 러닝벨트 / 색상: 블랙 / 사이즈: S,"좋네요 가격대비 만족합니다 
타사꺼 알아보다가 너무 비싸서 이거 샀는데 
만족해요 
사이즈는 한사이즈 작은거 사는걸 추천드립니다",5,1
asia******,2018-09-06T13:11:56.000+00:00,상품선택: 러닝벨트 / 색상: 블랙 / 사이즈: L,받자마자 바로 차고 뛰어봤는데 걸리적거리지도 않고 수납하기도 편해요제 폰이 v20이라 크기가 어마어마한데도 잘들어가네요골반에 맞춰서 착용하면 뛸때 딱붙어서 흔들림도 없구요오늘 받자마자 동네를 미친듯이 뛰어 다녔네요그리고선 없는 블루투스 이어폰이랑 궁합 최곱니다!,5,1
kp****,2018-10-04T23:18:54.000+00:00,상품선택: 러닝벨트 / 색상: 블랙 / 사이즈: L,두번째 구매 정말 편하네요,5,1
100j*****,2018-10-01T01:49:06.000+00:00,상품선택: 러닝벨트 / 색상: 블랙 / 사이즈: S,만족합니다 좀더 써보겠습니다,5,1
kp****,2018-10-04T23:18:54.000+00:00,상품선택: 러닝벨트 / 색상: 블루 / 사이즈: M,두번째 구매 정말 편해요,5,1
glee****,2018-10-03T15:42:13.000+00:00,상품선택: 러닝벨트 / 색상: 블랙 / 사이즈: S,제품 잘 받았습니다 잘 쓸게요,5,1
sk****,2018-10-05T10:28:01.000+00:00,상품선택: 러닝벨트 / 색상: 블랙 / 사이즈: S,만족합니다,5,1
pets******,2018-08-30T17:04:07.000+00:00,상품선택: 러닝벨트 / 색상: 블랙 / 사이즈: L,라지 사진은 미듐이지만 라지 사이즈 남성한테 잘 맞습니다. 손에 주머니에 물건 넣기 싫어하시는 분이 있다면 굳이 러닝용 아니어도 추천합니다.,5,1
y1****,2018-09-10T06:59:43.000+00:00,상품선택: 러닝벨트 / 색상: 블랙 / 사이즈: L,"배송 빨랐구요
아침에 런닝할때 팔에하는 밴드 착용했는데
핸드폰 크기와도 안맞고, 팔 한쪽에 균형적인 측면도 있어서
벨트로 구입햇습니다..
하루 사용해봤는데 괜찮네요..",5,1
fhwm*****,2018-09-30T23:29:08.000+00:00,상품선택: 러닝벨트 / 색상: 블랙 / 사이즈: S,"배송도 빠르고 제품도 너무 만족합니다! 
",5,1
khs7***,2018-09-15T11:26:08.000+00:00,상품선택: 러닝벨트 / 색상: 형광 / 사이즈: S,빠른배송과 컬러 예뻥요 초등학생아이도착용했어요 편리합니더. 런닝할때 손이 자유로워서 참좋아용 다른색도 구매할게요~~,5,1
shin******,2018-09-14T21:57:34.000+00:00,상품선택: 러닝벨트 / 색상: 블랙 / 사이즈: S,^^ 아빠 운동하실때 하시라고 선물로 사드렸는데 잘 하고 다니시진 않아요 배송은 빠르고 만족합니다~^^,3,1
shtn*******,2018-10-03T14:33:55.000+00:00,상품선택: 러닝벨트 / 색상: 블랙 / 사이즈: S,조깅용으로 최곱니다,5,1
aa****,2018-10-11T02:18:58.000+00:00,상품선택: 러닝벨트 / 색상: 블랙 / 사이즈: S,좋습니ㅏㄷ요,5,1
bono********,2018-09-10T01:43:01.000+00:00,상품선택: 러닝벨트 / 색상: 블랙 / 사이즈: S,추천은 합니다 지퍼로 잘못보고 구매했네요그래도 물건은 안내려오고 좋아요다만 골반 조금 아래쪽에 착용해야 할것같아요허리로 자꾸 올라오더라구요,3,1
lady****,2018-09-14T08:07:27.000+00:00,상품선택: 러닝벨트 / 색상: 블랙 / 사이즈: M,허리 28사이즈 바지 입는데 s 너무 낍니다. 남편은 32 사이즈 입는데 m이 작아서 다른 걸로 또 샀어요. 사람마다 다르겠지만 사이즈 좀 넉넉하게 사는게 좋겠어요. ,3,1
ce****,2018-10-03T12:47:01.000+00:00,상품선택: 러닝벨트 / 색상: 형광 / 사이즈: S,사이즈 딱 좋네요 ㅎㅎㅎ ,5,1
gl****,2018-09-13T09:36:08.000+00:00,상품선택: 러닝벨트 / 색상: 블랙 / 사이즈: S,추천 친구가 사용하는거 보고 주문했는데 편하니 좋네요배송도 빠르게 가격도 저렴하고 핸드로 들고 뛰기 힘들었는데 딱좋은 상품 발견해서 좋아요,5,1
s2jl******,2018-09-19T06:58:58.000+00:00,상품선택: 러닝벨트 / 색상: 블랙 / 사이즈: S,런닝벨트 너무 좋아요! 헤어밴드는 저한테 조금 큰거 같아요. ,5,1
wkdg*******,2018-10-05T05:45:56.000+00:00,상품선택: 러닝벨트 / 색상: 형광 / 사이즈: M,좋습니다요,5,1
qhru***,2018-09-19T12:50:26.000+00:00,상품선택: 러닝벨트 / 색상: 블랙 / 사이즈: S,"개꿀입니다 하프 21k 1시간45분 러너입니다
쪼임없고 전혀안불편합니다
뛰다보면낀지도까먹을정도 강추입니다",4,1
blue******,2018-10-02T06:11:08.000+00:00,상품선택: 러닝벨트 / 색상: 블랙 / 사이즈: S,만족합니다,5,1
sara*****,2018-10-04T08:09:16.000+00:00,상품선택: 러닝벨트 / 색상: 블랙 / 사이즈: S,배송빨라요,5,3
dusr******,2018-09-07T00:45:19.000+00:00,상품선택: 러닝벨트 / 색상: 블랙 / 사이즈: M,"오 솔직히 반신 반의로 샀는데 괜찮은거 같아요
다 괜찮은데 비오거나 땀흘리면 그대로 흡수해요 
이거빼고 다 좋아여
허리 28에 스몰 첨에 쪼이나 햇는데 그냥 레깅스처럼 편해요",5,1
rk****,2018-10-29T07:56:47.000+00:00,상품선택: 러닝벨트 / 색상: 블랙 / 사이즈: M,ㅇㄹ너ㅏㅣㅇㄹ너ㅏㅣㄹㅇ니ㅓㅏㅇㄹ니ㅓㅏㅇㄴ리ㅏㅓㅣㅏㄴ어,5,1
heoj***,2018-10-03T20:51:39.000+00:00,상품선택: 러닝벨트 / 색상: 블랙 / 사이즈: S,잘 산거 같아요!,5,1
ssjj****,2018-09-12T09:52:48.000+00:00,상품선택: 러닝벨트 / 색상: 형광 / 사이즈: M,신랑이랑 같이 샀어요 쫀쫀하니 잘 늘어나고 핸드폰 차키 등등 다 넣고 조깅했어요 아주 맘에 들어요! ,5,1
jtlw*****,2018-09-14T09:24:12.000+00:00,상품선택: 러닝벨트 / 색상: 블랙 / 사이즈: M,"아직사용은 안해봤지만 후기가 좋아서 샀어요 
써보고 좋으면 또살께용",5,1
susi*****,2018-10-02T15:03:13.000+00:00,상품선택: 러닝벨트 / 색상: 블랙 / 사이즈: S,배송 빠르네요,5,2
ji****,2018-09-30T06:44:27.000+00:00,상품선택: 러닝벨트 / 색상: 블랙 / 사이즈: S,운동할때 신세계네요,5,1
haha******,2018-09-30T05:44:15.000+00:00,상품선택: 러닝벨트 / 색상: 블랙 / 사이즈: M,너무좋아요,5,1
jws5***,2018-09-07T05:24:44.000+00:00,상품선택: 러닝벨트 / 색상: 블랙 / 사이즈: M,골반에 딲 들아맞고 좋습니다.  골반에 딱맞습니다. 사이즈 써있는대로 입으세요 ㅎㅎ 색상도 좋고 핸드폰 지갑 카드도 있어서 불편함 없이 사용 가능합니다.,5,1
y_sc*****,2018-10-03T21:25:43.000+00:00,상품선택: 러닝벨트 / 색상: 블랙 / 사이즈: M,굿굿 가성 갑!!^^,5,1
ssjj****,2018-09-12T09:52:48.000+00:00,상품선택: 러닝벨트 / 색상: 블랙 / 사이즈: L,배송도 빠르고 좋습니다 신랑이랑 같이 구매했는데 조깅할때 등산할때 다 유용해요 강력추천! ㅠㅠ ,5,1
euns******,2018-10-02T04:03:39.000+00:00,상품선택: 러닝벨트 / 색상: 블루 / 사이즈: S,넘좋아요~ㅎ,5,1
tjwu*****,2018-09-10T07:08:22.000+00:00,상품선택: 러닝벨트 / 색상: 블랙 / 사이즈: S,적극추천 운동할때 핸드폰 들고 뛰기가 너무 번거로워서 구매했어요. 이어폰 카드 핸드폰 립밤 다들어가네요,5,1
heyy*****,2018-09-09T06:05:07.000+00:00,상품선택: 러닝벨트 / 색상: 블랙 / 사이즈: M,추천합니다. 허리 평소 32인치입니다. M사이즈 딱 맞았습니자. 엘지 g6하나 넣고 5키로 런닝했는데 불편함도 없었습니다. 추천합니다.,5,1
dhkd******,2018-09-17T14:01:58.000+00:00,상품선택: 러닝벨트 / 색상: 형광 / 사이즈: M,짱짱한 탄력이 마음에 듭니다. 허리 29~30정도인데사이즈 m 좋습니다.,5,1
euns******,2018-10-02T04:05:34.000+00:00,상품선택: 러닝벨트 / 색상: 블랙 / 사이즈: M,좋아요~ㅎ,5,1
shad******,2018-09-23T14:55:57.000+00:00,상품선택: 러닝벨트 / 색상: 블랙 / 사이즈: S,아직 안써봤지만 잘 쓸께요,5,1
kwon****,2018-09-05T04:07:22.000+00:00,상품선택: 러닝벨트 / 색상: 형광 / 사이즈: M,만족합니다 러닝벨트만 있음 어디라도 스마트폰 노래틀구 뛸수있어요 러닝벤트 너무편하고좋아요 모두사세요!!,5,1
dhkd******,2018-09-17T14:01:58.000+00:00,상품선택: 러닝벨트 / 색상: 블랙 / 사이즈: M,허리 29에 M사이즈 좋네요!! 마음에 듭니다.,5,1
yang****,2018-09-21T05:54:49.000+00:00,상품선택: 러닝벨트 / 색상: 블루 / 사이즈: L,달리기할때 항상 뭔가 들고 다니기 귀찮았는데 좋네요,5,1
wosi****,2018-09-05T00:37:44.000+00:00,상품선택: 러닝벨트 / 색상: 블랙 / 사이즈: S,아주좋습니다 아주 좋습니다 달리기할때 폰이 주머니에서 너무 덜렁거려서 삿는데요 달리기할때 아주 편하네요 174/63인데 s사이즈 타이트하게 딱맞네용!!,5,1
broc****,2018-09-14T08:37:08.000+00:00,상품선택: 러닝벨트 / 색상: 블랙 / 사이즈: M,좀 거칠게 달려도 폰이 전혀 안흔들리네요~ 좋아요!,5,1
woos*******,2018-09-15T12:26:28.000+00:00,상품선택: 러닝벨트 / 색상: 블랙 / 사이즈: M,좋아요~ 짱짱하구 아이폰8+ 잘 들어갑니당,5,1
publ******,2018-09-20T06:51:58.000+00:00,상품선택: 러닝벨트 / 색상: 블랙 / 사이즈: S,짱짱하다~ 이제 맘편히 음악들으면서 달릴수 있겠다,5,1
ha****,2018-09-05T07:18:06.000+00:00,상품선택: 러닝벨트 / 색상: 블랙 / 사이즈: M,"허리 3 2 블랙 m 샀어요 플립벨트 정품은 비싸서 이거 샀는데 
굳이 그거안사도 이거로 충분할거같아요
가성비 굿굿이에요",5,1
da****,2018-09-25T03:17:40.000+00:00,상품선택: 러닝벨트 / 색상: 블랙 / 사이즈: S,정말 좋아요,5,1
dalb****,2018-09-16T11:43:16.000+00:00,상품선택: 러닝벨트 / 색상: 블루 / 사이즈: L,만족합니다. 좋아요.,5,1
s8****,2018-09-25T08:45:59.000+00:00,상품선택: 러닝벨트 / 색상: 블랙 / 사이즈: S,"
만족합니다",5,1
glee****,2018-09-19T05:16:22.000+00:00,상품선택: 러닝벨트 / 색상: 블랙 / 사이즈: S,배송 빠르고 제품도 맘에 듭니다,5,1
ehdd***,2018-10-14T00:37:40.000+00:00,상품선택: 러닝벨트 / 색상: 블랙 / 사이즈: M,조아요조아 ,3,1
toda*******,2018-10-16T11:47:13.000+00:00,상품선택: 러닝벨트 / 색상: 블랙 / 사이즈: S,무난무난함당,5,1
cs****,2018-09-24T21:56:14.000+00:00,상품선택: 러닝벨트 / 색상: 블랙 / 사이즈: S,좋아요 최고!! 간편해요,5,1
jaek*******,2018-09-16T14:06:56.000+00:00,상품선택: 러닝벨트 / 색상: 블랙 / 사이즈: S,배송 빨라요 물건도 좋아요,5,1
leer****,2018-08-24T12:33:54.000+00:00,상품선택: 러닝벨트 / 색상: 블랙 / 사이즈: S,만족 핸드폰을 들고 뛰는게 불편해서 구입했었는데 만족스럽습니다.박음질도 좋았습니다.계속 착용하면서 늘어나는 건 아무래도 처음과는 좀 차이가 나지만 적당히 제 몸에 맞게 늘어나는 정도입니다.,5,1
dh****,2018-09-03T06:29:13.000+00:00,상품선택: 러닝벨트 / 색상: 블랙 / 사이즈: M,"플립벨트 굿! 아빠가 마라톤할때 필요하다고해서 주문했는데 암밴드보다 이게 더 좋다고 하시네요ㅎㅎ
배송도 빨라서 굿굿!!",5,1
edae******,2018-08-24T07:40:25.000+00:00,상품선택: 러닝벨트 / 색상: 블랙 / 사이즈: S,굿입니다. 배송도 다음날 도착했고허리가 30좀 안되는데 S 딱맞아서 너무 만족합니다아이폰을 넣었는데 양쪽으로 빠져나오지 않을까 걱정했는데흔들림없고 러닝시에 불편함을 확실히 줄여줘서만족합니다,5,1
kyk6***,2018-09-19T08:31:50.000+00:00,상품선택: 러닝벨트 / 색상: 블랙 / 사이즈: S,자크가 없는 건 그래도 뭔가 불안해요,5,1
wldh****,2018-09-03T07:58:36.000+00:00,상품선택: 러닝벨트 / 색상: 블랙 / 사이즈: L,"좋습니다 타 제품은 써보진 않았지만
생애 첫 마라톤 한다고 구입하여서
어제 총 30키로 가량 뛰고 걷고 했는데
이물감도 전혀 안느껴지고 편했네요
저렴한 가격에 잘 산것 같습니다",5,1
youj***,2018-09-20T06:57:56.000+00:00,상품선택: 러닝벨트 / 색상: 형광 / 사이즈: M,상품도 좋고 배송도 빠르네요~,5,1
aahn****,2018-09-02T02:48:22.000+00:00,상품선택: 러닝벨트 / 색상: 블랙 / 사이즈: S,"좋아요 배송도 빠르고 저렴하게 구입했네요~
6개고 색도 3개가있어서 다양하게 돌려쓰기좋을거같아요ㅎㅎㅎ",5,1
da****,2018-09-23T04:46:35.000+00:00,상품선택: 러닝벨트 / 색상: 블랙 / 사이즈: L,만족합니다.,5,1
lka6***,2018-09-04T08:01:41.000+00:00,상품선택: 러닝벨트 / 색상: 블랙 / 사이즈: S,좋아요 좋아요좋아요 잘쓰고있어요 졸아요 좋아요 좋아요 좋아요 좋아요 좋아요 죻아요 좋아요 좋아요ㅇ,5,1
egot***,2018-09-01T14:08:40.000+00:00,상품선택: 러닝벨트 / 색상: 블랙 / 사이즈: M,좋아요 우선 배송 빠르구요 무엇보다 암밴드보다 걸리적 거리는게 없어서 좋은 것 같습니다 가격 역시 착해서 부담 없구요!,5,1
khs7***,2018-08-31T16:15:29.000+00:00,상품선택: 러닝벨트 / 색상: 형광 / 사이즈: S,빠른배송 좋아용~형광색 이뻐요. 벨트가 두꺼워서 조금 덥긴하지만 그 덕에 단단하게 고정하네요...가격대비 굿입니다.,5,1
frem********,2018-09-18T01:54:21.000+00:00,상품선택: 러닝벨트 / 색상: 블랙 / 사이즈: S,잘 받았습니다. s사이즈는 조금 타이트 하네요,5,1
31****,2018-09-17T14:04:56.000+00:00,상품선택: 러닝벨트 / 색상: 블랙 / 사이즈: S,여자고 허리둘레 엄청난데 스몰 잘맞아요 ,5,1
pkyo****,2018-10-09T13:19:39.000+00:00,상품선택: 러닝벨트 / 색상: 블랙 / 사이즈: S,좋아요좋아요,5,1
etoi****,2018-09-01T06:22:29.000+00:00,상품선택: 러닝벨트 / 색상: 블랙 / 사이즈: S,"편합니다 반신반의하며 사봤는데 정말 편하네요! 다만 폰이 커서 그런지 옆으로 한번씩 빠져나오는 느낌이 드는데, 그래도 완전히 빠지진 않습니다.",5,1
ekru*****,2018-08-26T03:15:06.000+00:00,상품선택: 러닝벨트 / 색상: 블랙 / 사이즈: S,깔끔 운동할때 쓰라고 선물용으로 구입했어요 여자는 대부분 s하면 딱좋을듯요 지퍼형식은 아니고 바지처럼 입어야하네요 지퍼형식이 더 편하긴 할거같아요 지퍼가없는게 조금 아쉬워요,4,1
joow****,2018-09-18T01:05:57.000+00:00,상품선택: 러닝벨트 / 색상: 블랙 / 사이즈: M,노트9도 들어갑니다 좋아요,5,1
dusr******,2018-09-07T00:45:19.000+00:00,상품선택: 러닝벨트 / 색상: 블랙 / 사이즈: S,스몰은 제가 하고 미듐은 선물했는데 되게 편하다고 좋아합니다 어제 런할때 썼는데 흘러내림 없이 잘하고 왓어여 손도 편하고 ,5,1
rest********,2018-08-28T14:09:32.000+00:00,상품선택: 러닝벨트 / 색상: 블랙 / 사이즈: S,"사진이랑똑같아요 암밴드사려다 대신샀는데 잘한거같아요 색상은 무난하게 검정샀는데, 받고보니 너무 무난해서 형광샀었어도 좋았을뻔했네요 ^^ ",5,1
2003****,2018-09-11T13:10:59.000+00:00,상품선택: 러닝벨트 / 색상: 형광 / 사이즈: S,"만족합니다. 좋아요
",5,1
youj***,2018-09-20T06:57:56.000+00:00,상품선택: 러닝벨트 / 색상: 블랙 / 사이즈: L,배송도 빠르고 상태도 좋습니다~,5,1
swj7***,2018-09-07T23:42:17.000+00:00,상품선택: 러닝벨트 / 색상: 블랙 / 사이즈: S,생각하던 모습대로 잘 맞네요 닳을때까진 쓸거같습니다.,5,1
blue******,2018-09-19T06:36:13.000+00:00,상품선택: 러닝벨트 / 색상: 형광 / 사이즈: M,만족합니다,5,1
dean*****,2018-08-22T02:23:28.000+00:00,상품선택: 러닝벨트 / 색상: 블랙 / 사이즈: L,괜찮습니다. 땀 많이 차거나 답답하지 않을까 걱정했는데 괜찮네요.배가 좀 찬편인데 운동을 해서인지 이 제품 덕분인지 조금 나아지기도 했구요.이제는 뭐 넣을게 없어도 운동할때 꼭 착용합니다.,4,1
pett*****,2018-09-21T15:28:54.000+00:00,상품선택: 러닝벨트 / 색상: 블랙 / 사이즈: L,아직 안써보,3,1
5451***,2018-09-13T22:20:44.000+00:00,상품선택: 러닝벨트 / 색상: 블랙 / 사이즈: M,여행용으로 사봤어요. 신기하네요.,5,1
an87****,2018-09-10T13:30:27.000+00:00,상품선택: 러닝벨트 / 색상: 블랙 / 사이즈: M,"잘받아서 사용중입니다
물건 안빠지고 안내려가고 좋아요",5,1
mali****,2018-08-30T06:19:38.000+00:00,상품선택: 러닝벨트 / 색상: 블랙 / 사이즈: S,한강 워킹할때 애용 갤럭시 노트 사이즈도 들어갑니다. 아주 편하구요 갈비뼈 밑에 놓고 크롭탑 입으면 그냥 안입은 것 같아요.,5,1
ekru*****,2018-08-26T03:16:18.000+00:00,상품선택: 러닝벨트 / 색상: 형광 / 사이즈: S,형광색이 예뻐요 첨엔 깔끔한 블랙 하려다가 지인선물로 형광같이시켰는데 받고보니 형광이 더예뻐서 블랙을 선물줬어요 ㅋㅋ 다 좋은데 지퍼형식이 아니고 바지처럼 입어야해서 그게조금 불편하네요,4,1
ange*****,2018-09-18T03:15:17.000+00:00,상품선택: 러닝벨트 / 색상: 블랙 / 사이즈: S,만족합니다,5,1
gr****,2018-08-22T09:33:23.000+00:00,상품선택: 러닝벨트 / 색상: 형광 / 사이즈: M,"진작에 왜 안샀나 싶어 반포지구쪽 한강을 걷다가 생각을 했지

아 날도 청명하고 선선해졌으니 뜀박질을 하면서 서울의 소울을 즐겨보자

그래서 구입한 플립벨트

차키와 폰 걸리적거리는 건 다 허리춤에 차고 가볍게 뛴다

물건 받아보니 소재도 가볍고 쫀쫀 

더욱이 즐거운 러닝이 되겠구나

서울의 소울을 즐기자 한강런닝 가즈아",5,1
oys7******,2018-09-14T23:53:28.000+00:00,상품선택: 러닝벨트 / 색상: 블랙 / 사이즈: M,좋아요.아주좋아요.,5,1
jws5***,2018-09-07T05:23:57.000+00:00,상품선택: 러닝벨트 / 색상: 블랙 / 사이즈: M,사이즈 너무 좋습니다. 골반에 따 들어맞고 좋습니다.,5,1
tlad*****,2018-09-19T07:00:53.000+00:00,상품선택: 러닝벨트 / 색상: 블랙 / 사이즈: S,잘 받았습니다,5,1
tlad*****,2018-09-19T07:00:53.000+00:00,상품선택: 러닝벨트 / 색상: 블랙 / 사이즈: M,잘 받았습니다,5,1
ps12****,2018-09-14T00:32:04.000+00:00,상품선택: 러닝벨트 / 색상: 블랙 / 사이즈: M,배송이 빠르며 물건의 품질이 매우 우수합니다.,5,1
soul******,2018-08-25T16:06:07.000+00:00,상품선택: 러닝벨트 / 색상: 블랙 / 사이즈: M,"쓸만합니다 가격대비 타 상품보다 쓸만하네요
러닝할때. 핸드폰 담을게 필요했는데. 만족합니다. 번창하세요",4,1
gopa*****,2018-09-08T20:23:56.000+00:00,상품선택: 러닝벨트 / 색상: 블랙 / 사이즈: S,"혹시나 해서 작은걸 구매했는데 한 치수 작은걸 구매해야 
좀 늘어나도 쓸 수 있을 것 같아요~",5,1
resp*****,2018-09-18T01:31:48.000+00:00,상품선택: 러닝벨트 / 색상: 블랙 / 사이즈: L,"만족합니다
",5,1
gr****,2018-08-22T09:31:12.000+00:00,상품선택: 러닝벨트 / 색상: 형광 / 사이즈: M,"오~ 쫀쫀하고 좋규여.
근데 오픈포켓이라 차키는 새어나갈수도 있겠는데? 
하지만 허리가 동그래서 그럴 확률은 적을 것 같음.
물건 좋네요. 한강 핵런닝 가즈아.",5,1
cotb****,2018-09-04T17:30:45.000+00:00,상품선택: 러닝벨트 / 색상: 블랙 / 사이즈: S,"잉단 일단 한번 시착해 보기는 했는데
나쁘지는 않이여
단 같이 구매한 헤어밴드는 너무 커서 엄청 많이 남아요ㅠㅠㅠ돈아깝",5,1
kk70***,2018-09-12T01:33:53.000+00:00,상품선택: 러닝벨트 / 색상: 블랙 / 사이즈: S,"매우 만족합니다
달릴때 편해요",5,2
kk70***,2018-09-12T01:33:53.000+00:00,상품선택: 러닝벨트 / 색상: 형광 / 사이즈: M,"매우 만족합니다
달릴때 편해요",5,1
su****,2018-09-17T03:40:36.000+00:00,상품선택: 러닝벨트 / 색상: 블랙 / 사이즈: S,너무 좋아요~,5,1
dard***,2018-08-24T09:06:32.000+00:00,상품선택: 러닝벨트 / 색상: 블랙 / 사이즈: M,"비슷한 제품 많던데 어떨지 몰라 저렴한편인 이친구를 구입했는데 좋네요 좋은제품 저렴하게 잘 구입했습니다
말리는것도 없고 짱짱한데 신축성도 좋고 뛸때 넘나 신세계쓰. ",5,1
0119*******,2018-09-20T12:14:32.000+00:00,상품선택: 러닝벨트 / 색상: 블랙 / 사이즈: S,아직 착용은..,3,1
iw****,2018-09-04T07:00:32.000+00:00,상품선택: 러닝벨트 / 색상: 블랙 / 사이즈: M,"빠른 배송에 만족합니다 
부드러운 재질로 시착만했을때 답답함이 없습니다 
",5,1
inth****,2018-09-15T08:54:31.000+00:00,상품선택: 러닝벨트 / 색상: 블랙 / 사이즈: M,아주좋아요,5,1
heyy*****,2018-09-09T06:03:41.000+00:00,상품선택: 러닝벨트 / 색상: 블랙 / 사이즈: M,런닝할때 어떤 불편함도 없었습니다,5,1
shee****,2018-09-14T07:50:10.000+00:00,상품선택: 러닝벨트 / 색상: 블랙 / 사이즈: S,운동할때 편하고 좋네요,5,1
shee****,2018-09-14T07:50:10.000+00:00,상품선택: 러닝벨트 / 색상: 블랙 / 사이즈: M,운동할때 편하고 좋네요~,5,1
ieew*****,2018-09-03T23:21:38.000+00:00,상품선택: 러닝벨트 / 색상: 블랙 / 사이즈: L,내가 배에 찻나 싶을정도로 런닝할때 너무 편합니다 강추합니다.,5,1
kocs****,2018-08-22T04:05:35.000+00:00,상품선택: 러닝벨트 / 색상: 블랙 / 사이즈: L,"런닝할때 스마트폰 휴대가 불편했는데 벨트에 넣고하니 편하고 좋네요.. 휴대폰을 휴대한지 모를정도로 ..
단지 운동하고 나면 땀이 많이 차고 빨았을때 마르는데 시간이 오래ㅜ걸리네요",5,1
flic****,2018-09-14T03:38:47.000+00:00,상품선택: 러닝벨트 / 색상: 블랙 / 사이즈: M,뛸때 좋을듯 합니다,5,1
lalu****,2018-08-31T07:58:07.000+00:00,상품선택: 러닝벨트 / 색상: 블랙 / 사이즈: M,여행가서 복대대용으로 쓰려고 구매했어요. 좋네요. 골반있는 55~마른 66인데 스몰사도 될 뻔 했어요.:),5,1
st****,2018-09-13T04:50:58.000+00:00,상품선택: 러닝벨트 / 색상: 형광 / 사이즈: L,좋아요너무,5,2
jjhw****,2018-09-13T04:48:35.000+00:00,상품선택: 러닝벨트 / 색상: 블랙 / 사이즈: M,최고의 제품,5,1
gkse******,2018-09-14T07:53:40.000+00:00,상품선택: 러닝벨트 / 색상: 블랙 / 사이즈: L,만족합니다.,5,1
ws****,2018-09-14T09:41:01.000+00:00,상품선택: 러닝벨트 / 색상: 블랙 / 사이즈: M,와우 너무편해요,5,1
miya****,2018-09-03T07:08:17.000+00:00,상품선택: 러닝벨트 / 색상: 블랙 / 사이즈: S,손이 자유롭고 쫀쫀한게 운동할때 넘넘 편하고 좋아요,5,1
heys***,2018-08-28T13:59:29.000+00:00,상품선택: 러닝벨트 / 색상: 블랙 / 사이즈: M,"비가와서  아직 사용은 못해보았지만 짱짱하고 좋네요
노트8 젤리케이스 상태로도 잘들어가고,흔들림 없이 좋아요 ~~",4,1
kocs****,2018-08-22T04:05:35.000+00:00,상품선택: 러닝벨트 / 색상: 블랙 / 사이즈: M,"런닝할때 스마트폰이 늘 거추장 스러웠는데 벨트하고 뛰어보니 스맛폰이 없는듯한 느낌.. ㅎㅎ 좋아요
그런데 땀이 많이 차고 빨았을때 마르는데 시간이 오래 걸리는듯 ㅡㅡ 가격대비 괜찮",5,1
cand******,2018-08-31T09:29:40.000+00:00,상품선택: 러닝벨트 / 색상: 블랙 / 사이즈: S,"가성비 좋다고 하길래 사봤어요, 아직 착용은 안해봐서 모르겠네요! ",5,1
asia******,2018-09-06T13:08:18.000+00:00,상품선택: 러닝벨트 / 색상: 블랙 / 사이즈: L,오늘 받자마자 동네 한바퀴 뛰고 왔습니다 좋네요,5,1
ring******,2018-08-24T15:05:30.000+00:00,상품선택: 러닝벨트 / 색상: 형광 / 사이즈: L,좋습니다 맨날  런닝할때 차키때문에 불편했는데 이젠 여기다가 넣고다니면 편하겠어요  파워젤도 핸드폰도 좋네요,5,1
kbj8***,2018-09-11T04:56:55.000+00:00,상품선택: 러닝벨트 / 색상: 블랙 / 사이즈: S,런닝의 필수품이네요,5,1
br****,2018-09-03T09:59:33.000+00:00,상품선택: 러닝벨트 / 색상: 블랙 / 사이즈: S,좋아요 빨리 뛰고싶다,5,1
dard***,2018-08-24T09:06:32.000+00:00,상품선택: 러닝벨트 / 색상: 블랙 / 사이즈: S,"러닝할때 쓰려고 샀는데 엄청 좋아요 
핸드폰 주머니 덜렁거리는 느낌적느낌 1도 없고 넘나 착붙",5,1
hwai***,2018-09-09T22:38:28.000+00:00,상품선택: 러닝벨트 / 색상: 블랙 / 사이즈: M,"배송도 빠르고 아주 굿입니다
",5,1
okfe******,2018-09-13T11:55:53.000+00:00,상품선택: 러닝벨트 / 색상: 블랙 / 사이즈: M,잘받았어요,5,7
kocs****,2018-08-22T04:10:36.000+00:00,상품선택: 러닝벨트 / 색상: 블랙 / 사이즈: M,"좋아요 상품이상없이 잘받았고 배송도 빠르게 잘 받았어요~
착용감도 좋고 간편하고 좋아요~~추천합니다",4,1
tman****,2018-07-14T07:11:36.000+00:00,상품선택: 러닝벨트 / 색상: 블랙 / 사이즈: M,괜찮습니다 요즘 8키로씩 러닝을 하고있습니다노래도 듣고 러닝 기록도 해야해서 핸드폰을 들고 가는데 날씨까지 더우니 땀닦으랴 손수건에 핸드폰에 손에 들고 뛰기 힘들었습니다이래저래 알아보다 플립 벨트를 알게됐고 외국제품은 가격이 좀 있어서 이제품을 써보자해서 주문했습니다 일단 사이즈는 맞습니다 핸드폰 넣어봐도 떨어질일은 없을꺼 같구요 이따가 실제로 달려봐야 알겠지만 저처럼 핸드폰 들고 뛰는 분들에게 좋은 선택이 아닐까 생각됩니다,4,1
hois*****,2018-08-19T07:17:11.000+00:00,상품선택: 러닝벨트 / 색상: 블랙 / 사이즈: M,좋아요 확실히 주머니에 넣고 달릴때보다 편하고 덜렁거림이 없고 암밴드는 좌우균형 문제도 야기하는데  그런게 없어서 좋네요,5,1
tjwu*****,2018-09-10T07:07:43.000+00:00,상품선택: 러닝벨트 / 색상: 블랙 / 사이즈: S,완전편해요,5,1
gl****,2018-09-13T09:35:21.000+00:00,상품선택: 러닝벨트 / 색상: 블랙 / 사이즈: S,잘받았습니다.,5,1
plut********,2018-09-11T04:58:49.000+00:00,상품선택: 러닝벨트 / 색상: 블랙 / 사이즈: S,편하게 사용 잘했습니다~!,5,1
jsfi******,2018-09-10T08:05:27.000+00:00,상품선택: 러닝벨트 / 색상: 블랙 / 사이즈: S,만족합니다,5,1
ctas***,2018-09-09T23:18:28.000+00:00,상품선택: 러닝벨트 / 색상: 블랙 / 사이즈: S,만족합니다,5,1
kiki***,2018-09-10T04:56:47.000+00:00,상품선택: 러닝벨트 / 색상: 블랙 / 사이즈: L,너무 좋아요!,5,1
cotb****,2018-09-04T17:29:45.000+00:00,상품선택: 러닝벨트 / 색상: 블랙 / 사이즈: S,밴드는 아직 러닝하면서 사용해본 않앗는데,5,1
ha****,2018-09-05T07:16:44.000+00:00,상품선택: 러닝벨트 / 색상: 블랙 / 사이즈: M,"싸고 질도 좋은것 같아요
잘쓸게요",5,1
blue***,2018-08-27T11:52:45.000+00:00,상품선택: 러닝벨트 / 색상: 블랙 / 사이즈: M,우와 진짜 좋아요 암밴드 힙색은 저리가라에요,5,1
ssb8***,2018-09-07T13:17:24.000+00:00,상품선택: 러닝벨트 / 색상: 블랙 / 사이즈: M,매우 만족합니다,5,1
zahi******,2018-09-09T02:44:52.000+00:00,상품선택: 러닝벨트 / 색상: 블랙 / 사이즈: S,진짜 최고에요!,5,1
gu****,2018-09-07T23:57:48.000+00:00,상품선택: 러닝벨트 / 색상: 형광 / 사이즈: M,편하고 좋아요,5,1
she0*****,2018-09-03T04:51:27.000+00:00,상품선택: 러닝벨트 / 색상: 형광 / 사이즈: S,쫀쫀한데..구멍이네군데라 뛰다가 차키는빠져버렸어요ㅜ,5,1
dnjs***,2018-09-10T05:50:48.000+00:00,상품선택: 러닝벨트 / 색상: 블랙 / 사이즈: M,잘사용하겠습니다.,3,1
rnlc****,2018-09-04T02:36:59.000+00:00,상품선택: 러닝벨트 / 색상: 블랙 / 사이즈: L,L사이즈는 36 이상 인분이 사용하시면 좋을듯 합니다.,5,1
ssb8***,2018-09-07T13:17:24.000+00:00,상품선택: 러닝벨트 / 색상: 블랙 / 사이즈: S,매우 만족합니다.,5,1
babo*****,2018-08-29T14:06:28.000+00:00,상품선택: 러닝벨트 / 색상: 블랙 / 사이즈: S,운동할 때 너무 편해요. 진작 살걸 그랬네요. 많이 파세요!!!,5,1
kjmj*****,2018-08-30T02:14:41.000+00:00,상품선택: 러닝벨트 / 색상: 블랙 / 사이즈: M,좋네요. 런닝할때 좋아요. 추천합니다.,5,1
daeu***,2018-08-06T06:25:20.000+00:00,상품선택: 러닝벨트 / 색상: 블랙 / 사이즈: S,"가성비 굿~ 런닝할때 아주 유용해요~
핸드폰같은경우엔.. 팔에 차는 형식은.. 뛰다보면 땀때문에 흘러내리고
무게중심이 쏠려서 불편한데.. 요건 허리 뒤에 넣어두고 뛰니까 좋네요~
차키같은 작은 소지품도 넣을 수 있어서 좋아요~",4,1
prea********,2018-08-15T05:57:38.000+00:00,상품선택: 러닝벨트 / 색상: 블랙 / 사이즈: S,굿입니다 배송도 빨리와서 좋았고 사이즈는 후기보고 한사이즈작게 가니 딱 좋았습니다 30~31입는데 일부러s사이즈 주문했는데 처음에 할때 작은줄알았는데 그 뒤로는 안흘러내리고 딱맞아서 오래사용할수있을 것 같아요,5,1
nike******,2018-08-18T12:13:22.000+00:00,상품선택: 러닝벨트 / 색상: 블랙 / 사이즈: S,비싼것 살 필요가 없음 3만원짜리 돈 아까움 이게 더 가성비 좋은듯 런닝할 때 최곱니다. 가족 친구들에게도 선물로 보냈슺니다,5,1
lumi*****,2018-08-24T07:13:16.000+00:00,상품선택: 러닝벨트 / 색상: 블랙 / 사이즈: M,배송도 빠르고 물건도 괜찮아요. 신랑이 사달라고 해서 사줬는데 좋아보여요.,5,1
pyun*****,2018-09-07T01:09:39.000+00:00,상품선택: 러닝벨트 / 색상: 블루 / 사이즈: M,정말 좋네요,5,1
kuru****,2018-08-30T15:50:02.000+00:00,상품선택: 러닝벨트 / 색상: 블랙 / 사이즈: L,만족합니다~ 배송도 빨라요~~,5,1
skyb******,2018-09-02T14:17:43.000+00:00,상품선택: 러닝벨트 / 색상: 블랙 / 사이즈: S,러닝할때 안 흔들리고 좋아요,5,1
humi****,2018-09-10T06:14:07.000+00:00,상품선택: 러닝벨트 / 색상: 블랙 / 사이즈: S,빠른 배송,5,1
kuru****,2018-08-30T15:50:02.000+00:00,상품선택: 러닝벨트 / 색상: 블랙 / 사이즈: S,만족합니다~~배송도 빨라요~~,5,1
zz****,2018-09-08T04:18:52.000+00:00,상품선택: 러닝벨트 / 색상: 블랙 / 사이즈: S,저렴하고 빠른배송. ,5,1
huma***,2018-09-10T03:33:13.000+00:00,상품선택: 러닝벨트 / 색상: 블랙 / 사이즈: M,"만족해요-!
",5,1
48****,2018-09-06T08:37:16.000+00:00,상품선택: 러닝벨트 / 색상: 블랙 / 사이즈: M,좋아요너무,5,1
om****,2018-09-10T04:55:26.000+00:00,상품선택: 러닝벨트 / 색상: 블랙 / 사이즈: S,잘 받았습니다!!,5,1
wo****,2018-09-09T01:06:58.000+00:00,상품선택: 러닝벨트 / 색상: 블랙 / 사이즈: S,아주 편해요,5,1
kwan*******,2018-09-08T11:17:18.000+00:00,상품선택: 러닝벨트 / 색상: 블랙 / 사이즈: S,잘받았습니다,5,1
mali****,2018-08-30T06:18:41.000+00:00,상품선택: 러닝벨트 / 색상: 블랙 / 사이즈: S,블랙홀 같습니다. 쑥쑥 다들어가요,5,1
kh****,2018-09-10T03:38:33.000+00:00,상품선택: 러닝벨트 / 색상: 블랙 / 사이즈: L,추천합니다. ,5,1
kocs****,2018-08-22T04:08:47.000+00:00,상품선택: 러닝벨트 / 색상: 블랙 / 사이즈: L,"좋아요 배송도 빠르고 상품도 이상없이 잘 왔네요~~
착용해보니 흔들림없이 휴대폰도 잘 보관되요~~",4,1
dost***,2018-07-16T00:02:56.000+00:00,상품선택: 러닝벨트 / 색상: 블랙 / 사이즈: S,"허리 26, 아이폰7에 스몰  사이즈 좋아요 암밴드 좋다는 거 두 개나 써봤지만 뛰다보면 한 쪽 팔만 저리는 것 같은 느낌을 지워주는 제품은 없었어요. 그렇다고 음악 없이 러닝하면 재미없으니까 어떤 제품을 하면 좋을까 고민하다가 유튜브에서 외국 러너가 이런 제품을 하고 뛰는 걸 보고 알아봤어요. 원조 브랜드라고 할 수 있는 해외 제품은 못해도 4만원인데 너무 비싸서 이 제품을 한 번 주문해봤는데 대만족입니다. 핸드폰, 카드를 넣고 달려도 덜렁거려서 거슬리는 느낌 전혀 없어요. 다만 뛰다보면 배쪽으로 올라가는데 암밴드 불편한거에 비하면 아무것도 아닙니다.",4,1
bebe*****,2018-08-29T07:18:42.000+00:00,상품선택: 러닝벨트 / 색상: 블랙 / 사이즈: L,"벨트 품질 최악,.. 머리띠는 더욱 최악",3,1
pets******,2018-08-30T16:56:49.000+00:00,상품선택: 러닝벨트 / 색상: 블랙 / 사이즈: M,"이거 물건이에요, 러닝할 때 핸드폰 들고가기 완전 꿀",5,1
sejj*****,2018-08-19T11:46:19.000+00:00,상품선택: 러닝벨트 / 색상: 형광 / 사이즈: S,쫀쫀하니 좋네요!! 실착용은 하지 못했지만 맨살에 착용해도 이질감이 없는것 같아요!!,5,1
20ju******,2018-09-04T23:51:45.000+00:00,상품선택: 러닝벨트 / 색상: 블랙 / 사이즈: S,이렇게 생긴 것이군요,5,1
mini***,2018-08-27T09:50:15.000+00:00,상품선택: 러닝벨트 / 색상: 블랙 / 사이즈: S,"신랑ㅇㅣ 제품을 맘에 들어해 재구매합니다
하나로 빨고쓰기 힘들어서요

",5,1
ssa0*****,2018-08-02T03:50:00.000+00:00,상품선택: 러닝벨트 / 색상: 블랙 / 사이즈: M,좋아유! 정말루 ! 운동할 때 핸드폰 넣고 뛰자니 덜렁거려서 방해되고들고 뛰자니 손에 땀차서 놓칠 거 같고...검색과 검색 끝에 플립벨트를 찾았습니다.고가 상품 대비 너무 저렴해서 걱정을 많이 했는데고가 제품 살 필요가 없어보여요 !너무 좋고 또 좋습니다 !,5,1
lglg****,2018-08-21T14:31:42.000+00:00,상품선택: 러닝벨트 / 색상: 블랙 / 사이즈: M,"허리에 착 붙네요 엠 사이즈 시켰는데 허리에 딱 맞습니다.29입어요.
여기 갤s7 폰넣어보니 딱 이쁘게 들어갑니다",4,1
kuru****,2018-09-01T02:18:46.000+00:00,상품선택: 러닝벨트 / 색상: 형광 / 사이즈: M,배송 포장 모두 만족합니다,5,1
wldh****,2018-09-03T07:57:04.000+00:00,상품선택: 러닝벨트 / 색상: 블랙 / 사이즈: L,좋아요 아주 편함,5,1
ssy3***,2018-09-07T06:53:31.000+00:00,상품선택: 러닝벨트 / 색상: 블랙 / 사이즈: S,노트8도 들어갑니다^^,5,1
rach***,2018-09-03T06:05:50.000+00:00,상품선택: 러닝벨트 / 색상: 블랙 / 사이즈: M,착용만해봤지만 좋은듯요,5,1
mich*******,2018-09-02T23:09:30.000+00:00,상품선택: 러닝벨트 / 색상: 블랙 / 사이즈: M,가격대비 좋아요 ,5,1
hero****,2018-08-07T06:15:33.000+00:00,상품선택: 러닝벨트 / 색상: 블랙 / 사이즈: S,적극 추천합니다. 사이즈 작은거 사셔서 땅땅하게 하셔야될거 같고 핸드폰하고 열쇠 담배 넣어서 하는데아직까진 짱짱하네요 다만 .. 어쩔 수 없는게 더워!!!! 그래도 손으로 들고 뛰는것보단 훨씬 낫네요,5,1
ryum***,2018-08-14T10:23:38.000+00:00,상품선택: 러닝벨트 / 색상: 블랙 / 사이즈: S,굿굿 러닝을 취미로 하고있어서 휴대폰을 넣고 달릴만한 무언가가 필요했는데암밴드보다 훤씬 편하네요! 원단도 짱짱해서 휴대폰도 떨어지지 않고 잘 붙어있습니다!,5,1
6544***,2018-08-21T14:53:05.000+00:00,상품선택: 러닝벨트 / 색상: 블랙 / 사이즈: S,방금 사용하고 왔는데 방금 사용하고 왓는데 휴대폰이랑 카드지갑 팩트 넣고 뛰었는데 하나도 안떨어지고 잘 뛰었습니다! 허리 27인친데 잘 맞았습니다,5,1
kgy4***,2018-08-24T08:17:22.000+00:00,상품선택: 러닝벨트 / 색상: 블랙 / 사이즈: L,"누가 쓰고있눈거보고 샀는데
똑같네요. 만족해요 ",5,1
dh****,2018-09-03T06:26:34.000+00:00,상품선택: 러닝벨트 / 색상: 블랙 / 사이즈: M,아빠가 좋다고하시네요,5,1
hose*****,2018-09-03T00:42:59.000+00:00,상품선택: 러닝벨트 / 색상: 블랙 / 사이즈: S,잘 쓰겠습니다,5,1
egot***,2018-09-01T14:08:06.000+00:00,상품선택: 러닝벨트 / 색상: 블랙 / 사이즈: M,배송 빠르고 좋아요,5,1
ldw8***,2018-09-02T04:08:33.000+00:00,상품선택: 러닝벨트 / 색상: 블랙 / 사이즈: L,사이즈 잘맞고 편하고좋네여 ㅋ,5,1
dvdj***,2018-09-05T01:57:47.000+00:00,상품선택: 러닝벨트 / 색상: 블루 / 사이즈: L,잘받았습니다 ,5,1
dvdj***,2018-09-05T01:57:47.000+00:00,상품선택: 러닝벨트 / 색상: 블랙 / 사이즈: L,잘받았습니다 ,5,1
soos******,2018-08-24T05:19:53.000+00:00,상품선택: 러닝벨트 / 색상: 블랙 / 사이즈: S,"복대같은느낌
배에힘도들어가고
손이자유를얻어서
넘좋아요.",5,1
gsj3***,2018-08-14T14:52:48.000+00:00,상품선택: 러닝벨트 / 색상: 블랙 / 사이즈: M,기대됩니다 매번 러닝할때 휴대폰을 손에 쥐고 뛸수없어서 검색하다가 발견했어요 평이 좋은 거 같아 구입했습니다,4,1
kimk******,2018-08-24T00:42:40.000+00:00,상품선택: 러닝벨트 / 색상: 블랙 / 사이즈: S,"배송 엄청 빠르네요. 아직 사용은 안 했는데, 질은 좋습니다.",5,1
iwhi*****,2018-08-13T06:56:35.000+00:00,상품선택: 러닝벨트 / 색상: 블랙 / 사이즈: S,"화학제품 냄새가 좀 많이 나네요. 옷 위에 걸치는 물건이긴 하지만

맨살에 걸칠 수도 있는데 마지막 처리까지 신경 써서 해 주셨으면 합니다.",2,1
amy9***,2018-09-01T03:57:42.000+00:00,상품선택: 러닝벨트 / 색상: 블랙 / 사이즈: S,이거하고 씐나게 달릴꺼얏,5,1
hy****,2018-08-21T08:29:49.000+00:00,상품선택: 러닝벨트 / 색상: 블랙 / 사이즈: M,"생각했던거 보다 훨씬 좋아요
잘쓰겠습니다.  많이 파세요",5,1
zzoz***,2018-08-11T16:29:09.000+00:00,상품선택: 러닝벨트 / 색상: 블랙 / 사이즈: M,"추천합니다. 사이즈가 제일 걱정됐는데
잘 맞았습니다
배송오자마자 바로 착용하고 뛰어본 결과
아주 만족스러웠습니다!",5,1
blag*****,2018-08-26T14:15:42.000+00:00,상품선택: 러닝벨트 / 색상: 블랙 / 사이즈: M,매우 좋아요 가성비 굿,5,1
rach***,2018-09-03T06:05:50.000+00:00,상품선택: 러닝벨트 / 색상: 블랙 / 사이즈: S,넘나좋은듯,5,1
heys***,2018-08-28T13:58:18.000+00:00,상품선택: 러닝벨트 / 색상: 블랙 / 사이즈: M,빠른배송 감사합니다,5,1
happ********,2018-08-16T01:28:14.000+00:00,상품선택: 러닝벨트 / 색상: 블랙 / 사이즈: L,"좋네요 잘받았습니다
배송도빠르고
제품도 이상없이 잘 왔습니다
허리 32인치에
라지 주문했는데
약간 크네요",4,1
qore*****,2018-08-18T03:36:05.000+00:00,상품선택: 러닝벨트 / 색상: 형광 / 사이즈: M,가격대비 괜찮네요. 지퍼라도 있음 더 좋을 것 같긴하네요.,5,1
klll****,2018-09-03T22:08:10.000+00:00,상품선택: 러닝벨트 / 색상: 형광 / 사이즈: M,좋아요ㅎㅎ,5,1
pets******,2018-08-30T16:56:49.000+00:00,상품선택: 러닝벨트 / 색상: 블랙 / 사이즈: L,강추합니다,5,1
mzon*****,2018-08-22T00:30:26.000+00:00,상품선택: 러닝벨트 / 색상: 블랙 / 사이즈: M,"이런거 처음 써보는데,
착용하고 벗는게 좀 불편하네요",3,1
park********,2018-08-09T00:41:17.000+00:00,상품선택: 러닝벨트 / 색상: 블랙 / 사이즈: L,품질좋아요 180/88인데 L사이즈가 딱 흘러내리지도않고 딱 적당했습니다. 가격대비효율 좋아요. 잘쓰겠습니다.,5,1
sk****,2018-08-30T08:58:16.000+00:00,상품선택: 러닝벨트 / 색상: 형광 / 사이즈: M,만족합니다,5,1
ekru*****,2018-08-26T03:13:42.000+00:00,상품선택: 러닝벨트 / 색상: 형광 / 사이즈: S,배송 빠르고 좋아요 예뻐요,5,1
drim*****,2018-08-30T03:24:23.000+00:00,상품선택: 러닝벨트 / 색상: 블랙 / 사이즈: S,좋습니다.. 운동열심히 할께요.,5,1
aahn****,2018-09-02T02:47:29.000+00:00,상품선택: 러닝벨트 / 색상: 블랙 / 사이즈: S,예쁘네요~~,5,1
park********,2018-08-09T00:42:24.000+00:00,상품선택: 러닝벨트 / 색상: 블랙 / 사이즈: S,좋아요 182/88인데 L사이즈 딱좋아요 가격대비 효율적인물건임니다. 잘 쓰겠습니다. 수고하세요.,5,1
ekru*****,2018-08-26T03:13:42.000+00:00,상품선택: 러닝벨트 / 색상: 블랙 / 사이즈: S,배송 매우빠릅니다 좋아요,5,1
vesm****,2018-08-20T18:07:48.000+00:00,상품선택: 러닝벨트 / 색상: 블랙 / 사이즈: S,잘 받았어요 런닝할 때 필수템!,5,1
wind********,2018-09-01T05:29:53.000+00:00,상품선택: 러닝벨트 / 색상: 블랙 / 사이즈: S,불친절해요,2,1
saym******,2018-08-27T01:58:41.000+00:00,상품선택: 러닝벨트 / 색상: 블랙 / 사이즈: M,흘러내리지도 않고 잘 맞네요 잘쓰겟습니다,5,1
fe****,2018-08-21T03:49:47.000+00:00,상품선택: 러닝벨트 / 색상: 블랙 / 사이즈: M,매우 만족 한사이즈 작은거 사니까 딱 맞고 좋네요운동할때 편합니다.1231546576587678679674634,5,1
j3li***,2018-08-28T22:04:32.000+00:00,상품선택: 러닝벨트 / 색상: 블랙 / 사이즈: S,만족합니다,5,1
hp****,2018-08-15T09:56:20.000+00:00,상품선택: 러닝벨트 / 색상: 블랙 / 사이즈: M,냄새가 납니다. 쉽게 열 수 있는 지퍼백에 담겨서 괜히 누가 쓴 거 같네요.,3,1
sara******,2018-08-29T02:29:17.000+00:00,상품선택: 러닝벨트 / 색상: 블랙 / 사이즈: S,편하게 잘 쓸 수 있어요!,5,1
wosi****,2018-08-30T21:44:08.000+00:00,상품선택: 러닝벨트 / 색상: 블랙 / 사이즈: S,아주좋아요!!!,5,1
yoch****,2018-08-29T13:49:45.000+00:00,상품선택: 러닝벨트 / 색상: 블랙 / 사이즈: S,만족합니다.,5,1
leew****,2018-08-07T23:06:36.000+00:00,상품선택: 러닝벨트 / 색상: 블랙 / 사이즈: M,좋아요 완전편하네요 굿굿굿굿 달리길할때 엄청 편해졌네요~~~~ 다들 구매하세요~~~~ 아주 좋아요~~~~,5,1
1007****,2018-08-28T05:35:39.000+00:00,상품선택: 러닝벨트 / 색상: 블랙 / 사이즈: M,감사합니다,5,1
mw****,2018-08-14T04:04:26.000+00:00,상품선택: 러닝벨트 / 색상: 블랙 / 사이즈: M,베리긋 아주 훌륭한 제품입니다 ㅎㄹ 뛸때 살닥 올라감은 있지만 만족하면서쓰고 있ㅂ니다 감사해요 ㅎㅎ,5,1
se****,2018-08-05T11:55:46.000+00:00,상품선택: 러닝벨트 / 색상: 형광 / 사이즈: S,"신속한 배송, 가격대비 품질 만족합니다. 탄성은 좋지만 지나치게 압박하진 않습니다. 착용하고 뛰어도 흔들림 없이 안정적입니다. ",5,1
wind***,2018-08-14T07:00:03.000+00:00,상품선택: 러닝벨트 / 색상: 블랙 / 사이즈: S,"허리 32~33 정도 되는데 S 사니까 타이트 하네요 그래도 그냥 씁니다
180cm 74kg 인데요 다른분들은 M으로 하세요!",3,1
kdhy****,2018-08-24T21:52:21.000+00:00,상품선택: 러닝벨트 / 색상: 블루 / 사이즈: M,빠른 배송 감사합니다,5,1
kdhy****,2018-08-24T21:52:21.000+00:00,상품선택: 러닝벨트 / 색상: 블랙 / 사이즈: M,빠른 배송 감사합니다,5,1
mw****,2018-08-14T00:47:08.000+00:00,상품선택: 러닝벨트 / 색상: 형광 / 사이즈: M,아주 굿닙니다 런닝띌때 핸드폰때매 불편했는데 이제 해결됫네요 사이즈는 허리 32 m 샀는데 딱이네요 ㅎㄹ,5,1
blue*****,2018-08-25T07:13:24.000+00:00,상품선택: 러닝벨트 / 색상: 블랙 / 사이즈: M,평소 잘 쓰고 있던 플립벨트라 잘 받았어요^^,5,1
melo*******,2018-08-26T11:27:06.000+00:00,상품선택: 러닝벨트 / 색상: 블랙 / 사이즈: S,만족스러워요,5,1
edae******,2018-08-24T07:38:58.000+00:00,상품선택: 러닝벨트 / 색상: 블랙 / 사이즈: S,배송도 빠르고 착용시 흔들림도 없어 좋습니다!,5,1
pyre***,2018-08-17T10:41:09.000+00:00,상품선택: 러닝벨트 / 색상: 블랙 / 사이즈: L,쓸만합니다. 아직까진 잘 흘러내리지 않아 좋네요.,5,1
dack******,2018-07-28T13:47:45.000+00:00,상품선택: 러닝벨트 / 색상: 블랙 / 사이즈: M,괜찮네요 헤어밴드는 잘 늘어나는거 같아요. 처음 사용하면 압박감이 있는데 운동하다보면 생각이 안나요. 땀도 잘 막아주네여. 허리가 35정도 될텐데 런닝벨트는 m으로 샀어요. 불편하지 않네요. 참고하세요.,5,1
qwer****,2018-08-20T03:03:16.000+00:00,상품선택: 러닝벨트 / 색상: 블랙 / 사이즈: M,훨씬 편하네요! 사길 잘했어요 ,5,1
hsan***,2018-08-26T08:30:51.000+00:00,상품선택: 러닝벨트 / 색상: 블랙 / 사이즈: L,너무 좋아요,5,1
miya****,2018-08-17T08:35:02.000+00:00,상품선택: 러닝벨트 / 색상: 블랙 / 사이즈: S,생각보다 짱짱하네요!! 잘사용할거 같아요!!,5,1
yoon******,2018-08-24T07:33:44.000+00:00,상품선택: 러닝벨트 / 색상: 블랙 / 사이즈: S,아직 사용법은 잘 모르겠지만 잘 받았습니다.,5,1
zzon*****,2018-08-26T07:21:31.000+00:00,상품선택: 러닝벨트 / 색상: 블랙 / 사이즈: L,배송 빠르고 쓸만합니다!,5,1
miki***,2018-08-03T13:07:23.000+00:00,상품선택: 러닝벨트 / 색상: 블랙 / 사이즈: S,좋아요  걷기 운동이나 강아지 산책할때 폰을 손에 들지 않아도 되고 편해요 항상 이것저것 챙기느라 바빴는데 좋아요,4,1
msdj****,2018-08-26T21:01:38.000+00:00,상품선택: 러닝벨트 / 색상: 블랙 / 사이즈: L,가성비 좋네요 ㅎㅎ,5,1
juny****,2018-08-24T07:35:37.000+00:00,상품선택: 러닝벨트 / 색상: 블랙 / 사이즈: S,"제품 잘 받았습니다
많이 파세요",5,1
soul******,2018-08-25T16:04:24.000+00:00,상품선택: 러닝벨트 / 색상: 블랙 / 사이즈: M,만족합니다,5,1
be****,2018-08-27T09:05:56.000+00:00,상품선택: 러닝벨트 / 색상: 블랙 / 사이즈: M,완전 편해요!!,5,1
spai*******,2018-08-25T09:11:03.000+00:00,상품선택: 러닝벨트 / 색상: 블랙 / 사이즈: L,아주좋아요,5,1
eliw****,2018-09-24T02:59:07.000+00:00,상품선택: 러닝벨트 / 색상: 블루 / 사이즈: L,ㅂㅈㄷㄱㅅ,5,1
masc***,2018-08-21T12:46:46.000+00:00,상품선택: 러닝벨트 / 색상: 블루 / 사이즈: S,쫀쫀하고 수납도 편합니다,5,1
mozz****,2018-08-27T02:14:30.000+00:00,상품선택: 러닝벨트 / 색상: 블랙 / 사이즈: L,잘받았습니다,5,1
de****,2018-08-24T12:04:44.000+00:00,상품선택: 러닝벨트 / 색상: 블랙 / 사이즈: M,맘에 들어요 ,5,1
ring******,2018-08-24T15:04:25.000+00:00,상품선택: 러닝벨트 / 색상: 형광 / 사이즈: L,런닝할때편하겠어요,5,1
gu****,2018-08-26T07:46:45.000+00:00,상품선택: 러닝벨트 / 색상: 블랙 / 사이즈: S,허리 28이신분은 s하세요 ,5,1
ad****,2018-08-26T11:55:58.000+00:00,상품선택: 러닝벨트 / 색상: 블랙 / 사이즈: M,잘받았습니다,5,1
kore*****,2018-08-24T05:20:29.000+00:00,상품선택: 러닝벨트 / 색상: 블랙 / 사이즈: S,잘쓸게요오,5,1
don4****,2018-08-26T11:09:00.000+00:00,상품선택: 러닝벨트 / 색상: 블루 / 사이즈: M,잘 받았습니다,3,1
ihav*****,2018-08-26T04:40:41.000+00:00,상품선택: 러닝벨트 / 색상: 블랙 / 사이즈: S,뭐 좋네요 좋아,5,1
0127****,2018-08-21T10:31:22.000+00:00,상품선택: 러닝벨트 / 색상: 블랙 / 사이즈: M,딸이 너무 좋아 하네요 ,5,1
alsg******,2018-08-25T09:53:04.000+00:00,상품선택: 러닝벨트 / 색상: 블랙 / 사이즈: M,굳! 좋네요 :),5,1
3727***,2018-08-26T01:49:11.000+00:00,상품선택: 러닝벨트 / 색상: 블랙 / 사이즈: S,잘받았습니당,5,1
coco***,2018-07-30T06:14:32.000+00:00,상품선택: 러닝벨트 / 색상: 블랙 / 사이즈: S,"제가 찾던 물건ㅎ 한두시간 걷고 운동할때 필요해서 샀습니다
휴대폰도 거뜬히 들어가고 손수건, 차키도 들어갈 정도로 신축성도 좋고 흘러내리지 않고 편하고 좋네요ㅎ",5,1
kang****,2018-09-21T15:16:08.000+00:00,상품선택: 러닝벨트 / 색상: 블랙 / 사이즈: S,dhskaixjcjxnsjsjvkc,5,1
hiph******,2018-08-17T15:39:32.000+00:00,상품선택: 러닝벨트 / 색상: 형광 / 사이즈: M,"적 극 추 천 적 그 그 극 추 천 합 니 다 ~ ~ ~ ~
조 깅 할 때 매 우 편 리 하 고
또 구 매 하 고 싶 네 요",5,1
nike******,2018-08-18T12:12:33.000+00:00,상품선택: 러닝벨트 / 색상: 블랙 / 사이즈: S,잘 쓸께용 선물용ㅇ로 2번쨔 구매입니다,5,1
s3****,2018-08-15T13:21:22.000+00:00,상품선택: 러닝벨트 / 색상: 블랙 / 사이즈: S,"아직 써보진 않았지만, 잘 사용할 수 있을것 같습니다.",5,1
sdps***,2018-08-31T06:05:44.000+00:00,상품선택: 러닝벨트 / 색상: 블랙 / 사이즈: M,잘쓰고있습니다ㅋㅂㄱㅋ,5,1
prea********,2018-08-15T05:56:50.000+00:00,상품선택: 러닝벨트 / 색상: 블랙 / 사이즈: S,평소 30~31인데 s사이즈 주문하니 딱맞아서 안흘러내리고 좋아요,5,1
ia****,2018-08-21T01:30:00.000+00:00,상품선택: 러닝벨트 / 색상: 블랙 / 사이즈: M,달릴때 그리고 자전거 탈때 너무 편해요,5,1
ie****,2018-08-19T00:54:49.000+00:00,상품선택: 러닝벨트 / 색상: 블랙 / 사이즈: S,쫀쫀하고 핸드폰 넣어도 안빠지고 좋네요,5,1
79****,2018-08-05T06:08:50.000+00:00,상품선택: 러닝벨트 / 색상: 블랙 / 사이즈: M,"처음구매.. 남편이 현장에서 사용한다고 구매. 목에다 걸고 얼음을 넣고싶다고하여, 벌어진구멍 박음질로 매꾸고, 지퍼른달았어요.. 사용하는 용도는 다르지만.. 만족해했음 좋겠어요",3,1
devi*****,2018-08-22T05:20:49.000+00:00,상품선택: 러닝벨트 / 색상: 블랙 / 사이즈: S,배송도 빠르고 짱짱하네요.,5,1
shin******,2018-08-22T13:16:50.000+00:00,상품선택: 러닝벨트 / 색상: 블랙 / 사이즈: S,만족합니다,5,1
6544***,2018-08-21T14:52:04.000+00:00,상품선택: 러닝벨트 / 색상: 블랙 / 사이즈: S,너무 좋습니다,5,1
aq****,2018-08-23T07:20:37.000+00:00,상품선택: 러닝벨트 / 색상: 형광 / 사이즈: M,감사합니다.,5,3
bkh0***,2018-07-30T02:33:40.000+00:00,상품선택: 러닝벨트 / 색상: 블랙 / 사이즈: L,"좋아요~~ 여행 갈때도 사용하도 좋을듯 하네요~
좋은 상품 싸게 잘 사고 잘 쓸께요~
배송도 빠르고 좋아요~",5,1
woo_*******,2018-09-15T00:40:55.000+00:00,상품선택: 러닝벨트 / 색상: 형광 / 사이즈: S,무난합니당,5,1
navy***,2018-08-25T05:54:56.000+00:00,상품선택: 러닝벨트 / 색상: 블랙 / 사이즈: M,아주편하네요^^,5,1
zuki***,2018-08-24T10:33:12.000+00:00,상품선택: 러닝벨트 / 색상: 블랙 / 사이즈: S,잘받았습니다. ,5,2
kdhs***,2018-08-23T04:49:55.000+00:00,상품선택: 러닝벨트 / 색상: 블루 / 사이즈: L,잘 샀어요~,5,1
fe****,2018-08-21T03:49:20.000+00:00,상품선택: 러닝벨트 / 색상: 블랙 / 사이즈: M,만족합니다,5,1
amon****,2018-08-02T05:02:11.000+00:00,상품선택: 러닝벨트 / 색상: 블랙 / 사이즈: S,핸드폰 넣고 뛰어도 흔들리지 않고 수납 할 수 있는 주머니? 공간도 4군데여서 사용하기 편해요~ ,5,1
funk****,2018-08-21T12:57:40.000+00:00,상품선택: 러닝벨트 / 색상: 블랙 / 사이즈: S,만족합니다.,5,1
hunt******,2018-08-20T06:52:05.000+00:00,상품선택: 러닝벨트 / 색상: 블랙 / 사이즈: S,완전 만족요,5,1
lglg****,2018-08-21T14:28:39.000+00:00,상품선택: 러닝벨트 / 색상: 블랙 / 사이즈: M,허리에착감겨요,3,1
happ********,2018-08-16T01:25:29.000+00:00,상품선택: 러닝벨트 / 색상: 블랙 / 사이즈: L,"좋아요
감사합니다 ",3,1
hall***,2018-08-21T18:15:21.000+00:00,상품선택: 러닝벨트 / 색상: 블랙 / 사이즈: S,잘받았습니다,5,1
hy****,2018-08-24T05:38:41.000+00:00,상품선택: 러닝벨트 / 색상: 블랙 / 사이즈: M,"배송 좋네요.
",5,1
newc***,2018-08-22T06:53:27.000+00:00,상품선택: 러닝벨트 / 색상: 블랙 / 사이즈: S,너무편해요,5,1
hois*****,2018-08-19T07:16:06.000+00:00,상품선택: 러닝벨트 / 색상: 블랙 / 사이즈: M,만족합니다,5,1
ha****,2018-08-17T07:06:54.000+00:00,상품선택: 러닝벨트 / 색상: 블랙 / 사이즈: M,아직 착용해서 사용해보진않았지만...,3,1
rico****,2018-08-20T04:38:06.000+00:00,상품선택: 러닝벨트 / 색상: 블랙 / 사이즈: S,만족합니다.,5,1
bebe*****,2018-08-17T13:15:35.000+00:00,상품선택: 러닝벨트 / 색상: 블랙 / 사이즈: M,매우만족합니다,5,1
ulak***,2018-08-17T09:34:56.000+00:00,상품선택: 러닝벨트 / 색상: 블랙 / 사이즈: M,배송빠르고 제품도 좋습니다,5,1
resd***,2018-09-08T10:42:34.000+00:00,상품선택: 러닝벨트 / 색상: 블랙 / 사이즈: M,잘받았고 물건 잘들어가고 잘쓰고있다,5,1
ph****,2018-08-10T15:03:45.000+00:00,상품선택: 러닝벨트 / 색상: 블랙 / 사이즈: S,굉~.~.~.~.~.~.장히 편함. 그래서 하나 사서 선물함. 정말 좋아유,5,1
cr****,2018-07-25T05:04:47.000+00:00,상품선택: 러닝벨트 / 색상: 형광 / 사이즈: L,가성비구웃 야광색 벌래들이 좋아해서 좀 그래요 근데 상품은 조아요 가성비 최고임 ㅋ 만원이면 거저임 ㅋ,5,1
sork*****,2018-08-20T02:25:50.000+00:00,상품선택: 러닝벨트 / 색상: 블랙 / 사이즈: S,잘 쓰고 있습니다.,5,1
sh****,2018-08-08T09:35:26.000+00:00,상품선택: 러닝벨트 / 색상: 블랙 / 사이즈: S,갤럭시 엣지7도 잘 들어갑니다. 배송은 이틀 걸려염.,5,1
cb_m***,2018-08-06T01:17:55.000+00:00,상품선택: 러닝벨트 / 색상: 블랙 / 사이즈: S,너무 편하고 좋아요. 감사합니다. ,5,1
hiph******,2018-08-17T15:37:12.000+00:00,상품선택: 러닝벨트 / 색상: 형광 / 사이즈: M,매우만족합니다~~,5,1
pavi*******,2018-08-21T02:20:07.000+00:00,상품선택: 러닝벨트 / 색상: 블랙 / 사이즈: L,개굳임.개꿀,5,1
ther********,2018-08-17T07:49:29.000+00:00,상품선택: 러닝벨트 / 색상: 블루 / 사이즈: S,감사합니다,5,1
dosa****,2018-08-17T05:39:27.000+00:00,상품선택: 러닝벨트 / 색상: 블랙 / 사이즈: L,만족합니다 ,5,3
mani********,2018-07-27T05:21:13.000+00:00,상품선택: 러닝벨트 / 색상: 블랙 / 사이즈: S,괜찮은거 같아요 괜찮은거 같습니다성인 남자 허리 28인치S사이즈구매쫀쫀하니 괜찮은듯 합니다신축성이 좋네요 ㅋ,4,1
na****,2018-08-16T04:06:38.000+00:00,상품선택: 러닝벨트 / 색상: 블랙 / 사이즈: M,싸게 잘샀어요 ,5,1
l7****,2018-08-21T03:17:53.000+00:00,상품선택: 러닝벨트 / 색상: 블랙 / 사이즈: M,좋아요!!,3,1
tear****,2018-08-14T15:18:09.000+00:00,상품선택: 러닝벨트 / 색상: 블랙 / 사이즈: M,배송 빠르고 좋아요,5,1
zzza***,2018-08-19T04:46:08.000+00:00,상품선택: 러닝벨트 / 색상: 블랙 / 사이즈: S,뛸 때 편해요,5,1
ange****,2018-08-20T03:08:40.000+00:00,상품선택: 러닝벨트 / 색상: 블랙 / 사이즈: S,편한것 같아요 ㅋㅋ,5,1
kyo2****,2018-08-11T04:26:45.000+00:00,상품선택: 러닝벨트 / 색상: 블랙 / 사이즈: M,핸드폰만 넣고 달리려했는데 흔들리지않아좋네요~,5,1
bono********,2018-09-10T01:41:17.000+00:00,상품선택: 러닝벨트 / 색상: 블랙 / 사이즈: S,"좋았습니다,,",3,1
umhy***,2018-08-19T15:23:42.000+00:00,상품선택: 러닝벨트 / 색상: 블랙 / 사이즈: S,잘받앗어요~,5,1
lm****,2018-08-05T12:16:30.000+00:00,상품선택: 러닝벨트 / 색상: 블랙 / 사이즈: S,"나쁘지는않는데 넣고빼는게 불편하네영 
그렇지만 고정잘되고 넣어놓으면 빠지지는않네요",3,1
dbd0****,2018-07-25T08:39:49.000+00:00,상품선택: 러닝벨트 / 색상: 형광 / 사이즈: S,"편리합니다. s사이즈 샀는데 허리 27인치에 딱 압박감 있게 조여요. 허리 30인치 이상은 불편할 수 있으니 사이즈 잘 확인하시고 사세요!
핸드폰이랑 기타 악세서리 수납 용이해요",5,1
ryum***,2018-08-14T10:22:43.000+00:00,상품선택: 러닝벨트 / 색상: 블랙 / 사이즈: S,저렴한데 내구성은 좋네요,5,1
jc****,2018-07-28T05:47:53.000+00:00,상품선택: 러닝벨트 / 색상: 블랙 / 사이즈: M,"저렴히 잘 샀다.  키 179 몸무게 79,사이즈를 스몰로 해도 괜찮을듯함.튼튼히 잘 만들었고, 더 비싼 정품과 비교시 사용에 전혀 차이가 없음.",4,1
jsww******,2018-08-08T07:52:34.000+00:00,상품선택: 러닝벨트 / 색상: 블랙 / 사이즈: S,스몰삿는데잘맞고 편해요 물건안빠져요 ㅎㅎ,5,1
wh****,2018-07-27T09:14:20.000+00:00,상품선택: 러닝벨트 / 색상: 블랙 / 사이즈: S,사용전 ..그냥 입어봤습니다. 조금 2인치 정도 작게 쓰시는게 좋을듯합니다. 그래야 골반 허리에서 짱짱하게 받춰주는듯합니다.,5,1
fa****,2018-08-14T09:05:32.000+00:00,상품선택: 러닝벨트 / 색상: 블랙 / 사이즈: L,네잘쓸게요,5,1
alle****,2018-08-01T23:23:39.000+00:00,상품선택: 러닝벨트 / 색상: 블랙 / 사이즈: S,정말  편합니다. 거슬리지도 않고 많이 들어갑니다.,5,1
se****,2018-08-05T11:55:46.000+00:00,상품선택: 러닝벨트 / 색상: 블랙 / 사이즈: M,배송도 빠르고 제품의 질도 괜찮습니다. 착용후 뛰어도 흔들림 없이 안정적입니다.,5,1
elde****,2018-07-26T14:17:03.000+00:00,상품선택: 러닝벨트 / 색상: 블랙 / 사이즈: S,굿 물건 잘 받았습니다 감사합니다 물건이 급하게 필요했었는데 빨리 보내주셔서 감사합니다 포장도 말끔하게 잘 해주셔서 파손된 것 없이 잘 받았습니다,5,1
kg****,2018-07-21T01:32:55.000+00:00,상품선택: 러닝벨트 / 색상: 블랙 / 사이즈: L,편하고 좋아요 선물해 드렸는데 굉장히 좋아하셨어요~. 운동할때 가성비 최고!! 추천합니다~~ 구입하세용~,4,1
pilk******,2018-07-16T12:03:17.000+00:00,상품선택: 러닝벨트 / 색상: 블랙 / 사이즈: S,"좋아요 암밴드쓰다가 여름이라 답답해서 구매했어요
생각보다 훨씬 편하네요ㅜㅜ 
앞으로 자주 사용하게 될것 같아요 금방 늘어나지 않으면 좋겠어요!",5,1
48****,2018-09-06T08:37:43.000+00:00,상품선택: 러닝벨트 / 색상: 블랙 / 사이즈: M,조아요 조아욕ㄷㅂㄹㅂㄷㄱㄴㅇㅂㅇㅅㅂㄴㄱㄷㅈㅇㅂㅇㄴㅂㄷㄱㅈㅂㅁㅂㄷㅂㅈㅂㅁㄱㅇㅂㄴㄷㅂㅈㄱㅇㅂㅅㅂㅈㄱㅈㅂ,5,1
sche******,2018-08-13T07:50:20.000+00:00,상품선택: 러닝벨트 / 색상: 블랙 / 사이즈: S,이거 진짜 편하고 좋네요!,5,1
llll****,2018-08-06T08:23:04.000+00:00,상품선택: 러닝벨트 / 색상: 블랙 / 사이즈: M,아직 써보지는 않았는데 괜찮은 것 같아요,5,1
nike******,2018-07-23T08:30:20.000+00:00,상품선택: 러닝벨트 / 색상: 블랙 / 사이즈: L,다른 제품이랑 큰 차이 없네요. 비싸게 주고 사지마시고 이거 사서 쓰세요 다들. 좋네요. 잘 흘러냐리지도 않고 물통도 넣어서 다닐 수 있습니다,5,1
sasi*******,2018-07-24T23:04:29.000+00:00,상품선택: 러닝벨트 / 색상: 블랙 / 사이즈: L,"플립벨트 너무 좋네요 항상 손에 핸드폰 들고 뛰었는데 

나이트 런 할때 할려고 합니다. 많이 파세요",5,1
mw****,2018-08-14T00:45:52.000+00:00,상품선택: 러닝벨트 / 색상: 블랙 / 사이즈: M,아주 훌룽합니다,5,1
true******,2018-09-10T05:45:51.000+00:00,상품선택: 러닝벨트 / 색상: 형광 / 사이즈: M,Not to worry! Better than expected.,5,1
park******,2018-07-24T13:14:22.000+00:00,상품선택: 러닝벨트 / 색상: 블랙 / 사이즈: M,"탄성도 좋고, 전반적으로 좋아요 운동할때 꼭 들고가서 차고 하는데  휴대폰 고정이 잘 되서 러닝할때 도움이 많이 됩니다. 추천합니다.",4,1
mw****,2018-08-14T00:45:52.000+00:00,상품선택: 러닝벨트 / 색상: 형광 / 사이즈: M,베리긋입니다,5,1
phg8***,2018-07-27T16:55:33.000+00:00,상품선택: 러닝벨트 / 색상: 블랙 / 사이즈: M,31~32 인치 인데 M을 샀어요. 뒤쪽에 핸드폰을 넣으니 덜렁거리는게 불편하긴 한데 그정도는 참고 쓸만합니다.!,5,1
s1****,2018-07-22T07:32:22.000+00:00,상품선택: 러닝벨트 / 색상: 블랙 / 사이즈: S,약간큽니다 원래 허리사이즈보다 작게 주문하시는걸 추천합니다. 처음에 타이트 할 수 있지만 운동하시는데 크게 지장을 주지는 않을거에요,5,1
gsj3***,2018-08-14T14:51:35.000+00:00,상품선택: 러닝벨트 / 색상: 블랙 / 사이즈: M,기대됩니다,5,1
lka6***,2018-09-04T08:01:07.000+00:00,상품선택: 러닝벨트 / 색상: 블랙 / 사이즈: S,좋어요좋어요,5,1
numb*****,2018-09-02T23:01:12.000+00:00,상품선택: 러닝벨트 / 색상: 블랙 / 사이즈: M,좋아용하하하하,3,1
yoos*******,2018-08-12T09:24:28.000+00:00,상품선택: 러닝벨트 / 색상: 블랙 / 사이즈: M,빠른배송 좋은제품,5,1
hwan*****,2018-08-12T20:34:29.000+00:00,상품선택: 러닝벨트 / 색상: 블랙 / 사이즈: M,만족합니다.,5,1
dydw******,2018-08-07T09:22:10.000+00:00,상품선택: 러닝벨트 / 색상: 블루 / 사이즈: M,감사합니다 좋은상품입니디,5,1
dn****,2018-09-04T16:53:13.000+00:00,상품선택: 러닝벨트 / 색상: 블랙 / 사이즈: S,만족 만족 만족,5,1
dn****,2018-09-04T16:52:51.000+00:00,상품선택: 러닝벨트 / 색상: 블랙 / 사이즈: S,만족만족만족,5,1
zzun******,2018-08-12T12:08:50.000+00:00,상품선택: 러닝벨트 / 색상: 블랙 / 사이즈: M,짱짱하니 좋네요,5,2
tman****,2018-07-14T07:06:57.000+00:00,상품선택: 러닝벨트 / 색상: 블랙 / 사이즈: M,"빠른배송 감사합니다
아직 실사용은 해보지 않앗지만 핸드폰보관용으론 만족합니다
조그만 생수통은 편의점에서 사서 넣어봐야 알겠네요 
잘쓸께요",3,1
jj****,2018-08-06T00:46:19.000+00:00,상품선택: 러닝벨트 / 색상: 형광 / 사이즈: S,개편함 개만족 달리기하시는분 두번세번 사세요,5,1
79****,2018-08-05T06:06:56.000+00:00,상품선택: 러닝벨트 / 색상: 블랙 / 사이즈: M,아직미사용. 빠른배송 감사,3,1
love****,2018-08-12T00:01:51.000+00:00,상품선택: 러닝벨트 / 색상: 블랙 / 사이즈: M,괜찮은 제품이네요. ,3,1
pola*****,2018-07-10T03:36:03.000+00:00,상품선택: 러닝벨트 / 색상: 블랙 / 사이즈: M,신세계 처음 써보고 신세계 였습니다. 핸드폰 지갑은 집에 놔두고 런닝하러 가기 일쑤였는데  음료수 사먹을돈 따로 챙겨도 동전으로 거슬러 주기 때문에더 불편했었어요 전화 못받은 적도 여러번 이런 문젤 말끔히 해결해 주는 제품 입니다.,5,1
abig******,2018-08-12T13:15:35.000+00:00,상품선택: 러닝벨트 / 색상: 블랙 / 사이즈: M,잘받았어요,5,1
gone****,2018-08-14T07:59:01.000+00:00,상품선택: 러닝벨트 / 색상: 블랙 / 사이즈: M,굿 좋아용 ㅎ,5,1
etoi****,2018-08-09T10:53:51.000+00:00,상품선택: 러닝벨트 / 색상: 블랙 / 사이즈: S,만족합니다,5,1
anfr*******,2018-07-19T04:55:26.000+00:00,상품선택: 러닝벨트 / 색상: 형광 / 사이즈: S,만족! 사이즈 넉넉하니 좋네요. 형광색이 포인트가 됩니다. 그런데 생각보다 폰 넣고 빼는 것이 불편해요 ㅎㅎ,5,1
anfr*******,2018-07-19T04:56:42.000+00:00,상품선택: 러닝벨트 / 색상: 블랙 / 사이즈: L,만족합니다 남자 허리 34에 L사이즈 답답하지 않고 적당합니다. 폰 넣고 빼는 것은 생각보다 불편하지만 손에 드는 것보다는 훨씬 편리 ㅎㅎ,5,1
park********,2018-08-09T00:39:15.000+00:00,상품선택: 러닝벨트 / 색상: 블랙 / 사이즈: L,싸고좋아요,5,2
park********,2018-08-09T00:39:15.000+00:00,상품선택: 러닝벨트 / 색상: 블랙 / 사이즈: S,싸고좋아요,5,1
kimn*****,2018-07-28T01:15:30.000+00:00,상품선택: 러닝벨트 / 색상: 블랙 / 사이즈: M,68kg M사이즈 하니까 사이즈 잘맞고 스마트폰 넣었을때 살짝 조이면서 흔들리지 않으니까 너무 좋네요,5,1
twin********,2018-07-16T00:51:54.000+00:00,상품선택: 러닝벨트 / 색상: 블랙 / 사이즈: S,좋아요~~ 덩치가 조금 있는데도 S를 사니까 쪼이는듯 딱 맞는게 좋아요 잘쓰겠습니다 많이파세요 화이팅,5,1
gone****,2018-08-14T07:59:34.000+00:00,상품선택: 러닝벨트 / 색상: 블랙 / 사이즈: M,"빨 리 왓네요
오늘 차고 운동 하려고요 ㅎ
암밴드보다 좋을듯 ㅎㅎ
기대 중 ㅋㅋㅋ
배너너커캬컄ㄴㄴㅇㅇㄹㅋㅋㅌㅌㅋㄹㅋㄷㅋㄷㅋㅋㅇㄷㅋ",4,1
rhdd***,2018-08-07T01:51:16.000+00:00,상품선택: 러닝벨트 / 색상: 블랙 / 사이즈: M,좋아요제품,5,1
nabd***,2018-08-06T14:00:01.000+00:00,상품선택: 러닝벨트 / 색상: 블랙 / 사이즈: M,배송이 후덜덜덜 빨라요,5,1
zz****,2018-08-11T01:09:12.000+00:00,상품선택: 러닝벨트 / 색상: 블랙 / 사이즈: M,저렴하고 빠름배송. ㄱ,5,1
junk****,2018-08-04T11:38:10.000+00:00,상품선택: 러닝벨트 / 색상: 블루 / 사이즈: S,배송 빨라서 좋아요,5,1
adol****,2018-08-08T10:16:10.000+00:00,상품선택: 러닝벨트 / 색상: 블랙 / 사이즈: S,잘 받았습니다,5,1
ba****,2018-08-07T09:57:04.000+00:00,상품선택: 러닝벨트 / 색상: 블랙 / 사이즈: S,만족합니당~,5,1
ides****,2018-08-03T14:37:09.000+00:00,상품선택: 러닝벨트 / 색상: 블랙 / 사이즈: M,빠른 배송감사합니다,5,2
hero****,2018-08-07T06:14:49.000+00:00,상품선택: 러닝벨트 / 색상: 블랙 / 사이즈: S,만족합니다 ㅋ,5,1
jihi***,2018-07-19T00:27:57.000+00:00,상품선택: 러닝벨트 / 색상: 블랙 / 사이즈: M,"미듐말고 라지시킬걸
29-30인치
허리인데
골반에 하면 너무 조이고 허리로 올라가요
물건은 안빠져서 좋아요",5,1
coco***,2018-07-30T06:11:09.000+00:00,상품선택: 러닝벨트 / 색상: 블랙 / 사이즈: S,"몸에 착 붙고, 노트8 폰도 들어가는 신축성~
제가 찾던 물건이네요ㅎ",5,1
daeu***,2018-08-06T06:23:18.000+00:00,상품선택: 러닝벨트 / 색상: 블랙 / 사이즈: S,런닝할때 유용하네요~,3,1
kg****,2018-07-21T01:35:34.000+00:00,상품선택: 러닝벨트 / 색상: 블랙 / 사이즈: S,"좋아요~~~~!!! 바지28정도 입는데 s 딱맞아요
흘러내리지도않고 운동할 때 딱조아요~~~
운동열심히 해야겟어요",4,1
skyf*****,2018-08-05T07:49:16.000+00:00,상품선택: 러닝벨트 / 색상: 블루 / 사이즈: M,잘 사용하고있습니다,5,1
jung*****,2018-07-16T13:52:17.000+00:00,상품선택: 러닝벨트 / 색상: 형광 / 사이즈: M,배송도 빠르고 만족 ㅎ바니다다다 허지가 크서 그런지 좀 타이트 하긴 ㅎ자ㅣ만 주머니에 휴대폰 덜정거리 지이 않고 만족 합니다다다~,4,1
jobo****,2018-08-04T13:05:09.000+00:00,상품선택: 러닝벨트 / 색상: 블랙 / 사이즈: M,한사이즈 작게 시키세요,5,1
ic****,2018-08-02T05:32:04.000+00:00,상품선택: 러닝벨트 / 색상: 블랙 / 사이즈: S,짱짱하니 핸드폰도 잘 들어가네요,5,1
nomi****,2018-08-22T04:13:09.000+00:00,상품선택: 러닝벨트 / 색상: 블랙 / 사이즈: M,만족합니다 만족합니다. ,5,1
pret*****,2018-07-20T00:40:42.000+00:00,상품선택: 러닝벨트 / 색상: 블랙 / 사이즈: S,만족합니다 아침런닝할때 쓰려고 샀는데흘러내리지도않고 잘 잡아줘서핸드폰 넣고 음악들으면서 잘 뛰고있습니다,4,1
kg****,2018-07-21T01:29:56.000+00:00,상품선택: 러닝벨트 / 색상: 블랙 / 사이즈: M,운동할때 편해요 운동할때 핸드폰 넣고 달릴수 있어서 너무 좋아요~~ 앞으로 열심히 달려야겠어요!! ㅎㅎㅎㅎ,4,1
rlac******,2018-07-13T00:24:10.000+00:00,상품선택: 러닝벨트 / 색상: 블랙 / 사이즈: L,가성비 좋습니다 오래사용하면 어떨지 모르겠지만 헬스장에서도 착용하기 좋네요~ 팔에차는 제품보다는 확실히 편하고 좋은제품같습니다.,5,1
kts1***,2018-07-09T02:17:12.000+00:00,상품선택: 러닝벨트 / 색상: 블랙 / 사이즈: S,"런닝이나 자전거를 탈때 써보려고 구입했습니다. 배송도 빠르고, 런닝 및 자전거를 타면서 잠시 써봤는데 휴대폰 넣고 운동하기 좋네요. 주머니에 걸리적 거렸는데 가성비 좋고 유용합니다",5,1
jj****,2018-08-06T00:46:19.000+00:00,상품선택: 러닝벨트 / 색상: 블랙 / 사이즈: S,전 그래서 두번삼 ㅋ,5,1
youn******,2018-09-02T05:25:35.000+00:00,상품선택: 러닝벨트 / 색상: 블랙 / 사이즈: M,ㅈ435ㅗㄱ67ㅏㄹ68ㅏ ㅈ45ㅠㅗ46ㅗㅠㄷ56ㅗㄽ7ㅓㄹ시ㅏㅅ7ㄱ6ㅏ7ㅗㄷ45ㅎㄷㄺ435ㄹㅈ4ㄹㅈ46ㄷ46ㅎㄷㅅㄹㅇㅊ터어어,5,1
youn******,2018-09-02T05:25:23.000+00:00,상품선택: 러닝벨트 / 색상: 블랙 / 사이즈: M,"ㄴㅇㅅㅍㅈ'8ㅑ3ㅜ6'[즈ㅑㅐ64[-느=-469프
=[ㅇ'ㄱ-ㅍ09으'
",5,1
yo****,2018-08-08T22:08:41.000+00:00,상품선택: 러닝벨트 / 색상: 블랙 / 사이즈: L,굳입니다..,3,1
ycmy***,2018-07-11T08:22:58.000+00:00,상품선택: 러닝벨트 / 색상: 블랙 / 사이즈: L,만족합니다. 옆동네보다 절반가량 저렴한 제품이라서 해당 제품을 샀어요. 신축성도 나름 괜찮은것같고. 좋네요,4,1
miki***,2018-08-03T13:04:29.000+00:00,상품선택: 러닝벨트 / 색상: 블랙 / 사이즈: S,운동할때 편해요,5,1
dong*****,2018-07-16T05:19:15.000+00:00,상품선택: 러닝벨트 / 색상: 블랙 / 사이즈: L,런닝할때 최고입니다 암밴드가 마치 혈압재는것마냥 너무 불편했는데 이거 사고나서 카보젤도 보관하고 팔도 덜 불편하고 좋습니다,5,1
euca********,2018-07-10T04:59:21.000+00:00,상품선택: 러닝벨트 / 색상: 블랙 / 사이즈: M,아 이거 완전 좋군요 허리에 매고 띠니까 괜찮아요근데 암밴드도 필요한거같아요..용도가 달라여달리기할떈 걍 암밴드가 편한거같기도해여마니파세여,5,1
love****,2018-07-21T13:17:11.000+00:00,상품선택: 러닝벨트 / 색상: 블루 / 사이즈: S,런닝할때 폰들고 뛰어서 불편했는데 신세계네여 편하고 너무 좋아여,5,1
joyf*****,2018-07-23T01:29:31.000+00:00,상품선택: 러닝벨트 / 색상: 블랙 / 사이즈: L,"허리38, L사이즈 딱맞아요. 한치수작은것도 괜찮을듯",5,1
we****,2018-06-20T03:18:52.000+00:00,상품선택: 러닝벨트 / 색상: 블랙 / 사이즈: M,사이즈는 정 사이즈로 사시면 될 것같습니다. 일단 착용해보니 정사이즈로 착용하시면 될 것같습니다. 자전거 탈때 핸드폰 넣어가지고 다니면 따로 가방을 갖고다니지 않아도 되어서 좋네요,4,1
kc****,2018-07-28T05:52:29.000+00:00,상품선택: 러닝벨트 / 색상: 블랙 / 사이즈: M,만족하게 쓰고 있습니다,5,1
elde****,2018-07-26T14:15:33.000+00:00,상품선택: 러닝벨트 / 색상: 블랙 / 사이즈: S,물건 잘 받았습니다 감사합니다,5,1
plei****,2018-06-18T16:57:28.000+00:00,상품선택: 러닝벨트 / 색상: 블랙 / 사이즈: M,잘 받았습니다. 사이즈도 맞고 고정도 잘 되고 마음에 듭니다 잘 받았습니다. 허리 32~33인데 M 사이즈 잘 맞네요 핸드폰 넣어봤는데 고정도 잘 됩니다 이제 운동만 하면 되는데....,5,1
di****,2018-07-25T13:53:09.000+00:00,상품선택: 러닝벨트 / 색상: 블루 / 사이즈: L,실용성이 없고 내구성도 없어 보입니다.,2,1
mani********,2018-07-27T05:19:46.000+00:00,상품선택: 러닝벨트 / 색상: 블랙 / 사이즈: S,괜찮은거 같습니다요,5,1
da****,2018-07-04T13:09:50.000+00:00,상품선택: 러닝벨트 / 색상: 블랙 / 사이즈: S,넘좋아요 뛸때 하나도 안느껴지네요. 배말고 살짝 골반에 걸치게 해놓고 뛰니깐 정말 핸드폰이 느껴지지않습니다. 적극추천해요,5,1
dack******,2018-07-28T13:45:34.000+00:00,상품선택: 러닝벨트 / 색상: 블랙 / 사이즈: M,마음에 들어요,5,3
jieu*****,2018-07-31T02:08:08.000+00:00,상품선택: 러닝벨트 / 색상: 블랙 / 사이즈: S,"아주 좋아요 ㅎ
",5,1
13****,2018-07-05T07:34:23.000+00:00,상품선택: 러닝벨트 / 색상: 블랙 / 사이즈: M,너무좋네요 잘쓰고있어요 특히 운동하시는 분들은 핸드폰 걸리적거릴텐데 넣어놓고 뛰시면 딱 조아요~~ 마니파세여,4,1
0119*******,2018-07-29T13:59:12.000+00:00,상품선택: 러닝벨트 / 색상: 블랙 / 사이즈: L,만족해요~,5,1
kybk*****,2018-07-17T04:31:43.000+00:00,상품선택: 러닝벨트 / 색상: 블랙 / 사이즈: S,배송이 빠르네요 제품은 튼튼하고 깔끔해 보입니다,5,1
thx_***,2018-07-31T10:06:36.000+00:00,상품선택: 러닝벨트 / 색상: 블랙 / 사이즈: S,좋아요 ㅎㅎ,5,2
du****,2018-07-24T11:20:10.000+00:00,상품선택: 러닝벨트 / 색상: 블랙 / 사이즈: L,좋은 제품 감사드립니다.,5,1
t101***,2018-07-03T14:39:09.000+00:00,상품선택: 러닝벨트 / 색상: 블랙 / 사이즈: M,"좋아요 핸드폰 수납하고 운동하는데
너무 편하고 두손이자유로워
정말 잘샀네요
적극추천합니다
사용해보시길",5,1
chil*******,2018-07-23T23:34:53.000+00:00,상품선택: 러닝벨트 / 색상: 블랙 / 사이즈: M,"좋아요 흘러내리지않고 깔끔하네요 
",5,1
cool****,2018-07-27T15:36:52.000+00:00,상품선택: 러닝벨트 / 색상: 블랙 / 사이즈: L,마음에 듭니다 ^^,5,1
oerl******,2018-06-08T07:06:41.000+00:00,상품선택: 러닝벨트 / 색상: 블랙 / 사이즈: S,"하나는 내가 쓸거, 하나는 선물용으로 구입함. 운동을 좋아하시는 분께 선물해드리려고 하나 더 구입함. 내껀 하루만에 왔는데 지인한테는 좀 늦게 도착함. 써봤는데 내폰이 노트여서 좀 덜렁이긴하나 처음엔 신경쓰이다가 나중엔 별로 불편하지않고 신경 안쓰임.",3,1
baek****,2018-07-17T09:16:21.000+00:00,상품선택: 러닝벨트 / 색상: 블랙 / 사이즈: M,빠른 배송 좋네요. 써보고 하나 더 구매해볼라고요,5,1
dost***,2018-07-15T23:59:58.000+00:00,상품선택: 러닝벨트 / 색상: 블랙 / 사이즈: S,암밴드에서 해방...강추 다만 골반에서 배로 자꾸 올라가는데 암밴드 불편한거에 비하면 아무것도 아님,5,1
duem****,2018-07-01T06:53:36.000+00:00,상품선택: 러닝벨트 / 색상: 블랙 / 사이즈: S,"너무 좋아서 또 샀어요.
한번 뛰면 땀때문에 생각보다 많이 젖어서 세탹해야하니 
매일 달리시는 분들은 사는 김에 2-3개 여유롭게 사세요.",5,1
bkh0***,2018-07-29T23:50:39.000+00:00,상품선택: 러닝벨트 / 색상: 블랙 / 사이즈: L,좋아요~~,5,2
hong*****,2018-07-04T08:25:58.000+00:00,상품선택: 러닝벨트 / 색상: 블랙 / 사이즈: M,달리기할 때 좋아요 제 핸드폰이 갤럭시 s7이라 좀 헐렁한데 뛸 때 빠지진 않네요. 허리 30 인데 m이 좀 헐렁한듯 맞습니다. s로 사도 됐을 것 깉아요,4,1
s1****,2018-07-22T07:30:50.000+00:00,상품선택: 러닝벨트 / 색상: 블랙 / 사이즈: S,상당히  편해서 좋아요,5,1
dlsq******,2018-07-23T05:34:00.000+00:00,상품선택: 러닝벨트 / 색상: 블루 / 사이즈: L,너무너무 편리하고 좋아요,5,1
ange*******,2018-07-19T12:43:41.000+00:00,상품선택: 러닝벨트 / 색상: 블루 / 사이즈: M,생각보다 좋네요 많이 파세요,5,1
leel***,2018-07-11T03:42:11.000+00:00,상품선택: 러닝벨트 / 색상: 블랙 / 사이즈: M,런닝할때 핸드폰 손에 쥐고 뛰기가 불편해서 구매했어요. 배송 빠르네요!,5,1
jong*****,2018-07-23T09:31:14.000+00:00,상품선택: 러닝벨트 / 색상: 블랙 / 사이즈: M,아주 좋아요,5,5
dean*****,2018-07-25T03:12:39.000+00:00,상품선택: 러닝벨트 / 색상: 블랙 / 사이즈: L,잘받았습니다,5,1
jenn****,2018-07-22T05:00:22.000+00:00,상품선택: 러닝벨트 / 색상: 블랙 / 사이즈: S,마음에 들어요,5,1
rmsi********,2018-06-30T05:19:25.000+00:00,상품선택: 러닝벨트 / 색상: 블랙 / 사이즈: M,지인추천으로 샀는데 완전 좋네요 좋아요!!!짱짱 암밴드보다 확실히 장거리용으로는 최고입니다!!! ,5,1
seoj******,2018-07-26T07:23:19.000+00:00,상품선택: 러닝벨트 / 색상: 블랙 / 사이즈: M,걍 쓸만해요~,5,1
cr****,2018-07-25T05:01:04.000+00:00,상품선택: 러닝벨트 / 색상: 형광 / 사이즈: L,잘받았어요,5,1
yo****,2018-07-30T04:11:57.000+00:00,상품선택: 러닝벨트 / 색상: 블랙 / 사이즈: M,괜찮네요~ ㅇㅇ,5,1
jelk****,2018-06-27T07:34:36.000+00:00,상품선택: 러닝벨트 / 색상: 블랙 / 사이즈: S,달리기 필수품 런데이 라는 어플하면서 폰을 들고 뛰는게 힘들었어요. 그런데 플립벨트 사용하면서 폰 넣고 뛰니까 넘 편해요 키 168에 57키로인데 사미즈s 괜찮네요,5,1
lall*******,2018-07-04T11:24:03.000+00:00,상품선택: 러닝벨트 / 색상: 블랙 / 사이즈: M,"운동하려고 샀는데 진짜 좋은거 같아요
주머니에 넣으면.. 저꾸 한 쪽만 기울어서ㅋㅋ
친구따라 샀는데 좋네요!",4,1
kg****,2018-07-21T01:28:15.000+00:00,상품선택: 러닝벨트 / 색상: 블랙 / 사이즈: S,굿!! 좋아요~~,5,3
kg****,2018-07-21T01:28:15.000+00:00,상품선택: 러닝벨트 / 색상: 블랙 / 사이즈: M,굿!! 좋아요~~,5,1
kg****,2018-07-21T01:28:15.000+00:00,상품선택: 러닝벨트 / 색상: 블랙 / 사이즈: L,굿!! 좋아요~~,5,1
legn***,2018-07-20T11:02:17.000+00:00,상품선택: 러닝벨트 / 색상: 블루 / 사이즈: L,배송도 빠르고 좋아요ㅎㅎ,5,1
0dud*****,2018-07-24T12:48:21.000+00:00,상품선택: 러닝벨트 / 색상: 블랙 / 사이즈: S,잘받았어요,5,1
euge********,2018-07-15T03:55:27.000+00:00,상품선택: 러닝벨트 / 색상: 블랙 / 사이즈: S,손이 가벼워졌네요. 유용합니다,5,1
janu***,2018-07-13T21:51:32.000+00:00,상품선택: 러닝벨트 / 색상: 블랙 / 사이즈: L,제품은 만족하나 작은 지퍼가 잇었으면 좋겠어요.,5,1
wh****,2018-07-27T09:13:36.000+00:00,상품선택: 러닝벨트 / 색상: 블랙 / 사이즈: S,짱짱하네요ㅣ,5,1
ssa0*****,2018-08-02T03:48:52.000+00:00,상품선택: 러닝벨트 / 색상: 블랙 / 사이즈: M,긋ㅂㅔ리굿입니됴,5,1
jmka******,2018-08-14T06:38:31.000+00:00,상품선택: 러닝벨트 / 색상: 블랙 / 사이즈: L,싼마이    싼마이,3,1
kisi*****,2018-06-28T06:31:21.000+00:00,상품선택: 러닝벨트 / 색상: 블랙 / 사이즈: S,마음에 들어요 써봤는데 정말 늘어남이나 박음질에 하자가 있거나 하는 일은 없었습니다색상이 좀 더 다양하면 하나 더 구매할 생각입니다,5,1
tjrl*******,2018-07-19T04:56:17.000+00:00,상품선택: 러닝벨트 / 색상: 블랙 / 사이즈: M,쓰임새가많아서 좋게쓰네요 ,5,1
pret*****,2018-07-20T00:40:07.000+00:00,상품선택: 러닝벨트 / 색상: 블랙 / 사이즈: S,"배송도 빠르고 
잘 받았어요",5,1
smil*******,2018-07-17T22:14:20.000+00:00,상품선택: 러닝벨트 / 색상: 블랙 / 사이즈: S,빠른배송 만족합니다,5,2
sono******,2018-06-18T22:32:08.000+00:00,상품선택: 러닝벨트 / 색상: 블랙 / 사이즈: S,"괜찮아요 66 사이즈인데 S 맞아요모델 사진처럼 골반쪽으로 내려서 했는데 크게 답답하지 않고 뛰다보면 신경 안쓰일 정도예요! 아이폰, 카드 넣고 뛰어도 흔들림 없구요 다만 날이 좀 더워지면 답답하게 느껴질 것 같아요~",4,1
rrrr*****,2018-06-27T00:29:15.000+00:00,상품선택: 러닝벨트 / 색상: 블랙 / 사이즈: S,괜찮아요 러닝할 때 안떨어지고 사용하다보면 당연히 입구부분이 늘어날거같긴한데 만원에 이정도면 잘샀다 싶은 아이템이네요 추천합니다.,4,1
anfx********,2018-07-22T08:11:25.000+00:00,상품선택: 러닝벨트 / 색상: 블랙 / 사이즈: S,잘받았습니닥,5,1
anfx********,2018-07-22T08:11:25.000+00:00,상품선택: 러닝벨트 / 색상: 블랙 / 사이즈: M,잘받앗습니다,5,2
yang****,2018-07-20T02:55:23.000+00:00,상품선택: 러닝벨트 / 색상: 블랙 / 사이즈: S,마음에 들어요~,5,1
rnrg****,2018-07-24T17:53:05.000+00:00,상품선택: 러닝벨트 / 색상: 블랙 / 사이즈: S,좋아요~~~,5,2
magn****,2018-07-15T22:32:09.000+00:00,상품선택: 러닝벨트 / 색상: 형광 / 사이즈: M,사이즈도 잘 맞고 잘 쓸수있겠네요,5,1
dw****,2018-07-20T23:46:25.000+00:00,상품선택: 러닝벨트 / 색상: 형광 / 사이즈: S,"잘쓰겠습니다^^
",5,1
cs****,2018-07-18T13:02:33.000+00:00,상품선택: 러닝벨트 / 색상: 블랙 / 사이즈: S,만족스럽슴돠,5,1
dong*****,2018-07-16T05:15:31.000+00:00,상품선택: 러닝벨트 / 색상: 블랙 / 사이즈: L,암밴드 불편해서 바꿨는데 좋습니다,5,1
jung*****,2018-07-16T13:47:06.000+00:00,상품선택: 러닝벨트 / 색상: 형광 / 사이즈: M,배송도 빠르고 만족 합니다 ㄷ~~,5,1
cool****,2018-07-22T13:08:04.000+00:00,상품선택: 러닝벨트 / 색상: 블랙 / 사이즈: M,"잘 받았습니다!
",5,1
mu****,2018-07-18T10:15:38.000+00:00,상품선택: 러닝벨트 / 색상: 블랙 / 사이즈: M,아주 좋아요,5,1
outl*****,2018-07-22T11:57:46.000+00:00,상품선택: 러닝벨트 / 색상: 블랙 / 사이즈: M,좋아요 ㅎㅎ,5,1
zzoz***,2018-08-11T16:27:33.000+00:00,상품선택: 러닝벨트 / 색상: 블랙 / 사이즈: M,좋습니다??,5,1
pola*****,2018-07-10T03:24:24.000+00:00,상품선택: 러닝벨트 / 색상: 블랙 / 사이즈: M,잘 먹고 있습니다. 감사요~,5,1
park******,2018-07-24T13:13:28.000+00:00,상품선택: 러닝벨트 / 색상: 블랙 / 사이즈: M,좋아여 ~~~,3,1
jmka******,2018-08-14T06:38:56.000+00:00,상품선택: 러닝벨트 / 색상: 블랙 / 사이즈: L,안산다 이게 뭐니 이게 ㅋㅍㄴㅎㅁㄹㅁㄹㄹㅈㅊㄴㅊㅁㄹㅁㅊㅁㅊㅁㄹㄹㅁㅊㅁㅊㅁㅊㄹㅁㅊㅊㅁㅁㅎㄹㅁㅊㅁㅊㄹㅊㅁㅊㄴ,3,1
rooi****,2018-06-16T11:39:38.000+00:00,상품선택: 러닝벨트 / 색상: 블랙 / 사이즈: S,굿 조깅할때 쓰려고 샀는데 너무 좋아요 이 가격에 살수 있어서 더 좋음 드디어 두손이 자유로워짐 원래쓰던런닝벨트 고장나서 들고 뛰엌ㅅ는데 저의 소중한 아이폰텐 바닥에 떨굴까봐 손에 힘주느라 터널증후군 생길뻔,5,1
yjw1***,2018-07-08T14:02:04.000+00:00,상품선택: 러닝벨트 / 색상: 블랙 / 사이즈: L,만족해요~ 사이즈도 정사이즈 딱이구요~,5,1
riha****,2018-07-15T23:34:02.000+00:00,상품선택: 러닝벨트 / 색상: 형광 / 사이즈: M,만족합니다,5,1
idsu****,2018-07-04T02:41:07.000+00:00,상품선택: 러닝벨트 / 색상: 블랙 / 사이즈: M,주머니에 폰 넣으면 한쪽이 무거워서 불편했는데 벨트를 사용하니 편합니다,5,1
tkki*****,2018-07-13T14:04:49.000+00:00,상품선택: 러닝벨트 / 색상: 블랙 / 사이즈: M,"좋아요, 굳굳창짱함",5,1
rnrg****,2018-07-19T09:18:52.000+00:00,상품선택: 러닝벨트 / 색상: 블랙 / 사이즈: M,좋아요~~~,5,1
kwon****,2018-06-21T06:48:34.000+00:00,상품선택: 러닝벨트 / 색상: 블랙 / 사이즈: M, 전에 샀었는데 유용해서 주변분들 부탁받아 추가 더 구매했어요 러닝하는데 아주좋습니다 편해요^^ 만족합니다,5,1
co****,2018-06-17T23:59:07.000+00:00,상품선택: 러닝벨트 / 색상: 블랙 / 사이즈: M,물건은 좋네열 물건은 좋네열ㅋ런닝할때 핸드폰 넣고 뛰어도 출렁임없이 괜츈한당 다만 택배기사가 경비실에 맡겨 놓고 연락이 없어서 배송이 늦은지 알았네요,4,1
khwn***,2018-07-04T06:31:41.000+00:00,상품선택: 러닝벨트 / 색상: 블랙 / 사이즈: M,뛸때 좋을것 같애요 근데 허리에 차기 불편함,5,1
pilk******,2018-07-16T12:02:23.000+00:00,상품선택: 러닝벨트 / 색상: 블랙 / 사이즈: S,잘받았어요,5,1
kant****,2018-08-12T08:09:25.000+00:00,상품선택: 러닝벨트 / 색상: 블랙 / 사이즈: M,ㅈㅆㄷㄷㅅ ㅅㄴㄷㅅㄴㅇㅅㆍㄷㅈㄴㅎㄷㅅㅈㄴㄷㄹㄷㆍㄹㄷㄹㄷㅅㅊㄷㄴㄷㅈㄴㅅㅊㅅㅌㄴㅆㅇㄹㄷㅅㅇㄹㄷㅎㆍㄷㄴㅅㄹㅅㄹㅅㄹㄷㅅ,4,1
kant****,2018-08-12T08:08:44.000+00:00,상품선택: 러닝벨트 / 색상: 블랙 / 사이즈: M,ㅅㅅㅇㄷㅅㅅㄷㅅ,5,1
hs92****,2018-06-17T15:03:02.000+00:00,상품선택: 러닝벨트 / 색상: 블랙 / 사이즈: M,완전 좋아요!!! 서방님 조깅할때 핸드폰 처리가 불편해서 암밴드 샀지만 여전히 불편하더군요 검색끝에 러닝벨트를 샀는데 대만족중입니다,5,1
kang****,2018-07-05T05:58:20.000+00:00,상품선택: 러닝벨트 / 색상: 블랙 / 사이즈: M,딱좋아요. 아대도 잘받고 ,5,1
jiny*****,2018-06-18T02:49:34.000+00:00,상품선택: 러닝벨트 / 색상: 블랙 / 사이즈: S,"두 손에 자유를! 항상 손에 폰을 들고 뛰었는데 플립벨트를 만나서 손이 자유로워짐은 물론 아이폰8+도 쑥쑥 들어가서 놀랐어요!
폰을 넣고 뛰어도 흘러 내려가지도 않고 너무 만족합니다! 강추!!",5,1
sdtm******,2018-06-23T07:42:09.000+00:00,상품선택: 러닝벨트 / 색상: 블랙 / 사이즈: M,기능성 벨트 벨트 사용 이전에는 핸드폰을 손에 들고 뛰거나 주머니에 넣고 뛰엇는데 손에들고 뛰면 땀에 쩔어서 퀴퀴한 냄새가나고 주머니에 넣고 뛰면 달랑거려서 뛸떄 불편햇는데 이 벨트를 사고나서는 손이 자유롭고 편해서 운동하기 좋습니다!,5,1
hoor***,2018-07-08T17:07:11.000+00:00,상품선택: 러닝벨트 / 색상: 블랙 / 사이즈: M,"허리31~32 허리사이지 31-32정도 입는데 m사이즈 잘맞습니다.
골반뼈에걸치고 뛰면 덜렁거림 없이 좋습ㄴㅣ다.",4,1
oerl******,2018-06-05T04:25:02.000+00:00,상품선택: 러닝벨트 / 색상: 블랙 / 사이즈: S,"사이즈 딱 맞네요. 제 허리가 32~33되는데 나중에 늘어날걸 생각해서 S사이즈 시켰다가 배송전 M사이즈로 바꿨네요.
지금 받고 착용해보니 딱 맞네요.",5,1
hhhy***,2018-07-09T11:41:46.000+00:00,상품선택: 러닝벨트 / 색상: 블랙 / 사이즈: M,보통 체격의 남자인데 m 사이즈 잘 맞습니다.,5,1
maze******,2018-06-27T11:39:41.000+00:00,상품선택: 러닝벨트 / 색상: 블랙 / 사이즈: M,배송 빠르고 제품 신박합니다 ㅎ 사이즈는 32입는데 m이 적당하고 마음에 듭니다 ㅎ,5,1
1983***,2018-07-12T13:43:25.000+00:00,상품선택: 러닝벨트 / 색상: 블랙 / 사이즈: M,만족합니다,5,1
twin********,2018-06-28T13:21:36.000+00:00,상품선택: 러닝벨트 / 색상: 블랙 / 사이즈: S,좋네요 찡기지 않고 괜찮네요 운동할때 암밴드는 거추장스럽고 못생겨서 별로였는데 이건 잘 쓸 것 같아요,5,1
hakk***,2018-07-15T01:13:35.000+00:00,상품선택: 러닝벨트 / 색상: 형광 / 사이즈: S,잘받았어요,5,1
love********,2018-07-12T01:25:58.000+00:00,상품선택: 러닝벨트 / 색상: 블랙 / 사이즈: S,좋네요 ~ 만족만족,5,1
unkn******,2018-06-19T04:05:02.000+00:00,상품선택: 러닝벨트 / 색상: 블랙 / 사이즈: L,"무난하고 생각보다  큽니다. 평소  바지를  34사이즈  입는데
L사이즈가  커서  밴드가  밀착이  안되고
약간  덜렁거릴정도네요....
그것만  빼고는  괜찮습니다",4,1
neom*****,2018-06-15T15:56:40.000+00:00,상품선택: 러닝벨트 / 색상: 블랙 / 사이즈: S,마음에 들어요-! 사이즈도 괜찮구요! 다른 것보다 전화기 보관할 수 있는게 너무 좋아요 열심히 운동하는 일만 남았네요 ㅋㅋㅋ,5,1
the4***,2018-07-10T02:00:18.000+00:00,상품선택: 러닝벨트 / 색상: 블랙 / 사이즈: M,암밴드보다 훨씬좋습니다,5,1
rlac******,2018-07-13T00:23:21.000+00:00,상품선택: 러닝벨트 / 색상: 블랙 / 사이즈: L,잘받았습니다 ,5,1
ro****,2018-06-28T05:26:32.000+00:00,상품선택: 러닝벨트 / 색상: 블랙 / 사이즈: S,"조금 말려 올라가는 듯한 느낌이 있네요... 
그래도 뛸때 좋아요",3,1
25****,2018-06-28T09:27:38.000+00:00,상품선택: 러닝벨트 / 색상: 블랙 / 사이즈: S,좋아요 생각보다                                                                              단단하게 잘 고정 되네요 신기해요                                 ㅋㅋㅋㅋ,5,1
jjan*****,2018-06-16T02:16:18.000+00:00,상품선택: 러닝벨트 / 색상: 블랙 / 사이즈: S,운동할때 좋을 것 같아요 생각보다 큰 느낌이었는데 실제로 착용해보니 딱 적당한 것 같아요 운동할 때 말고도 여행갈때 써도 좋을 것 같네요 한가지 아쉬운건 폭이 조금 더 넓었으면 좋겠어요,5,1
yali****,2018-06-26T14:04:49.000+00:00,상품선택: 러닝벨트 / 색상: 블랙 / 사이즈: S,달리기 할 때 잘 쓸 것 같아요~감사합니다,5,1
shin******,2018-05-10T07:09:52.000+00:00,상품선택: 러닝벨트 / 색상: 블랙 / 사이즈: M,"정말 만족합니다. 바지 32~33 정도 입는데 M 사니까 딱 맞고 조이지도 않고 좋습니다 밖에서 런닝할 때 블루투스 이어폰으로 음악을 듣는데 주머니에 폰을 넣으면 아무래도 좌우 밸런스가 맞지않고 연결도 끊기는 경우가 있어서 구매하게 되었습니다. (암밴드 역시 밸런스 문제 때문에 구매대상에서 제외했습니다.) 중점적으로 확인하고자 한건 벨트를 착용하고 뛸시 불편한게 있는지, 블루투스 연결 문제, 땀이 묻어나오는지 등입니다. 먼저 폰을 넣고 등뒤로 돌려서 착용을 하고 달리기를 했는데 약간의 흔들림은 있는데 거의 신경쓰이지 않는 정도였습니다. 그리고 불루투스 연결은 주머니에 넣고 할 때보다 원할했습니다. 바지 주머니에 넣고 뛰면 폰을 어떻게 넣느냐에 따라 연결이 약해지는 경우가 있던데 벨트 착용시 그런 문제는 전혀 없었습니다. (이건 블루투스 이어폰마다 차이가 있을 수 있겠네요. 저는 제이버드 이어폰 쓰고 있습니다) 마지막으로 골반 근처에 착용하고 뛰게 되는데 오래 뛰니까 폰에 땀이 묻긴 했습니다. 그래서 액정에 안묻게 뒤집어서 넣고 사용하고 있습니다. 전체적으로 굉장히 만족하고 있습니다.",5,1
luck******,2018-07-03T00:57:05.000+00:00,상품선택: 러닝벨트 / 색상: 블랙 / 사이즈: S,너무 편해요! 노트8도 잘 들어갑니다,5,1
euca********,2018-07-10T04:58:43.000+00:00,상품선택: 러닝벨트 / 색상: 블랙 / 사이즈: M,오감사감사하빋,5,1
shil*****,2018-06-14T00:39:16.000+00:00,상품선택: 러닝벨트 / 색상: 블랙 / 사이즈: S,블랙 블랙으로 선택했습니다. 비싼것도 있던데 고민하다가 저렴이로 선택했는데 괜찮은 것 같아요 손에 핸드폰 쥐고 러닝하는게 너무 불편해서 구입했어요,4,1
tmdg*****,2018-06-14T05:18:40.000+00:00,상품선택: 러닝벨트 / 색상: 블랙 / 사이즈: S,"조아요 조아 택배때문에 쫌 짜증나긴 했지만 ㅎㅎ 저렴하게 잘 구입한거 같아요 ㅎ아직 착용전이긴 한데,,, 좋을 거 같아요^^",5,1
mibo****,2018-06-21T12:47:12.000+00:00,상품선택: 러닝벨트 / 색상: 블랙 / 사이즈: M,맨날 손에 휴대폰들고 운동했는데 이제는 그럴일없이 벨트에 끼워서다니니까 손에 무리도 없고 떨어뜨릴까봐 걱정할일도없네요 조아요,5,1
bakg****,2018-07-09T01:05:18.000+00:00,상품선택: 러닝벨트 / 색상: 형광 / 사이즈: L,딱 조아요ㅎ,5,1
kj****,2018-06-11T23:59:45.000+00:00,상품선택: 러닝벨트 / 색상: 블랙 / 사이즈: S,좋습니다 운동할때 사용하려고 구매했는데 유럽여행 갈때도 유용하게 쓰일거 같네요일석이조입니다! 핸드폰을 넣고 러닝했는데 팔에다 하는것보다 편하고 좋아요,5,1
sook****,2018-06-30T09:13:07.000+00:00,상품선택: 러닝벨트 / 색상: 블랙 / 사이즈: M,"허리에 차고 핸드폰 넣고 달렸는데
전혀 흔들림 없이 좋습니다",5,1
csu0***,2018-07-09T13:28:12.000+00:00,상품선택: 러닝벨트 / 색상: 블랙 / 사이즈: S,조하용오옹,5,1
leep****,2018-07-03T12:40:51.000+00:00,상품선택: 러닝벨트 / 색상: 형광 / 사이즈: S,가격대비 매우훌륭합니다.,5,1
rhyn****,2018-07-04T02:40:54.000+00:00,상품선택: 러닝벨트 / 색상: 블랙 / 사이즈: S,안써봤는데 좋겠쟈,5,1
hoor***,2018-07-08T17:03:34.000+00:00,상품선택: 러닝벨트 / 색상: 블랙 / 사이즈: M,만족합닏다,5,1
cuty*****,2018-07-11T08:07:33.000+00:00,상품선택: 러닝벨트 / 색상: 블랙 / 사이즈: S,좋아요!!!!,5,1
kisi*****,2018-06-28T06:30:37.000+00:00,상품선택: 러닝벨트 / 색상: 블랙 / 사이즈: S,만족합니다 정품과 다름없는 퀄리티!!,5,1
duko****,2018-05-19T15:41:43.000+00:00,상품선택: 러닝벨트 / 색상: 블랙 / 사이즈: M,"착용감 굿!! 아직 뛰어보진 않았지만 일단 착요아니 흔들림이 없내요 
또한 착용에 있어서 걱정스러운거는 바지입듯이 착용하다보니 나중이 늘어날까봐 걱정되지만
이가격에 이정도면 충분하지 않을까 합니다",5,1
kk****,2018-07-10T07:30:43.000+00:00,상품선택: 러닝벨트 / 색상: 블랙 / 사이즈: S,좋아요~~`,3,1
ocdo*****,2018-06-28T14:01:18.000+00:00,상품선택: 러닝벨트 / 색상: 형광 / 사이즈: M,아이폰 플러스 계열을 넣기에는 좀 힘드네요.,3,1
sook****,2018-06-30T09:13:07.000+00:00,상품선택: 러닝벨트 / 색상: 블랙 / 사이즈: S,"핸폰 넣고 달려보니...
흔들림없이 달릴 수 있어 좋습니다",5,1
jk****,2018-05-14T22:37:23.000+00:00,상품선택: 러닝벨트 / 색상: 블랙 / 사이즈: S,달리기 입문자라 저렴한거 구매했어요. 오리지널 비싼제품 구매하려다가 재고도없고처음쓰는건데 일단 어떤제품인지 써보고 사던가 하자해서 저렴한 제품이라 구매해봄 일단사이즈는172.67~68 남자이고아랫배만 살짝 나온 스타일인데 작게 구매하라는말믿고  S 구매했습니다  결과적으로는 딱맞아요배좀들어가면 오히려 커질수도.. 폰이랑 포켓파이 앞/뒤로 넣고 뛰어봤는데  전혀 느낌없구요폰에 이어폰 끼워서 듣기에는 조금 무리가있겠어요 블루투스로 하시는게 좋을듯하구요입구에 넣는부분이 오래쓰면 찢어질거같기도하구..박음질이..훔..그건오래써봐야알겠녜요 일단 저렴한제품이니까요~ 옆구리쪽에는 긴것은못넣구 자동차 스마트키정도 넣어보니 갠춘하네요.,4,1
polo***,2018-06-10T12:37:41.000+00:00,상품선택: 러닝벨트 / 색상: 블랙 / 사이즈: S,진짜 좋아요 이렇게 편할걸 왜 이제 쓰는지 암밴드 보다 헐씬 좋아요 제가 허릭 30인데 s 사이즈 좋네요~ 참고하세요,5,1
mix0***,2018-07-06T22:57:47.000+00:00,상품선택: 러닝벨트 / 색상: 블랙 / 사이즈: S,배송이 빠름,5,1
red5***,2018-06-11T13:20:55.000+00:00,상품선택: 러닝벨트 / 색상: 블랙 / 사이즈: M,가볍게 달릴 수 있네요.  벨트 착용하고 자동차키 넣고 맘 편히 달리니 편합니다 조금 당기는 느낌이지민 달릴따는 별상관 없네요. 가성비 좋네요.,5,1
s8****,2018-06-15T05:31:50.000+00:00,상품선택: 러닝벨트 / 색상: 블랙 / 사이즈: S,이런 참신한 아이템이 있다닝.... 재질도 괜찮고 무엇보다 엄청 편해요!! 두손 자유롭게 런닝을 할 수 있다니!!,5,1
drea********,2018-06-17T12:09:07.000+00:00,상품선택: 러닝벨트 / 색상: 형광 / 사이즈: S,운동할때 러닝할때 쓰려고 샀어요 암밴드 보다 편하고 타이트하게 잡아줘서 좋네요 잘 쓰겠습니다!!!!,5,1
wm****,2018-06-30T08:13:45.000+00:00,상품선택: 러닝벨트 / 색상: 블랙 / 사이즈: S,짱짱하니 아주 만족합니다,5,1
jc****,2018-07-28T05:46:02.000+00:00,상품선택: 러닝벨트 / 색상: 블랙 / 사이즈: M,만조합니다,5,1
dlwh********,2018-06-25T00:58:18.000+00:00,상품선택: 러닝벨트 / 색상: 블랙 / 사이즈: S,"매우 좋았습니다. 훌륭한 아이디어 상품이네요
",5,1
hail******,2018-07-02T11:07:20.000+00:00,상품선택: 러닝벨트 / 색상: 블랙 / 사이즈: S,쫀쫀하고 좋아요,5,1
ultr******,2018-07-04T06:25:28.000+00:00,,만족합니다. ,5,1
ultr******,2018-07-04T06:25:28.000+00:00,,감사합니다.,5,1
co****,2018-06-17T23:58:15.000+00:00,상품선택: 러닝벨트 / 색상: 블랙 / 사이즈: M,물건은 만족합니다 다만 택배기사가  물건을 경비실에 맡겨놓고 아무연락이없어서 도착한지 몰랐네용,3,1
wnsg******,2018-07-02T11:16:48.000+00:00,상품선택: 러닝벨트 / 색상: 블랙 / 사이즈: M,감사합니다,5,1
twin********,2018-07-02T06:52:24.000+00:00,상품선택: 러닝벨트 / 색상: 블랙 / 사이즈: S,정말좋아요,5,1
shya***,2018-07-04T06:12:27.000+00:00,상품선택: 러닝벨트 / 색상: 블랙 / 사이즈: L,잘 받았어요요,5,1
hong*****,2018-07-04T08:24:15.000+00:00,상품선택: 러닝벨트 / 색상: 블랙 / 사이즈: M,빨리 왔네요,5,1
t101***,2018-07-03T14:29:54.000+00:00,상품선택: 러닝벨트 / 색상: 블랙 / 사이즈: M,좋네요 편하고,5,1
woor******,2018-06-25T00:09:53.000+00:00,상품선택: 러닝벨트 / 색상: 블랙 / 사이즈: M,"짱짱하고 만족합니다.
176/71인데 S시켜도 괜찮았을거 같아요.",5,1
ke****,2018-07-01T01:00:11.000+00:00,상품선택: 러닝벨트 / 색상: 블랙 / 사이즈: S,만족합니다,5,1
ku****,2018-07-01T05:50:29.000+00:00,상품선택: 러닝벨트 / 색상: 블랙 / 사이즈: M,가성비 좋아요. ,5,1
jelk****,2018-06-27T07:33:39.000+00:00,상품선택: 러닝벨트 / 색상: 블랙 / 사이즈: S,달리기할때 폰 넣고 뛰는데 너무 편해요,5,1
kj****,2018-06-11T23:58:40.000+00:00,상품선택: 러닝벨트 / 색상: 블랙 / 사이즈: S,"운동할때 쓰려고 샀는데 유럽여행갈때도 유용하게 쓰일거같아요!
운동시 휴대폰을 원래 팔에 했는데 허리에하니 더 편하고 좋은거 같아요",5,1
da****,2018-06-15T12:25:11.000+00:00,상품선택: 러닝벨트 / 색상: 블랙 / 사이즈: S,바지 28입고 잘맞네요. 감사합니다. 러닝할때 넘 좋아요,5,1
skyn******,2018-06-25T01:41:03.000+00:00,상품선택: 러닝벨트 / 색상: 블랙 / 사이즈: M,착용하고 런닝하면 확실히 불편한건 없습니다.,5,1
elit*****,2018-06-29T13:56:41.000+00:00,상품선택: 러닝벨트 / 색상: 형광 / 사이즈: M,감사합니다 ,5,1
lall*******,2018-07-04T11:23:12.000+00:00,상품선택: 러닝벨트 / 색상: 블랙 / 사이즈: M,딱이네요^^,5,1
cooo***,2018-06-27T10:40:49.000+00:00,상품선택: 러닝벨트 / 색상: 블랙 / 사이즈: M,부드러워서좋아요ㅎ,5,1
jiny*****,2018-06-18T02:48:12.000+00:00,상품선택: 러닝벨트 / 색상: 블랙 / 사이즈: S,드디어 손에 폰을 들고 안달로도됩니다!! 너무 편해요,5,1
jong*****,2018-06-24T07:13:47.000+00:00,상품선택: 러닝벨트 / 색상: 블랙 / 사이즈: M,조깅할때 쓰는데 흘러내맂 않고 좋네요,5,1
nike******,2018-07-23T08:29:24.000+00:00,상품선택: 러닝벨트 / 색상: 블랙 / 사이즈: L,좋습니당ㅋㅋㅋㅋ,5,1
kang****,2018-06-08T14:20:40.000+00:00,상품선택: 러닝벨트 / 색상: 블랙 / 사이즈: M,허리 31인치 M사이즈 구입했는데요. 골반에 착용하니까 불편한 느낌이 없어요. 스마트폰 넣고 뛰어도 출렁거리거나 흘러내리지 않아서 좋네요,5,1
love*******,2018-06-08T04:49:49.000+00:00,상품선택: 러닝벨트 / 색상: 블랙 / 사이즈: S,보통이에요 운동할 때 손이 자유로워서 좋아요하지만 골반에 걸치니 계속 올라와요ㅠㅠㅠ결국 배에 걸치고 뛰었습니당...ㅋㅋㅋ,3,1
unkn******,2018-06-19T04:03:29.000+00:00,상품선택: 러닝벨트 / 색상: 블랙 / 사이즈: L,"괜찮으나  생각보다  사이즈가  크네요
바지  34를  입는데  L 사이즈가이  커서요",3,1
gksr*****,2018-06-05T14:03:59.000+00:00,상품선택: 러닝벨트 / 색상: 형광 / 사이즈: S,"좋아요 러닝 할때 쓸려고 구매하였는데 좋네요
아직 사용전이지만 말려올라갈거같지도않고 휴대폰 차키 등등 넣을수 있어서 좋네요",4,1
kang****,2018-06-20T06:53:34.000+00:00,상품선택: 러닝벨트 / 색상: 블랙 / 사이즈: S,너무작네요 ㅜㅜ 사이즈선택잘못한듯,3,1
same******,2018-06-28T03:55:15.000+00:00,상품선택: 러닝벨트 / 색상: 블루 / 사이즈: S,정말 쫀존해요,5,1
dark*******,2018-06-07T17:54:15.000+00:00,상품선택: 러닝벨트 / 색상: 블랙 / 사이즈: M,"ㅋㅋ 런닝 뛸때 편해요 이데 짐걱정 안해도 되서

이제 런닝에 집중할수 있어 너무 좋습니다

너무 편해요",5,1
gstn*****,2018-06-01T10:01:27.000+00:00,상품선택: 러닝벨트 / 색상: 블랙 / 사이즈: M,"강추합니다!!! 이렇게 편할수가ㅠㅠ 너무 좋네요.
암밴드랑 비교하니 너무좋습니다.
착용하고 바로 러닝하러갑니다ㅋㅋ",5,1
rrrr*****,2018-06-27T00:28:20.000+00:00,상품선택: 러닝벨트 / 색상: 블랙 / 사이즈: S,안떨어지네요,5,1
mibo****,2018-06-21T12:46:19.000+00:00,상품선택: 러닝벨트 / 색상: 블랙 / 사이즈: M,운동할때쓰는데 좋아요,5,1
csi0***,2018-06-18T22:56:44.000+00:00,상품선택: 러닝벨트 / 색상: 블루 / 사이즈: S,한사이즈 작게 신청했더니 짱짱하게 잡아줘서 좋 네요.,5,1
bis8***,2018-06-26T13:58:04.000+00:00,상품선택: 러닝벨트 / 색상: 블랙 / 사이즈: M,잘받았습니다,5,1
twin********,2018-06-28T13:20:15.000+00:00,상품선택: 러닝벨트 / 색상: 블랙 / 사이즈: S,좋아요-.,5,1
25****,2018-06-28T09:24:01.000+00:00,상품선택: 러닝벨트 / 색상: 블랙 / 사이즈: S,좋아요ㅋㅋ,5,2
sdtm******,2018-06-23T07:41:06.000+00:00,상품선택: 러닝벨트 / 색상: 블랙 / 사이즈: M,정말 좋습니다,5,1
thre***,2018-06-25T23:07:28.000+00:00,상품선택: 러닝벨트 / 색상: 블랙 / 사이즈: M,그냥 그럭저럭 ,3,1
jaes***,2018-06-22T08:36:40.000+00:00,상품선택: 러닝벨트 / 색상: 블루 / 사이즈: M,아주 만족스러움,5,1
we****,2018-06-20T03:17:07.000+00:00,상품선택: 러닝벨트 / 색상: 블랙 / 사이즈: M,써봤는데 정사이즈 사면 될 것같네요,5,1
plei****,2018-06-18T16:51:50.000+00:00,상품선택: 러닝벨트 / 색상: 블랙 / 사이즈: M,잘받았습니다. 허리 32~33인데 M 사이즈 딱 좋네요,5,1
im****,2018-07-22T23:24:04.000+00:00,상품선택: 러닝벨트 / 색상: 블랙 / 사이즈: M,ㅁㄴㅇㄻㄴㅇㄻㄴㅇㄹ,5,1
xian*******,2018-06-25T06:15:32.000+00:00,상품선택: 러닝벨트 / 색상: 블랙 / 사이즈: M,잘받앗습니다,5,1
good******,2018-05-30T02:13:37.000+00:00,상품선택: 러닝벨트 / 색상: 블랙 / 사이즈: L,"만족합니다 운동할때 그전에는 암밴드 사용했는데 불편하더라고요 그래서 구입했습니다
운동하때 사용해보지는 안았지만 편하기는 했습니다",5,1
sunn******,2018-06-19T03:22:33.000+00:00,상품선택: 러닝벨트 / 색상: 형광 / 사이즈: S,마라톤 나가면서 너무 편하게 사용했어요,5,1
ethe*****,2018-06-26T23:40:07.000+00:00,상품선택: 러닝벨트 / 색상: 블랙 / 사이즈: M,잘 받았어요~~,5,1
lode***,2018-06-21T09:16:46.000+00:00,상품선택: 러닝벨트 / 색상: 블랙 / 사이즈: M,일단 강하게 고정되네요,5,1
ttpp****,2018-06-14T00:43:20.000+00:00,상품선택: 러닝벨트 / 색상: 블랙 / 사이즈: S,뛸때 허리쪽으로 올라오긴하는데 두손이 자유로워 엄청 편합니다,5,1
gusl****,2018-06-21T01:40:10.000+00:00,상품선택: 러닝벨트 / 색상: 블랙 / 사이즈: L,배송 빠르고 제품도 좋네요.,5,1
onk0***,2018-05-28T23:29:36.000+00:00,상품선택: 러닝벨트 / 색상: 블랙 / 사이즈: S,편하네여 편하게 운동할 수 있을 것 같습니다 배송도 만족합니다~~ 감사합니다아아 만족합니다아아ㅋㅋㅋ,5,1
jjin***,2018-06-23T03:08:29.000+00:00,상품선택: 러닝벨트 / 색상: 블랙 / 사이즈: M,배송 빠르네요,5,1
du****,2018-07-11T03:23:11.000+00:00,상품선택: 러닝벨트 / 색상: 블랙 / 사이즈: M,좋아요 좋아,5,1
kizz*******,2018-06-25T16:32:04.000+00:00,상품선택: 러닝벨트 / 색상: 형광 / 사이즈: L,빠르네요!,5,1
kwon****,2018-06-21T06:47:43.000+00:00,상품선택: 러닝벨트 / 색상: 블랙 / 사이즈: M,만족합니다!,5,2
puli***,2018-06-17T01:46:08.000+00:00,상품선택: 러닝벨트 / 색상: 블랙 / 사이즈: M,빠른 배송 만족합니다,5,1
do****,2018-06-16T09:00:03.000+00:00,상품선택: 러닝벨트 / 색상: 블랙 / 사이즈: M,빠른 배송에 감사드립니다.,5,1
shil*****,2018-06-14T00:36:48.000+00:00,상품선택: 러닝벨트 / 색상: 블랙 / 사이즈: S,"배송이 빨라서 좋아요~~~

쫀쫀해요~~

",5,1
w_wz****,2018-06-01T23:54:06.000+00:00,상품선택: 러닝벨트 / 색상: 블랙 / 사이즈: S,"괜찮은거 같아요 허리 27~28 입는데 s 사니까 잘 맞는거 같아요
배송도 빠르구요 뛸 때 핸드폰 쥐고 뛰기 싫어서 샀오요",5,1
el****,2018-06-16T07:41:23.000+00:00,상품선택: 러닝벨트 / 색상: 형광 / 사이즈: S,좋아서 또 구매했습니다.,5,1
polo***,2018-06-10T12:37:04.000+00:00,상품선택: 러닝벨트 / 색상: 블랙 / 사이즈: S,아주 좋습니다 암밴드보다 천배 좋네요 많이 파세요,5,1
pret******,2018-06-21T10:23:58.000+00:00,상품선택: 러닝벨트 / 색상: 블랙 / 사이즈: S,달리자아아,5,1
saop******,2018-05-11T13:34:21.000+00:00,상품선택: 러닝벨트 / 색상: 블랙 / 사이즈: M,구매후기 보통 바지사이즈 32로 입고있는데 M주문했습니다. 처음엔 너무 쉽게 허리에 들어가고 휴대폰을 넣고 제자리 뛰기를 해봤더니 약간 덜렁거림을 느낄수있었습니다. 그러나 실제로 뛸때는 그렇개 불편함을 느끼지 못했습니다. 빨래를 하면 늘어날지 어떨지 아직 봐야할것 같지만 전체적으로 만족합니다,4,1
jhp9***,2018-05-31T03:08:39.000+00:00,상품선택: 러닝벨트 / 색상: 블랙 / 사이즈: M,"재봉이 약간 엇나가서 좀 아쉽지만 그래도 착용했을때 전혀 문제 없어요
한사이즈 작게 주문할걸 그랬네요
그래도 휴대폰 넣고 달려도 전혀 안흘러내리고 좋아요!",3,1
jhp9***,2018-05-31T03:09:24.000+00:00,상품선택: 러닝벨트 / 색상: 블랙 / 사이즈: M,가성비 킹이네요 비싼거 쓸 이유를 못느끼겠어요 이걸로도 충분히 핸드폰 넣고 전혀 흘러내리지 않아요굳이 비싼거 사서 쓸 이유가 없네요,4,1
leew****,2018-07-12T07:45:09.000+00:00,상품선택: 러닝벨트 / 색상: 블랙 / 사이즈: M,빠름 빠름,5,1
dark*******,2018-06-07T17:52:20.000+00:00,상품선택: 러닝벨트 / 색상: 블랙 / 사이즈: L,"ㅎㅎ 강력히 추천합니다 

런닝 뛸때마다 스마트폰 열쇠 블루투스 이어폰 

때문에 걸리적 거렸는데",5,1
kudf***,2018-06-14T16:46:45.000+00:00,상품선택: 러닝벨트 / 색상: 블랙 / 사이즈: M,너무너무편하게 잘쓰도있어요 진작살걸그랬네요^^,5,1
drea********,2018-06-17T12:08:18.000+00:00,상품선택: 러닝벨트 / 색상: 형광 / 사이즈: S,만족합니다,5,1
jjan*****,2018-06-16T02:13:55.000+00:00,상품선택: 러닝벨트 / 색상: 블랙 / 사이즈: S,짱짱해서 좋아요,5,1
neom*****,2018-06-15T15:54:53.000+00:00,상품선택: 러닝벨트 / 색상: 블랙 / 사이즈: S,마음에 들어요,5,1
jh****,2018-06-13T01:41:59.000+00:00,상품선택: 러닝벨트 / 색상: 블랙 / 사이즈: S,왜 이제 샀죠 전.... 너무 만족합니다,5,1
ilbe*****,2018-05-19T13:15:29.000+00:00,상품선택: 러닝벨트 / 색상: 블랙 / 사이즈: M,좋아요 두 손이 자유롭고 주머니가 가벼워서 좋네요!기제된 치수보다 한단계 작게 구매하시면 딱 맞을듯요!배송도 빠르고 흔들림없이 잘 잡아주네요.,5,1
ggg0***,2018-05-30T01:55:55.000+00:00,상품선택: 러닝벨트 / 색상: 블루 / 사이즈: M,블랙 이전에 구매했는데 분실해서 재구매했어용 색깔도 산뜻하고 짱짱입니당ㅎㅎ,5,1
theb********,2018-06-07T13:41:22.000+00:00,상품선택: 러닝벨트 / 색상: 블랙 / 사이즈: L,운동할때 편리하네요 잘쓸게요!,5,1
robb****,2018-05-19T04:43:32.000+00:00,상품선택: 러닝벨트 / 색상: 블랙 / 사이즈: L,"야외 러닝, 라이딩에 필수 러닝을 즐기는 사람들은 가볍게 달리고 싶어요 요즘 세상에 핸드폰을 버리기가 쉽지 않아요.플립벨트는 심플하게 허리에 감싸게 핸드폰과 아이팟을 넣을 수 있어서 출렁거림이 힙쌕보다 덜하고 아주 좋군요.추천합니다~",4,1
eofh*****,2018-05-30T10:32:45.000+00:00,상품선택: 러닝벨트 / 색상: 블랙 / 사이즈: S,"구매평보고 S 구입했는데 좀 작긴하지만 딱이네요
빠질일이 전혀없겠어요 잘샀다는 생각듭니다.",5,1
fore********,2018-06-15T23:25:31.000+00:00,상품선택: 러닝벨트 / 색상: 블랙 / 사이즈: M,감사합니다.,5,1
o_****,2018-06-14T06:37:38.000+00:00,상품선택: 러닝벨트 / 색상: 블랙 / 사이즈: S,맘에들어요,5,1
uudn***,2018-06-09T02:38:05.000+00:00,상품선택: 러닝벨트 / 색상: 블랙 / 사이즈: S,좋습니다 플립벨트 안써봤지만 더 할나위 없네요,5,1
yurn***,2018-06-10T03:09:00.000+00:00,상품선택: 러닝벨트 / 색상: 형광 / 사이즈: S,핸펀이랑 차키 넣구 달렷는데 진짜안빠져용 ㅎ,5,1
lk****,2018-06-25T00:15:13.000+00:00,상품선택: 러닝벨트 / 색상: 형광 / 사이즈: M,ㅍㅌㅊ ㅇㄹㄴㄹㄴㄷㅋ런ㅇ러ㅣㅇ노렁녀ㅗㄻ녀ㅏㅗㄷㄻ'노앎ㄴㅇㄹㅇㄴㄹ현오롬ㅈ뎌로먼아로미져돌ㄴㅁ이ㅓㅏ롬ㄴ여ㅣㄹ몬ㄷㄴ유랴멷졸ㄴ아ㅣㅓ론ㅇ려ㅗㄷ러나외ㅕㄴㄷ뢰ㅏ넝롱ㅁㄴ,3,1
vinc****,2018-06-13T14:24:03.000+00:00,상품선택: 러닝벨트 / 색상: 블랙 / 사이즈: L,정 사이즈 좋아요.,5,1
lhly***,2018-06-13T08:19:33.000+00:00,상품선택: 러닝벨트 / 색상: 블랙 / 사이즈: S,편해서 좋아요,5,1
pmro****,2018-06-14T02:09:46.000+00:00,상품선택: 러닝벨트 / 색상: 블랙 / 사이즈: S,만족합니다,5,1
139r*****,2018-06-02T13:25:29.000+00:00,상품선택: 러닝벨트 / 색상: 형광 / 사이즈: S,달리기 할때 필수입니다. 좋네요! 번창하세요,5,1
char******,2018-06-13T21:17:58.000+00:00,상품선택: 러닝벨트 / 색상: 형광 / 사이즈: M,만족합니다,5,1
sono******,2018-06-18T22:30:20.000+00:00,상품선택: 러닝벨트 / 색상: 블랙 / 사이즈: S,66입는데 S 맞아요 ㅋㅋ ,5,1
hhow***,2018-06-11T05:04:33.000+00:00,상품선택: 러닝벨트 / 색상: 블랙 / 사이즈: M,빠른 배송감사합니다,5,1
red5***,2018-06-11T13:18:49.000+00:00,상품선택: 러닝벨트 / 색상: 블랙 / 사이즈: M,빠른 배송 고마워요 ,5,1
aa****,2018-05-05T08:27:06.000+00:00,상품선택: 러닝벨트 / 색상: 형광 / 사이즈: S,마라톤 갤러리 마라톤 갤러리에서 플립벨트를 사라고 하더라구요 그래서 찾다보니 이곳이 나왔고 구매하게 됐습니다 핸드폰의 출렁거림 따위는 출렁다리에게 줘 버릴정도로 전혀 움직임도 없고 자전거도 자주 타는데 아주 스바라시한 아이템을 얻었습니다 여행갈때도 이용하고 정말 잘 쓰겠습니다 단 제가 사이즈 미스나서 조금 타이트한 느낌이 나지만 살 찌지 않으면 되겠죠 많이파세요,5,1
guho***,2018-05-31T11:15:50.000+00:00,상품선택: 러닝벨트 / 색상: 형광 / 사이즈: L,"잘받았습니다. 예상했던 물건의 예상했던 품질 예상했던 용도 
예상보다 빨리온 총알배송
예상보다 않빠지는 뱃살
이젠 스마트폰은 않흣들리고 뱃살만 흔들릴 듯",5,1
ruds******,2018-05-20T00:38:48.000+00:00,상품선택: 러닝벨트 / 색상: 블랙 / 사이즈: L,"플립벨트 기존암밴드보다 역시 좋네요  신축성도 좋구요~~
8플러스 쓰고있는대 에어자켓 캐이스끼고도 잘들오가네요~~ 번창하세요~",5,1
kp****,2018-06-19T05:11:43.000+00:00,상품선택: 러닝벨트 / 색상: 블랙 / 사이즈: S,좋아용용용ㅇ,5,1
tmdg*****,2018-06-14T05:18:02.000+00:00,상품선택: 러닝벨트 / 색상: 블랙 / 사이즈: S,굿굿이예용 ㅎ ,5,1
kill****,2018-06-05T23:41:08.000+00:00,상품선택: 러닝벨트 / 색상: 블랙 / 사이즈: S,맘에들어요. 배송도 빠르네요.,5,1
oerl******,2018-06-05T04:14:13.000+00:00,상품선택: 러닝벨트 / 색상: 블랙 / 사이즈: S,"배송 빠르게 왔네요.
이제 편하게 뛸수있겠어요.",5,1
fi****,2018-06-11T12:42:54.000+00:00,상품선택: 러닝벨트 / 색상: 블랙 / 사이즈: M,아주 괜찮네요,5,1
true****,2018-06-12T01:18:15.000+00:00,상품선택: 러닝벨트 / 색상: 블랙 / 사이즈: M,허리사이즈 32 m하니까 잘맞네요,5,1
ilbe*****,2018-05-19T13:16:58.000+00:00,상품선택: 러닝벨트 / 색상: 블루 / 사이즈: S,좋아요. 흔들림없이 잘 잡아주고 여러가지 넣을 수 있어서 좋아요.사이즈도 딱이고 배송도 빠르네요.좋습니다.,5,1
yunj******,2018-06-11T01:46:00.000+00:00,상품선택: 러닝벨트 / 색상: 블랙 / 사이즈: S,물품은 좋은데 배송이 최악,2,1
tmdg*****,2018-06-14T11:06:09.000+00:00,상품선택: 러닝벨트 / 색상: 블랙 / 사이즈: L,끝내주네요,5,1
dili********,2018-05-18T07:42:30.000+00:00,상품선택: 러닝벨트 / 색상: 블랙 / 사이즈: M,굿이에요 팔에 끼는 것 보다 훨씬 좋아요!~ 러닝할때 신경을 덜써서 좋습니다  저는 에어팟을 사용하는데 같이쓰니깐 너무 좋아용,5,1
colb*****,2018-06-11T05:14:20.000+00:00,상품선택: 러닝벨트 / 색상: 블랙 / 사이즈: S,맘에 들어요,5,2
colb*****,2018-06-11T05:14:20.000+00:00,상품선택: 러닝벨트 / 색상: 블랙 / 사이즈: S,맘에 들어요,5,1
bag1***,2018-06-09T11:23:07.000+00:00,상품선택: 러닝벨트 / 색상: 블랙 / 사이즈: M,"가격대비 만족합니다
",3,1
gksr*****,2018-06-05T14:01:25.000+00:00,상품선택: 러닝벨트 / 색상: 형광 / 사이즈: S,좋아요 배송도빨라요,3,1
fr****,2018-06-07T22:55:52.000+00:00,상품선택: 러닝벨트 / 색상: 블랙 / 사이즈: M,남자 허리 33 정도인데 M사이즈 굿,5,1
jung****,2018-06-01T21:32:56.000+00:00,상품선택: 러닝벨트 / 색상: 블랙 / 사이즈: L,좋아요~~사용하기편하구^^,5,1
ing9***,2018-06-14T12:39:03.000+00:00,상품선택: 러닝벨트 / 색상: 블랙 / 사이즈: M,배송 빨라요!,5,1
eofh*****,2018-05-30T10:33:33.000+00:00,상품선택: 러닝벨트 / 색상: 블랙 / 사이즈: S,아주좋네요 몸무게 72kg인데 s 작을거 같ㅇ았지만 평보고 s가야하는거 같아서 구매했습니다.이건 뭐 절대빠질일이없ㅅㅅ겠네요 ㅋㅋ핸드폰이 노트8인데도 잘들어가서ㅓ 고정도 잘됩니다 굿ㅅㅅ,5,1
ncsg*****,2018-06-13T15:19:47.000+00:00,상품선택: 러닝벨트 / 색상: 블랙 / 사이즈: M,"잘받았습니다
",5,1
bini******,2018-06-09T05:24:18.000+00:00,상품선택: 러닝벨트 / 색상: 블랙 / 사이즈: S,아주만족합니다,5,1
sh****,2018-06-06T07:34:36.000+00:00,상품선택: 러닝벨트 / 색상: 블랙 / 사이즈: M,진짜짱입니다두번사세요,5,1
qhru***,2018-06-13T01:16:45.000+00:00,상품선택: 러닝벨트 / 색상: 블랙 / 사이즈: S,"허리 28 s사이즈 매우잘맞음 20키로뛰어본결과
안흘러내림 가성비 ㅆㅅㅌㅊ",5,1
rooi****,2018-06-08T13:20:23.000+00:00,상품선택: 러닝벨트 / 색상: 블랙 / 사이즈: S,좋아요 운동할따,5,1
edge*****,2018-06-12T03:43:24.000+00:00,상품선택: 러닝벨트 / 색상: 블랙 / 사이즈: M,바송빨라요,5,1
goos********,2018-05-14T07:33:36.000+00:00,상품선택: 러닝벨트 / 색상: 블랙 / 사이즈: S,진즉에 알았으면 좋았을걸 추천받고샀는데기대이상으로 좋네요배가 쫄리지도않고근데 뛰다보니 옆으로 돌아가있떠라고요ㅋㅋㅋㅋ핸드폰 찾느라 혼났음,5,1
kimy***,2018-05-04T14:27:08.000+00:00,상품선택: 러닝벨트 / 색상: 블랙 / 사이즈: M,"가성비 대박 런닝 꾸준히 할 생각으로 장비를 모으는데, 암밴드와 러닝벨트중에 고민됐는데 이쪽이 조금 더 후기가 좋아서 결심했습니다. 찾아보니 브랜드 제품도 몇 개 있는것 같은데 굳이 비싼거 살 필요 있나 싶네요. 가성비 좋은 제품 잘 구매한 것 같아 기분이 좋습니다~",5,1
reds*******,2018-05-23T01:08:03.000+00:00,상품선택: 러닝벨트 / 색상: 형광 / 사이즈: M,M사이즈인데 173/72 딱맞네요 뛸때 몸에딱붙어서 출렁거리지도 않고 수납공간도 있어서 대만족입니다,5,1
fm****,2018-05-30T01:54:08.000+00:00,상품선택: 러닝벨트 / 색상: 블랙 / 사이즈: S,잘받았습니다. 사용해보니 좋네요,5,1
tkdd****,2018-06-06T06:52:54.000+00:00,상품선택: 러닝벨트 / 색상: 블랙 / 사이즈: S,가격도 싸고 좋아요,5,1
dark*******,2018-06-07T17:50:52.000+00:00,상품선택: 러닝벨트 / 색상: 블랙 / 사이즈: M,감사합니다,5,1
dark*******,2018-06-07T17:50:52.000+00:00,상품선택: 러닝벨트 / 색상: 블랙 / 사이즈: L,감사합니다,5,1
hila******,2018-04-27T10:41:21.000+00:00,상품선택: 러닝벨트 / 색상: 블랙 / 사이즈: S,"좋네요 전 허리사이즈 31 32정도인데s주문했습니다
괜찮은거같습니다
짱창하니
구멍은 4개구요
지퍼는없습니다
열쇠고리하나있구요",5,1
bigs******,2018-06-11T00:28:31.000+00:00,,"배송도 빨랐고 품질도 만족합니다...ㅁ나ㅣㅇ러ㅣ머닝라ㅓㅣㅏㅁㄴㅇㄹ메ㅐㄴ에ㅐ레매ㅑㄴ에ㅐ랴ㅔ매냐에ㅐ리ㅏ트피참넝랴ㅐㅓ미ㅏㄴ어리ㅏㅓ미ㅏㄴ어리ㅏㅓㅁㄴ이ㅓ리ㅏ머니ㅏㅇ러추ㅡㅍ,ㅡㅜㅋ테ㅣㅐㅏㄴ쟈",5,1
hote********,2018-06-04T06:32:54.000+00:00,상품선택: 러닝벨트 / 색상: 블랙 / 사이즈: S,암밴드할때보다 달릴 때 무척 편해요!,5,1
anke******,2018-05-14T05:49:35.000+00:00,상품선택: 러닝벨트 / 색상: 블랙 / 사이즈: S,러닝할때 러닝할때 손이 자유로워지고싶어서 샀어요옷 주머니에 넣고 뛰자니 무겁고 빠질까봐 겁나고 그랬는데런닝벨트가 있으니까 빠질걱정도없고몸에 고정되니까 넘 편하네요~,5,1
love*******,2018-06-08T04:48:23.000+00:00,상품선택: 러닝벨트 / 색상: 블랙 / 사이즈: S,배송빨라요,3,1
yjs3***,2018-06-07T09:40:25.000+00:00,상품선택: 러닝벨트 / 색상: 블랙 / 사이즈: L,잘받았습니다,5,1
ulsa*******,2018-07-04T00:44:37.000+00:00,상품선택: 러닝벨트 / 색상: 블랙 / 사이즈: M,123123,5,1
kmh3***,2018-06-02T12:58:09.000+00:00,상품선택: 러닝벨트 / 색상: 블랙 / 사이즈: L,짱짱하니 너무 좋아요,5,1
stjd*****,2018-06-05T11:53:23.000+00:00,상품선택: 러닝벨트 / 색상: 블랙 / 사이즈: S,가성비 짱입니다 진짜 !!!!ㅠㅠㅠ,5,1
jk****,2018-05-14T22:33:26.000+00:00,상품선택: 러닝벨트 / 색상: 블랙 / 사이즈: S,"엄청많이는 못넣구요 아이폰7앞에넣고
포켓파이 뒷쪽에 넣을수있고..옆구리에 폰넣으면 너무 각이 생기구..
옆구리에는 자동차키정도?

172/67키로 뱃살조금있는 남자인데 s 맞음",5,1
alsr*****,2018-05-15T21:35:29.000+00:00,상품선택: 러닝벨트 / 색상: 블랙 / 사이즈: S,"30인치 허리에 s가 맞는거 같아요!
폰넣고 차봤더니 딱 쫗네요 물론 꽉 끼는게 싫으신 분들이라면 m가시면 될거같구요.
암밴드보다 편합니다
",5,1
leej****,2018-05-24T01:27:01.000+00:00,상품선택: 러닝벨트 / 색상: 블랙 / 사이즈: M,좋아요. 빠른 배송 감사합니다,5,1
ri****,2018-05-13T14:14:46.000+00:00,상품선택: 러닝벨트 / 색상: 블랙 / 사이즈: S,잘받았어요 런닝할 때 착용하려고 샀는데 너무 잘 산 것 같아서 만족스러워요. 블루투스이어폰이랑 벨트랑 한몸이 되겠습니다.,5,1
im****,2018-07-03T13:55:16.000+00:00,상품선택: 러닝벨트 / 색상: 블랙 / 사이즈: S,ㅁㅇㄴㄻㅇㄴㄻㄴㅇㄹ,5,1
shin******,2018-05-10T06:57:57.000+00:00,상품선택: 러닝벨트 / 색상: 블랙 / 사이즈: M,밖에서 런닝할 때 음악을 듣는데 주머니에 넣는게 불편해서 구입했습니다. 폰을 넣고 등뒤에 돌린 다음 뛰면 약간 흔들리긴 하지만 거의 신경 안쓰일 정도입니다. 땀은 좀 묻어나오네요,5,1
gold******,2018-05-25T16:57:08.000+00:00,상품선택: 러닝벨트 / 색상: 블랙 / 사이즈: M,와우 맘에 들어요~ 잘 쓸께요!,5,2
gold******,2018-05-25T16:57:08.000+00:00,상품선택: 러닝벨트 / 색상: 블루 / 사이즈: M,와우 맘에 들어요~ 잘 쓸께요!,5,1
joke****,2018-04-25T03:28:12.000+00:00,상품선택: 러닝벨트 / 색상: 형광 / 사이즈: M,"남자친구가 좋아하네요 굉장히 마음에 듭니다 저도 착용해보고 뛰어봤는데 착용감도 좋네요
살짝 아쉬운것은 찍찍이나 지퍼가 있었으면 좋을껄 싶어요 해외여행 다닐때도 쓰면 좋겠다는 생각이 드는데 구멍이 다 열려 있어서 소매치기 당할것같아서 못쓰겠네용 ㅎㅎ
찍찍이나 지퍼 달린게 있다면 그것도 구매 하고싶어요
많이 파세요 ~",5,1
qndl******,2018-05-31T02:41:16.000+00:00,상품선택: 러닝벨트 / 색상: 블랙 / 사이즈: S,포장상태 제품 상태 모두 만족합니다!,5,1
w_wz****,2018-06-01T23:53:05.000+00:00,상품선택: 러닝벨트 / 색상: 블랙 / 사이즈: S,하의 27~28 입는데 s 사니까 잘 맞는거 같아요 ,5,1
guho***,2018-05-31T11:13:44.000+00:00,상품선택: 러닝벨트 / 색상: 형광 / 사이즈: L,잘왔어요 잘쓸게요,5,1
milk*******,2018-05-13T07:13:04.000+00:00,상품선택: 러닝벨트 / 색상: 블랙 / 사이즈: S,좋스비낟 배송도 바르고 상품도 좋고 탄력잇고 만족입니다 재구매의사 잇습니다 반창하시고 좋은물건많이파세오,5,1
p7****,2018-05-21T08:12:49.000+00:00,상품선택: 러닝벨트 / 색상: 블랙 / 사이즈: M,"빠른 배송 및 품질, 모두 만족합니다.
감사합니다.",5,1
gusd*****,2018-05-27T10:25:14.000+00:00,상품선택: 러닝벨트 / 색상: 블랙 / 사이즈: S,좋습니다. 좋아서 또 샀어요,5,1
hero****,2018-06-05T04:42:27.000+00:00,상품선택: 러닝벨트 / 색상: 형광 / 사이즈: L,진짜편하네요 ㅎㅎ,5,1
powe*******,2018-06-03T23:46:29.000+00:00,상품선택: 러닝벨트 / 색상: 블랙 / 사이즈: M,좋습니다욯,5,1
oerl******,2018-06-08T06:49:04.000+00:00,상품선택: 러닝벨트 / 색상: 블랙 / 사이즈: S,아... 배송,5,1
tkwk*****,2018-06-28T09:49:38.000+00:00,상품선택: 러닝벨트 / 색상: 블랙 / 사이즈: S,옹ㆍ응ㆍ슨ㄷㄱㄷ,5,1
ki****,2018-05-28T11:39:27.000+00:00,상품선택: 러닝벨트 / 색상: 블랙 / 사이즈: M,암밴드보다 훨씬 좋아요~,5,1
beli*******,2018-06-22T07:24:15.000+00:00,상품선택: 러닝벨트 / 색상: 블랙 / 사이즈: M,좋습니다 굿굿,5,1
duem****,2018-05-29T05:33:53.000+00:00,상품선택: 러닝벨트 / 색상: 블랙 / 사이즈: S,뛰어도 안 흔들리고 좋네요,5,1
good******,2018-05-30T02:11:59.000+00:00,상품선택: 러닝벨트 / 색상: 블랙 / 사이즈: L,만족합니다,5,1
bele***,2018-05-08T15:12:42.000+00:00,상품선택: 러닝벨트 / 색상: 블랙 / 사이즈: M,"괜찮아요 택배포장 상태 좋았구요
착용시 답답할 줄 알았는데 전혀 그렇지 않네요.
착용 후 상의 덮으면 별로 티 안나구요.",4,1
bana*******,2018-05-28T08:31:03.000+00:00,상품선택: 러닝벨트 / 색상: 블랙 / 사이즈: M,품질 괜찮습니다,5,1
diam******,2018-05-08T22:56:00.000+00:00,상품선택: 러닝벨트 / 색상: 블랙 / 사이즈: M,빠른배송 감사합니다. 사용해보니 엄청 편하네요 전 m구매했는데 늘어나는거 생각하면 s로 구매하는것도 괜찮을것 같네요,5,1
mach*****,2018-06-27T02:40:09.000+00:00,상품선택: 러닝벨트 / 색상: 블랙 / 사이즈: M,666444,5,1
temp********,2018-05-07T04:07:27.000+00:00,상품선택: 러닝벨트 / 색상: 블랙 / 사이즈: S,좋네요. 확실히 운동할때 양손이 자유롭다는 것이 얼마나 편한지 느끼게 되었습니다. 앞으로 구매하실 분들을 위해...저는 바지 30 입는데 S사이즈 사니까 잘맞습니다.,5,1
ki****,2018-05-28T11:39:27.000+00:00,상품선택: 러닝벨트 / 색상: 블랙 / 사이즈: S,암밴드보다 훨씬 좋네요,5,1
hs92****,2018-05-27T08:04:27.000+00:00,상품선택: 러닝벨트 / 색상: 블랙 / 사이즈: M,만족합니다,5,1
gstn*****,2018-06-01T10:00:31.000+00:00,상품선택: 러닝벨트 / 색상: 블랙 / 사이즈: M,완전 좋네요!!!,5,1
hsmi***,2018-05-05T10:00:00.000+00:00,상품선택: 러닝벨트 / 색상: 블랙 / 사이즈: S,"노트8 사용자인데 핸드폰 잘들어갑니다
혹시나 라이딩중이나 런닝중에 빠질까
걱정했는데 괜한 걱정이네요
잘 쓰겠습니다~~",5,1
robb****,2018-05-19T04:42:05.000+00:00,상품선택: 러닝벨트 / 색상: 블랙 / 사이즈: L,만족스러워요. 운동할 때 좋군요~,5,1
lk****,2018-06-25T00:14:52.000+00:00,상품선택: 러닝벨트 / 색상: 형광 / 사이즈: M,ㅇㄴㅁㄹㄷㄹㄴㅇ,3,1
hoho******,2018-05-21T14:56:02.000+00:00,상품선택: 러닝벨트 / 색상: 형광 / 사이즈: S,운동할때 편히 쓸수있어 좋아요~,5,1
ldm1***,2018-06-19T22:48:05.000+00:00,상품선택: 러닝벨트 / 색상: 블랙 / 사이즈: S,좋습니다.,5,2
ldm1***,2018-06-19T22:48:05.000+00:00,상품선택: 러닝벨트 / 색상: 블랙 / 사이즈: L,좋습니다.,5,1
duko****,2018-05-19T15:39:49.000+00:00,상품선택: 러닝벨트 / 색상: 블랙 / 사이즈: M,아직 뛰어보지 않았지만 착용감 좋아요,5,1
criz****,2018-05-19T05:48:00.000+00:00,상품선택: 러닝벨트 / 색상: 블랙 / 사이즈: L,아직 착용해보진 않았는데 가격 저렴하고 배송빨라서 좋음,5,1
band*****,2018-06-24T07:57:20.000+00:00,상품선택: 러닝벨트 / 색상: 블랙 / 사이즈: L,ㄷㅈㅇㄹㅈㄴㅇㄴ,5,1
y5****,2018-06-23T06:14:15.000+00:00,상품선택: 러닝벨트 / 색상: 블랙 / 사이즈: M,goo0d,5,1
dews***,2018-05-24T00:58:44.000+00:00,상품선택: 러닝벨트 / 색상: 블랙 / 사이즈: S,안써봤는데 괜찮을듯합니다.,5,1
hyo3***,2018-05-08T08:41:16.000+00:00,상품선택: 러닝벨트 / 색상: 형광 / 사이즈: M,아주 좋습니다. 플립벨트 진퉁사면 호갱입니다 만원대 치고 퀄좋고 쫀쫀합니다 ㅎㅎ,5,1
ryuk***,2018-05-16T05:29:52.000+00:00,상품선택: 러닝벨트 / 색상: 블랙 / 사이즈: M,좋아요 휴대폰들고달릴때고정잘되서좋습니다~~~!~!/:/:-%-'~:~;-%-:-:~:/:-'-'/:~:~~:,5,1
gusd*****,2018-05-16T15:03:27.000+00:00,상품선택: 러닝벨트 / 색상: 블랙 / 사이즈: M,굿 안흘러내리고 좋네요. v20도 들어갑니다,5,1
gusr*****,2018-05-13T08:40:03.000+00:00,상품선택: 러닝벨트 / 색상: 블랙 / 사이즈: M,좋아요 ㅋㅋ 아이폰8 플러스 쓰는데 빡빡하지만 들어가요.,5,1
goos********,2018-05-14T07:33:07.000+00:00,상품선택: 러닝벨트 / 색상: 블랙 / 사이즈: S,"만족해요
배 졸리지도않아요",5,1
ttl4***,2018-05-20T04:49:04.000+00:00,상품선택: 러닝벨트 / 색상: 블랙 / 사이즈: S,빠른배송  잘받았고 제품좋네요,5,1
limj*****,2018-05-22T02:43:35.000+00:00,상품선택: 러닝벨트 / 색상: 블랙 / 사이즈: M,만족합니다,5,1
onk0***,2018-05-28T23:28:49.000+00:00,상품선택: 러닝벨트 / 색상: 블랙 / 사이즈: S,만족합ㄴ디ㅏ아아아,5,1
wngk*****,2018-05-20T22:45:06.000+00:00,상품선택: 러닝벨트 / 색상: 블랙 / 사이즈: S,만족합니다,5,1
aa****,2018-05-05T08:18:29.000+00:00,상품선택: 러닝벨트 / 색상: 형광 / 사이즈: S,"마라톤 갤러리에서 벨트 추천하길래 찾아봤는데

여기가 나와서 구매 했습니다 

아주 스바라시하고 핸드폰의 출렁거림따위는 없습니다

스고이 합니다",5,1
wjdg******,2018-05-20T14:07:47.000+00:00,상품선택: 러닝벨트 / 색상: 블랙 / 사이즈: S,만족합니다,5,1
xi****,2018-05-18T06:43:37.000+00:00,상품선택: 러닝벨트 / 색상: 블랙 / 사이즈: S,"좋아유
처음에 냄새나는데 빨면 괜찮!!
",5,1
dili********,2018-05-18T07:41:48.000+00:00,상품선택: 러닝벨트 / 색상: 블랙 / 사이즈: M,나쁘지 않은 사용감입니다 ,5,1
ch****,2018-05-11T03:32:38.000+00:00,상품선택: 러닝벨트 / 색상: 블랙 / 사이즈: S,살이 좀 있는 편이라 M 사려다 후기보고 S로 구입했는데 잘 늘어나ㅓㅅ 딱이네여 잘 쓰겠습니다!,5,1
ilbe*****,2018-05-19T13:13:13.000+00:00,상품선택: 러닝벨트 / 색상: 블랙 / 사이즈: M,아주 좋아요!,5,2
ilbe*****,2018-05-19T13:13:13.000+00:00,상품선택: 러닝벨트 / 색상: 블루 / 사이즈: S,아주 좋아요!,5,1
ruds******,2018-05-20T00:37:26.000+00:00,상품선택: 러닝벨트 / 색상: 블랙 / 사이즈: L,감사합니다~~,5,1
kimy***,2018-05-04T14:25:12.000+00:00,상품선택: 러닝벨트 / 색상: 블랙 / 사이즈: M,괜찮고 사이즈도 좋네요 잘 쓰겠습니다~,5,1
ms****,2018-06-16T04:31:36.000+00:00,상품선택: 러닝벨트 / 색상: 블랙 / 사이즈: S,ㄱㅅㄱㅅㄱㅅ,5,1
ezin***,2018-04-09T05:52:46.000+00:00,상품선택: 러닝벨트 / 색상: 블랙 / 사이즈: M,조깅할 때 핸드폰 넣으려고 샀어요  과연 여기에 핸드폰이 들어갈까 싶었지만아이폰8 충분히 들어가네요 뛰다 빠져나오진 않을까 했는데 다행히 꽉 잘 잡아줍니다벨트처럼 낑구면 좋을 것 같은데 그렇진 않고 바지입듯이 쏘옥 하고 입으면 됩니다 까만색으로 사길 잘한거 같아요 운동복에 착용해도 티 안나고 좋네요,5,1
niko******,2018-05-14T05:11:18.000+00:00,상품선택: 러닝벨트 / 색상: 블루 / 사이즈: M,빠른배송 만족합니다,5,1
kwon****,2018-04-29T06:48:42.000+00:00,상품선택: 러닝벨트 / 색상: 블랙 / 사이즈: S,운동할때쓰려고 러닝할때 핸드폰넣고 블루투스이어폰끼면서 쓰려고샀는데 아주만족합니다 잘쓰겠습니다! 포인트로샀어요@!,5,1
khyo******,2018-05-16T18:27:31.000+00:00,상품선택: 러닝벨트 / 색상: 블랙 / 사이즈: M,배송빠르고 좋내양,5,1
chan***,2018-05-12T17:39:23.000+00:00,상품선택: 러닝벨트 / 색상: 블랙 / 사이즈: L,빠른 배송 감사드립니다,5,1
inth****,2018-05-14T05:38:49.000+00:00,상품선택: 러닝벨트 / 색상: 블랙 / 사이즈: M,굿구 야주 좋아요,5,1
an****,2018-05-16T00:08:08.000+00:00,상품선택: 러닝벨트 / 색상: 블랙 / 사이즈: M,매우 좋아요.,5,1
ckw5***,2018-05-14T01:28:37.000+00:00,상품선택: 러닝벨트 / 색상: 블랙 / 사이즈: M,만족만족 합니다~ 많이 파세요,5,1
anje***,2018-04-22T22:07:03.000+00:00,상품선택: 러닝벨트 / 색상: 블랙 / 사이즈: M,"블랙 강추 러닝 시작한지 얼마 안됬지만 
주변에서 플립벨트 있으면 뛸때 편하다고해서 바로 주문했어요 진짜 편하고 이쁘고 가격대비 여기제품 좋은것같어요 ㅎㅎㅎㅎ",5,1
rufl***,2018-05-14T07:22:49.000+00:00,상품선택: 러닝벨트 / 색상: 블랙 / 사이즈: M,허리 34 사이즈 M 시키니 딱 맞네요,5,1
anke******,2018-05-14T05:48:37.000+00:00,상품선택: 러닝벨트 / 색상: 블랙 / 사이즈: S,러닝할 때 쓰려고 구매,5,1
milk*******,2018-05-13T07:12:24.000+00:00,상품선택: 러닝벨트 / 색상: 블랙 / 사이즈: S,너무좋습니다,5,1
hyul***,2018-05-16T10:58:13.000+00:00,상품선택: 러닝벨트 / 색상: 블랙 / 사이즈: L,아주 좋네요ㅣ,5,1
year*******,2018-04-24T07:46:17.000+00:00,상품선택: 러닝벨트 / 색상: 블랙 / 사이즈: M,"휴대폰 이제 들고뛰지마세요 산책할때도 운동할때도
손에 주렁주렁 들일이 없으니까
두팔이 자유로와요
꼭 운동나갈때 아니어도 집안일할때도
벨트하고 휴대폰넣고해요ㅋㅋ",5,1
dl****,2018-04-20T08:18:42.000+00:00,상품선택: 러닝벨트 / 색상: 블랙 / 사이즈: S,"추천합니다 운동할때 핸드폰을 손에 쥐고 하니까
자꾸 땀이 차서 불편하더라구요
그래서 구매하게 됬는데
정말 편하게 조깅할 수 있어서 좋아요",4,1
hsmi***,2018-05-05T10:00:00.000+00:00,상품선택: 러닝벨트 / 색상: 블랙 / 사이즈: M,"M사이즈랑 S사이즈랑 같이구매했어요~
잘쓸게요~",5,1
inth****,2018-05-14T05:38:49.000+00:00,상품선택: 러닝벨트 / 색상: 블랙 / 사이즈: S,"굿굿 아주 좋아요
",5,1
guda******,2018-05-13T07:57:53.000+00:00,상품선택: 러닝벨트 / 색상: 형광 / 사이즈: M,짱짱하고 좋네요,5,1
la_g******,2018-04-19T01:56:04.000+00:00,상품선택: 러닝벨트 / 색상: 블랙 / 사이즈: S,좋아요 사이즈가 좀 끼는 것 같긴 한데 늘어나서 괜찮아요. 조깅할때 노래들으려고 샀는데 잘 쓸수 있을거 같아요.,4,1
kihu****,2018-05-11T22:29:20.000+00:00,상품선택: 러닝벨트 / 색상: 블랙 / 사이즈: L,만족합니다,5,1
pier*****,2018-05-11T01:08:40.000+00:00,상품선택: 러닝벨트 / 색상: 블랙 / 사이즈: S,쓸만하네요 잘받았습니다.,5,1
junz***,2018-06-03T13:14:24.000+00:00,상품선택: 러닝벨트 / 색상: 블랙 / 사이즈: L,만족만족만족만족만족      ,5,1
ri****,2018-05-13T14:14:08.000+00:00,상품선택: 러닝벨트 / 색상: 블랙 / 사이즈: S,잘받았어요,5,1
hans***,2018-05-07T04:03:19.000+00:00,상품선택: 러닝벨트 / 색상: 블랙 / 사이즈: S,가격도 좋음 굿굿 남자허리 29인데 s사이즈 굿,5,1
cl****,2018-04-12T01:26:19.000+00:00,상품선택: 러닝벨트 / 색상: 블랙 / 사이즈: M,"마이런 마라톤때 가방들고 가기 싫어서 구매했는데
만족 합니다. 아이폰X 도 충분히 들어가더군요.
사이즈는 평소 사이즈보다 한치수 작게 사는게 맞는거 같습니다.
만족하네요~",5,1
saop******,2018-05-11T13:31:15.000+00:00,상품선택: 러닝벨트 / 색상: 블랙 / 사이즈: M,M블랙 구입완료,5,1
llcr*******,2018-05-11T10:29:05.000+00:00,상품선택: 러닝벨트 / 색상: 블랙 / 사이즈: L,대박입니다!,5,1
tono****,2018-04-26T13:55:55.000+00:00,상품선택: 러닝벨트 / 색상: 블랙 / 사이즈: M,좋아요~ 짱짱하고. 잘샀네요^^ 감사합니다.,5,1
8907****,2018-04-17T06:52:57.000+00:00,상품선택: 러닝벨트 / 색상: 블랙 / 사이즈: S,플립벨트 검정 s사이즈 배송도 빠르게 오고 잘 받았습니다~ 아직 써보지는 않았는데 러닝할 때 편할 것 같아요~ 잘 쓸게요~!,5,1
writ******,2018-04-23T05:17:13.000+00:00,상품선택: 러닝벨트 / 색상: 블랙 / 사이즈: S,어제 이거 착용하고 마라톤했네요. 저한텐좀컸지만 만족해요,5,1
bele***,2018-05-08T15:11:16.000+00:00,상품선택: 러닝벨트 / 색상: 블랙 / 사이즈: M,잘 받았어요,5,1
dudd******,2018-04-17T15:12:32.000+00:00,상품선택: 러닝벨트 / 색상: 블랙 / 사이즈: S,"러닝할 때 쓰려고 샀어요!
아직 달려보진 않았는데 착용해보니 생각보다 안정감있고 좋아요",5,1
year*******,2018-04-24T07:43:31.000+00:00,상품선택: 러닝벨트 / 색상: 블랙 / 사이즈: M,"집앞 공원걷기할때 휴대폰 들고다니지 않으니까 좋네요 탁 끼우면되요
",5,1
dahy*****,2018-04-24T06:21:04.000+00:00,상품선택: 러닝벨트 / 색상: 블랙 / 사이즈: S,"러닝할때 필요해서 구매했는데, 개인적으로는 한사이즈 작은걸 구매하셔도 무방할듯 합니다. ",5,1
1qud***,2018-05-05T00:22:26.000+00:00,상품선택: 러닝벨트 / 색상: 블랙 / 사이즈: L,배송이 빠릅니다,5,2
syj7***,2018-04-18T05:27:56.000+00:00,상품선택: 러닝벨트 / 색상: 블랙 / 사이즈: S,생각보다 견고한지는 잘 모르겠어요. 뺏다꼈다 불편하네여 ,3,1
libe*******,2018-04-25T16:24:09.000+00:00,상품선택: 러닝벨트 / 색상: 블랙 / 사이즈: L,밴드타입이라 바지처럼 착용하는게 유일한 단점.. 둘레 조절안됨..,3,1
beam*****,2018-05-01T22:57:31.000+00:00,상품선택: 러닝벨트 / 색상: 블랙 / 사이즈: M,배송 빠르고 좋습니다,5,1
8907****,2018-04-17T06:51:41.000+00:00,상품선택: 러닝벨트 / 색상: 블랙 / 사이즈: S,배송 빠르게 잘 왔어요~ 아직 사용 전인데 러닝할때 편할 것 같아요ㅎㅎ 잘 쓸게요~,5,1
ehdg*****,2018-04-16T11:09:18.000+00:00,상품선택: 러닝벨트 / 색상: 블랙 / 사이즈: L,사이즈가 31-32여서 L로 샀는데 생각보단 타이트하지 못한건 조금 아쉽네요. 빠른배송은 좋습니다~,5,1
fhwl****,2018-05-05T04:45:54.000+00:00,상품선택: 러닝벨트 / 색상: 블랙 / 사이즈: M,안녕하세요. ,3,1
yuze******,2018-04-28T14:54:14.000+00:00,상품선택: 러닝벨트 / 색상: 블랙 / 사이즈: S,빠른 배송 만족합니다,5,1
kimc******,2018-05-02T05:29:25.000+00:00,상품선택: 러닝벨트 / 색상: 블랙 / 사이즈: S,만족 합니다.,5,1
nalr*****,2018-04-14T06:05:37.000+00:00,상품선택: 러닝벨트 / 색상: 블랙 / 사이즈: M,짱짱하고 기대이상으로 좋네요. 빠른배송도 감사합니다,5,1
alst****,2018-05-14T05:02:34.000+00:00,상품선택: 러닝벨트 / 색상: 블랙 / 사이즈: L,배송빠르고 무엇보다 좋음 ㅇㅎ너돼;ㅓ호ㅓㅈㅁ료섲ㄻ욧ㅍㅋㅅㄱㅂㅇㅅㄱㅁㅍㄹㄷㅇㅅㄱㅈㅍㅇㄷㄱㅈㅁㅋㅁㅈ숃ㄱㅎㅇㄽㅈㅍㄷㅇㅅ굦ㄷㅁㅍㅇㅌㅅ굦ㅁㅍ ㅌㄱㅇ쇼ㅕㄹㅁㅋ요ㅕㅠㅁㅈ룓쇼셪ㄷ,5,1
anje***,2018-04-22T22:05:51.000+00:00,상품선택: 러닝벨트 / 색상: 블랙 / 사이즈: M,"진짜 편하고 좋아요 ㅎㅎ????
많이파세요!!",5,1
tez7****,2018-04-30T02:46:33.000+00:00,상품선택: 러닝벨트 / 색상: 블랙 / 사이즈: M,만족합니다,5,1
iya1***,2018-05-24T12:10:33.000+00:00,상품선택: 러닝벨트 / 색상: 블랙 / 사이즈: L,편합니당.,5,1
gang*****,2018-04-01T07:19:20.000+00:00,상품선택: 러닝벨트 / 색상: 형광 / 사이즈: L,"제품, 배송 둘다 일단 매우만족스럽습니다^^
그리고 평소런닝할때 여름이면 이 핸드폰을 어디따가 둘때가없어서 문제였는데 매우만족합니다
핸드폰기종이 노트8인데 충분히들어가네요",5,1
hila******,2018-04-27T10:40:07.000+00:00,상품선택: 러닝벨트 / 색상: 블랙 / 사이즈: S,써보니좋네요,5,1
duen*****,2018-04-23T04:59:34.000+00:00,상품선택: 러닝벨트 / 색상: 블루 / 사이즈: S,러닝할때 필수품이죠 두손이 자유로워졌어요,5,1
kwon****,2018-04-28T11:47:29.000+00:00,상품선택: 러닝벨트 / 색상: 블랙 / 사이즈: S,만족합니다!,5,1
jhj6***,2018-05-01T21:51:20.000+00:00,상품선택: 러닝벨트 / 색상: 블랙 / 사이즈: M,좋아요ㅎㅎㅎ,5,2
leej*****,2018-04-28T05:20:15.000+00:00,상품선택: 러닝벨트 / 색상: 블랙 / 사이즈: L,좋아유좋아,5,1
joke****,2018-04-25T03:26:07.000+00:00,상품선택: 러닝벨트 / 색상: 형광 / 사이즈: M,만족합니다 ,5,1
alst****,2018-05-14T05:02:13.000+00:00,상품선택: 러닝벨트 / 색상: 블랙 / 사이즈: L,좋아용조아조아~,5,1
la_g******,2018-04-19T01:55:09.000+00:00,상품선택: 러닝벨트 / 색상: 블랙 / 사이즈: S,사이즈 잘 맞고 조깅할때 편할거 같아요,3,1
ssus****,2018-03-29T06:19:55.000+00:00,상품선택: 러닝벨트 / 색상: 블랙 / 사이즈: S,굿 우선 배송이 빨라서 좋아요!!그리고 저렴하게 잘 구입한거 같습니다. s샀는데 더 큰사이즈는 컷을것 같아요.감사합니다!!,4,1
yun7***,2018-04-22T00:41:58.000+00:00,상품선택: 러닝벨트 / 색상: 블랙 / 사이즈: M,만족합니다아~!,5,1
ryuk***,2018-05-16T05:29:17.000+00:00,상품선택: 러닝벨트 / 색상: 블랙 / 사이즈: M,좋습니다~!!,5,1
cati***,2018-04-22T23:10:57.000+00:00,상품선택: 러닝벨트 / 색상: 블랙 / 사이즈: M,매우좋아용,5,1
koki****,2018-04-16T03:08:33.000+00:00,상품선택: 러닝벨트 / 색상: 블랙 / 사이즈: L,빠른배송좋아요,3,1
ta****,2018-04-21T06:55:28.000+00:00,상품선택: 러닝벨트 / 색상: 블랙 / 사이즈: M,허리30 인데 M 맞네요.,5,1
grea***,2018-04-16T22:50:29.000+00:00,상품선택: 러닝벨트 / 색상: 블랙 / 사이즈: M,아주 좋아요,5,1
ezin***,2018-04-08T15:08:15.000+00:00,상품선택: 러닝벨트 / 색상: 블랙 / 사이즈: M,쫀쫀하니 좋아요 배송도 빨랐구요,5,1
koki****,2018-04-16T03:08:33.000+00:00,상품선택: 러닝벨트 / 색상: 블랙 / 사이즈: S,빠른배송좋아요!,3,1
jasj****,2018-03-16T07:57:09.000+00:00,상품선택: 러닝벨트 / 색상: 블루 / 사이즈: S,"좋네요~ 주문한줄 알았는데 알고보니 블루였네요., 색깔이 싼티안나고 예쁘네요. 때만 안타게 조심해야겠습니다.오늘 이거 끼고 뛸 생각에 설레네요. 잠깐 착용해봤는데 딱 잡아줘서 흔들리지 않더라구요.",5,1
yi****,2018-04-09T21:05:03.000+00:00,상품선택: 러닝벨트 / 색상: 블랙 / 사이즈: M,잘쓸께요 감사합니다,5,1
rlar********,2018-04-17T09:03:06.000+00:00,상품선택: 러닝벨트 / 색상: 블랙 / 사이즈: S,잘받았습니다,5,1
ke****,2018-04-12T13:28:37.000+00:00,상품선택: 러닝벨트 / 색상: 블랙 / 사이즈: M,"빠르게 잘받았습니다.

타이트하고 좋네요",5,1
dl****,2018-04-20T08:17:25.000+00:00,상품선택: 러닝벨트 / 색상: 블랙 / 사이즈: S,좋네요ㅎㅎ,5,1
didw******,2018-03-20T22:55:17.000+00:00,상품선택: 러닝벨트 / 색상: 블랙 / 사이즈: S,"편하고 좋습니다 배송도 빠르고 가격대비 벨트도 좋아요.
휴대폰 넣고 뛰고 해도 빠지지도 않고 확실히
편하게 운동 할 수 있어서 좋습니다/",5,1
dt****,2018-04-19T03:18:34.000+00:00,상품선택: 러닝벨트 / 색상: 블랙 / 사이즈: M,편해용^^,5,1
ghdt******,2018-04-13T08:56:04.000+00:00,상품선택: 러닝벨트 / 색상: 블랙 / 사이즈: S,써보겠습니다. 남자 175/70 S 샀습니다,5,1
didw******,2018-03-20T22:54:06.000+00:00,상품선택: 러닝벨트 / 색상: 블랙 / 사이즈: M,"가성비 최고 입니다. 배송도 빠르고 가격도 저렴해서 좋습니다!
운동 할 때 핸드폰 들고 뛸 때마다 불편했는데
확실히 빠지지도 않고 편하고 좋네요!",5,1
snak***,2018-04-09T09:42:26.000+00:00,상품선택: 러닝벨트 / 색상: 형광 / 사이즈: L,빠른배송감사합니다.,5,1
sim0****,2018-04-12T09:39:21.000+00:00,상품선택: 러닝벨트 / 색상: 블랙 / 사이즈: S,배송이 빨라요,5,1
rain*******,2018-03-16T15:07:49.000+00:00,상품선택: 러닝벨트 / 색상: 블랙 / 사이즈: M,생각보다 좋네요. 허리 32인치에 사이즈M 딱 맞습니다.허리에 두르기보다는 운동바지위에 벨트한다는 느낌으로 하니 딱맞네요.  갤럭시S7엣지 잘 들어가 고흔들거림 없이 잘 고정됩니다.,5,1
pink****,2018-04-30T05:40:33.000+00:00,상품선택: 러닝벨트 / 색상: 형광 / 사이즈: S,"조아조아요
",5,1
woom***,2018-04-08T22:02:16.000+00:00,상품선택: 러닝벨트 / 색상: 블랙 / 사이즈: S,좋아요 뛰면서 써봤어요!,5,1
soft******,2018-04-10T05:31:44.000+00:00,상품선택: 러닝벨트 / 색상: 블랙 / 사이즈: S,만족합니다~,5,2
soft******,2018-04-10T05:31:44.000+00:00,상품선택: 루프밴드4종세트 / 색상: FREE / 사이즈: FREE,만족합니다~,5,1
didw******,2018-03-20T22:52:14.000+00:00,상품선택: 러닝벨트 / 색상: 블랙 / 사이즈: M,"가격 저렴하고 배송도 빨라서 좋네요!
실제 착용 후 운동하니깐 편하고 좋아요! 추찬 합니다!",5,1
2j****,2018-04-07T08:38:16.000+00:00,상품선택: 러닝벨트 / 색상: 블랙 / 사이즈: M,잘받았습니다,5,1
gang*****,2018-04-01T07:13:11.000+00:00,상품선택: 러닝벨트 / 색상: 형광 / 사이즈: L,"상품, 배송 둘다아주만족합니다!!",5,1
calm*******,2018-03-19T17:26:53.000+00:00,상품선택: 러닝벨트 / 색상: 블랙 / 사이즈: M,배송 빠르네요! 남자분들은 완전 마른 체형 아니면 L사이즈 추천합니다.,5,1
chrc********,2018-04-05T13:05:00.000+00:00,상품선택: 러닝벨트 / 색상: 블랙 / 사이즈: S,좋아요 ㅋ,3,1
pete*******,2018-03-15T00:07:05.000+00:00,상품선택: 러닝벨트 / 색상: 형광 / 사이즈: S,"재질, 색감 모두 좋아요,
근데 사이즈가 조금 작은듯 
건강한 뚱뚱이들은 m부터 구매 하시길~~
좋은 제품 감사합니다.",5,1
ssus****,2018-03-29T06:18:48.000+00:00,상품선택: 러닝벨트 / 색상: 블랙 / 사이즈: S,배송빨라요,5,1
m_bl****,2018-03-20T03:00:05.000+00:00,상품선택: 러닝벨트 / 색상: 형광 / 사이즈: S,쫀쫀한 느낌이 굉장히 맘에들어용,5,1
didw******,2018-03-20T22:52:14.000+00:00,상품선택: 러닝벨트 / 색상: 블랙 / 사이즈: S,가성비 배송 만족합니다,5,1
dyda******,2018-03-22T12:57:22.000+00:00,상품선택: 러닝벨트 / 색상: 블랙 / 사이즈: M,매우만족합니다 ,5,2
peac****,2018-03-19T05:34:43.000+00:00,상품선택: 러닝벨트 / 색상: 블랙 / 사이즈: S,배송도 빠르고 상품도 좋아요,5,1
ehse*****,2018-03-10T11:07:41.000+00:00,상품선택: 러닝벨트 / 색상: 블랙 / 사이즈: S,러닝할딱 휴대폰 넣으려고 구매했는데 폰 잘들어가고 밴드도 짱짱합니다,5,1
son1***,2018-03-24T01:06:31.000+00:00,상품선택: 러닝벨트 / 색상: 블랙 / 사이즈: S,많이파세요,3,1
omje****,2018-03-19T20:44:36.000+00:00,상품선택: 러닝벨트 / 색상: 형광 / 사이즈: S,만족합니다,5,1
kmsm****,2018-02-20T09:57:06.000+00:00,상품선택: 러닝벨트 / 색상: 블랙 / 사이즈: S,좋아요 매우 만족합니다 ㅎㅎ 빠른배송 감사드립니다 무료배송에 가격도 저렴해서 좋네요 ^^ 재구매 의사 있습니다,5,1
soul****,2018-03-17T22:49:59.000+00:00,상품선택: 러닝벨트 / 색상: 블랙 / 사이즈: M,깔끔하고 좋아요,5,1
rain*******,2018-03-16T15:04:55.000+00:00,상품선택: 러닝벨트 / 색상: 블랙 / 사이즈: M,배송 빠르고 제품도 잘 왔습니다.,5,1
omje****,2018-03-19T20:44:36.000+00:00,상품선택: 러닝벨트 / 색상: 블랙 / 사이즈: S,만족하니다,5,1
from******,2018-03-07T04:49:34.000+00:00,상품선택: 러닝벨트 / 색상: 블랙 / 사이즈: S,좋아요좋아요 골반에걸쳐쓰면돼요,5,1
dyda******,2018-03-13T12:47:14.000+00:00,상품선택: 러닝벨트 / 색상: 블랙 / 사이즈: S,매우만족합니다 ,5,1
jasj****,2018-03-16T07:56:16.000+00:00,상품선택: 러닝벨트 / 색상: 블루 / 사이즈: S,잘받았습니다,5,1
myrl***,2018-03-14T09:05:02.000+00:00,상품선택: 러닝벨트 / 색상: 블랙 / 사이즈: S,짱짱하니 좋네요,5,1
jkso***,2018-03-12T09:21:55.000+00:00,상품선택: 러닝벨트 / 색상: 블랙 / 사이즈: M,가격대비 좋아요~!,5,1
hk99****,2018-03-11T01:24:12.000+00:00,상품선택: 러닝벨트 / 색상: 블랙 / 사이즈: L,착용감 좋아요.,5,1
bsst***,2018-03-12T04:54:43.000+00:00,상품선택: 러닝벨트 / 색상: 블랙 / 사이즈: S,먼족합니다,5,1
ddar****,2018-03-09T14:42:14.000+00:00,상품선택: 러닝벨트 / 색상: 블랙 / 사이즈: M,수고하세요,5,1
jjun*****,2018-02-25T14:20:46.000+00:00,상품선택: 러닝벨트 / 색상: 블랙 / 사이즈: S,내구성이 좋아보이네요 배송도 빨랐음 ㅣ,5,1
sjh0******,2018-03-05T03:26:33.000+00:00,상품선택: 러닝벨트 / 색상: 블랙 / 사이즈: M,별로괜찮음,3,1
qhdl****,2018-01-31T00:02:38.000+00:00,상품선택: 러닝벨트 / 색상: 블랙 / 사이즈: M,좋아요 배송도 빨리왔구 사이즈를 s랑m중에 고민했었는데 m사기 잘한듯 너무 편해요 제 몸에 딱 맞아요 넘 늘어나지도 않고 흘러내리지도 않고  잘 쓸게요~!! 많이 파세요,5,1
nice******,2018-02-24T01:00:03.000+00:00,상품선택: 러닝벨트 / 색상: 블랙 / 사이즈: S,32인치 입는데 S시켰는데도 좀 큰듯하네요,3,1
gone***,2018-02-28T03:37:15.000+00:00,상품선택: 러닝벨트 / 색상: 블랙 / 사이즈: S,잘받았습니다,5,1
64****,2018-02-26T22:52:31.000+00:00,상품선택: 러닝벨트 / 색상: 형광 / 사이즈: M,저렴하고 좋습니다,5,2
mill******,2018-02-23T02:39:05.000+00:00,상품선택: 러닝벨트 / 색상: 블랙 / 사이즈: S,빠른배송 감사합니다.,5,1
haeg*****,2018-02-27T10:06:41.000+00:00,상품선택: 러닝벨트 / 색상: 블루 / 사이즈: M,잘받았습니다. ,5,1
dyda******,2018-03-22T12:57:46.000+00:00,상품선택: 러닝벨트 / 색상: 블랙 / 사이즈: M,매우만족합니다  매우만족합니다 ㄱㄴㄷㅊㅅㅇㅍㄱㄴㅅㅈㄷㅅㄴㅁㅅㅂㅋㄴㅎㅈㄷㄴㅅㅁㅍㄱㄹㄷㅈㅎㄴㅁㅅㄴㅋㅂㅅㄴㄷㅈㅅㅁㄹㅂㄱㅅㅈㄷㅅ,5,1
lee7******,2018-02-22T08:18:20.000+00:00,상품선택: 러닝벨트 / 색상: 형광 / 사이즈: M,배송이 빠릅니다,5,1
kmsm****,2018-02-20T09:56:06.000+00:00,상품선택: 러닝벨트 / 색상: 블랙 / 사이즈: S,만족합니다,5,1
chem********,2018-02-17T08:48:51.000+00:00,상품선택: 러닝벨트 / 색상: 블랙 / 사이즈: L,걍 싼맛에 씁니다.,5,1
dyda******,2018-03-13T12:47:34.000+00:00,상품선택: 러닝벨트 / 색상: 블랙 / 사이즈: S,매우만족합니다  매우만족합니다 ㄱㄷㄴㅈㅂㅅㄴㄱㄷㅈㅂㅅㄱㄴㄷㅂㅈㅂㅅㄱㅌㅅㅈㄴㄷㅂㅅㅂㄴㄱㄷㅅㅈㄴㅅㅂㄷㄱㅈㅅㄴㅂㄷㄱㅈㅎㅂㄴㄱ,4,1
dong*******,2018-03-14T08:42:30.000+00:00,상품선택: 러닝벨트 / 색상: 형광 / 사이즈: L,ㅁㅂㄴㄴㅁㅈㄴㅇㅌ,5,1
hj****,2018-02-10T01:47:22.000+00:00,상품선택: 러닝벨트 / 색상: 블랙 / 사이즈: S,너무좋아요,5,1
skat****,2018-02-08T14:19:02.000+00:00,상품선택: 러닝벨트 / 색상: 블랙 / 사이즈: M,조아요 yoccoycoydcoy6ocrcyif6c9fc96fc69fc86rc96r9c6r9c6rc6r,5,1
skat****,2018-02-02T17:27:01.000+00:00,상품선택: 러닝벨트 / 색상: 블랙 / 사이즈: M,좋아요오오,5,2
myco******,2018-01-15T02:34:13.000+00:00,상품선택: 러닝벨트 / 색상: 블루 / 사이즈: S,사이즈가 넉넉해서 좋습니다. 지퍼형태가 아니라 열쇠나 신분증은 분실될까봐 걱정되긴하지만 편리할것 같습니다. ,5,1
suji****,2018-01-28T23:55:56.000+00:00,상품선택: 러닝벨트 / 색상: 블랙 / 사이즈: S,만족합니다.,5,1
mkuh****,2018-01-09T11:59:31.000+00:00,상품선택: 러닝벨트 / 색상: 블랙 / 사이즈: S,"좋습니다 야외 러닝시 사용하려 구매했습니다
핸드폰 차키 카드정도 넣고 사용중인데 흘러내림이나 말림 없이 잘 쓰고 있어요",5,1
nthg****,2018-01-14T10:26:42.000+00:00,상품선택: 러닝벨트 / 색상: 블루 / 사이즈: S,너무 좋네요. 잘 쓸게요.,5,2
nthg****,2018-01-14T10:26:42.000+00:00,상품선택: 루프밴드4종세트 / 색상: FREE / 사이즈: FREE,너무 좋네요. 잘 쓸게요.,5,1
imda***,2018-01-06T09:58:09.000+00:00,상품선택: 러닝벨트 / 색상: 블랙 / 사이즈: S,생각보다 말려올라가요 골반에 고정이 안되고 ,5,1
jj****,2018-01-19T13:48:46.000+00:00,상품선택: 러닝벨트 / 색상: 블랙 / 사이즈: M,쓸만합니다,5,1
ksan******,2018-01-15T07:33:58.000+00:00,상품선택: 러닝벨트 / 색상: 블랙 / 사이즈: M,잘 받앗습니다.,5,1
do****,2018-01-08T05:51:37.000+00:00,상품선택: 러닝벨트 / 색상: 블루 / 사이즈: M,나름 유용하네요,3,1
ki****,2017-11-22T06:08:36.000+00:00,상품선택: 러닝벨트 / 색상: 블랙 / 사이즈: S,"여행용으로 사용했어요. 여행가서 복대 대신 사용했어요.허리 25-26인치에 골반이 작은 체형인데 S 착용했을 때 흘러내리진 않았어요.다만, 걷다보면 자꾸 허리로 올라가서 불편했어요. 지퍼백에 신용카드와 돈 넣어서 보관하기 좋아요.여권은, 여권첩에서 빼고 틈새로 조심스럽게 밀어넣어야 들어가요.여권첩 넣은 상태로는 결코 넣지 못할 듯넣는 입구쪽 틈새 부분이 봉제된 상태가 아니라서벌리다가 찢어질까봐 조마조마했어요. 가성비로는 나쁘지 않다고 생각합니다.",4,1
dngj***,2017-12-06T10:33:06.000+00:00,상품선택: 러닝벨트 / 색상: 블랙 / 사이즈: S,와 이거 물건이네요 암밴드만 쓰다가 불편해서 이거 삿는데 완전 좋네요 덜렁거리는것도없이 꽉잡아주고 허리 32에 s삿더니 딱 잡아주고 좋네오,5,1
jang********,2017-12-22T09:00:44.000+00:00,상품선택: 러닝벨트 / 색상: 블랙 / 사이즈: S,빠른배송 감사합니다,5,1
ongm*******,2017-11-19T23:54:47.000+00:00,상품선택: 러닝벨트 / 색상: 블루 / 사이즈: S,"하늘색 하늘색으로 주문했구요, 마라톤할때 사용하려고 구매했어욥. 허리 얇은분은 뛰시다가 올라갈 순 있지만적당히 골반쪽에 고정하면 달리기할때 찬마람 배에 쏘이는것도 방지?! ㅋㅋ할 수 있고 일석 이조네욥. 많이 파세요! 성인여성,, 상체 살 많이 없으시면 가장 작은 사이즈적당해요",5,1
ke****,2017-11-30T04:21:29.000+00:00,상품선택: 러닝벨트 / 색상: 블랙 / 사이즈: S,"댓글보고 혹시나해서 사이즈 s 했는데 
허리 32한테는 무리뎃스...억지로 ...음
약하게나마 코르셋 .복대 느낌. ^^
잘 써볼게요.",3,1
maca***,2017-11-24T06:46:04.000+00:00,상품선택: 러닝벨트 / 색상: 블랙 / 사이즈: M,좋습니다요 40대안데요 엠자구입했습니다. 딱달라 붙는것이 좋구요 참고로 허리는 33인치 입니다. 실용적이고 여러모로 쓰기 편하네요,4,1
uou1***,2017-11-21T00:32:41.000+00:00,상품선택: 러닝벨트 / 색상: 블랙 / 사이즈: S,좋아요 운동할때 핸드폰 안 들고 뛰어도되서 좋아요~ 고정도 잘되구요 추운겨울에 운동할땐 특히 필수품인거같아요,5,1
abcd****,2017-11-13T12:01:33.000+00:00,상품선택: 러닝벨트 / 색상: 블랙 / 사이즈: S,"마라톤 필수품 급하게 마라톤대회를 나가기 위해 주문했습니다
암밴드보다는 확실히 좋고 핸드폰으로 알림소리를
들어 페이스 조절하는데 아주좋게 사용하였습니다~ 한치수 작게 주문하는거에 추천",5,1
wann*****,2017-11-07T08:57:38.000+00:00,상품선택: 러닝벨트 / 색상: 블랙 / 사이즈: S,저렴한 가격과 빠른배송 시중에 여러가지 제품이 있는데 가격대비 가장 무난해보여서 선택했습니다.  허리가 33~34정도 되는데 뛸때 흘러내릴까봐 작은사이즈 s를 골랐습니다. 착용할 때 조금 걸리긴 하는데 뛸때는 절대 안흘러내릴것 같네요 가격대비 만족하는 제품입니다,5,1
dngj***,2017-12-06T10:32:18.000+00:00,상품선택: 러닝벨트 / 색상: 블랙 / 사이즈: S,이거 물건이네요,5,1
hotm****,2017-11-24T10:58:50.000+00:00,상품선택: 러닝벨트 / 색상: 블랙 / 사이즈: S,"뛸때 선이 자유로워서 좋네요
덜렁이는 느낌도 없고 만족합니다",5,1
hotm****,2017-11-24T10:58:50.000+00:00,상품선택: 러닝벨트 / 색상: 블루 / 사이즈: S,덜렁이는 느낌없이 몸에 밀착이 되어 너무 좋네요,5,1
ongm*******,2017-11-19T23:35:06.000+00:00,상품선택: 러닝벨트 / 색상: 블루 / 사이즈: S,해어밴드처럼 착용하는데 qcy무선 이어폰하고 같이 잘 쓰고 있어욥,5,1
qj****,2017-11-22T01:21:59.000+00:00,상품선택: 러닝벨트 / 색상: 블랙 / 사이즈: S,배송빠르고 제품 만족합니다.,5,1
maca***,2017-11-24T06:43:17.000+00:00,상품선택: 러닝벨트 / 색상: 블랙 / 사이즈: M,그냥 좋아요,5,1
ss****,2017-11-14T09:21:22.000+00:00,상품선택: 러닝벨트 / 색상: 블랙 / 사이즈: S,운동할 때 주머니가 없어 불편했는데 딱입니다.허리 30사이즈 s했는데 좋아요,5,1
vi****,2017-11-05T02:41:02.000+00:00,상품선택: 러닝벨트 / 색상: 블랙 / 사이즈: M,"아직 쓰는 방법을 모르겠다. 우선 사두긴 했는데..
벨트형과 다르게 얼굴이나 다리로 올려서 착용해야함.",4,1
isis****,2017-10-31T03:46:53.000+00:00,상품선택: 러닝벨트 / 색상: 블랙 / 사이즈: S,운동할때 핸드폰 불편했는데 잘 시용하겠습니다 다만 골반에 차면 가끔 허리로 올라와요 그게 좀 그렇네요.. 나쁘진 인아요.. 한번 써보겨요들,4,1
dufl****,2017-10-17T10:39:05.000+00:00,상품선택: 러닝벨트 / 색상: 블랙 / 사이즈: L,맘에들어요!사이즈는 한치수 작게 사이즈는 한치수 작게주문하세요! 다른것이랑 디자인이나 그런게비슷해서 가격대비 가장 효율적입니다아주좋아요~ 맘에들어요~ 많이파세요,5,1
tgli******,2017-10-24T12:46:42.000+00:00,상품선택: 러닝벨트 / 색상: 형광 / 사이즈: S,"암밴드인줄 ㅋㅋ 착각은 자유 암밴드인줄알고 주문
ㅋ 허리벨트였네요 ㅎㅎ.
재질은 나쁘지않네요^^~
반품은 ㅜ택배비 무서워서. ! . .
그냥 쓰기로 허리벨트 착용은 ???.??
못할것같네요. .",3,1
abcd****,2017-11-13T11:58:27.000+00:00,상품선택: 러닝벨트 / 색상: 블랙 / 사이즈: S,사이즈는 한치수 작게,5,1
asy6***,2017-11-12T10:28:06.000+00:00,상품선택: 러닝벨트 / 색상: 블랙 / 사이즈: L,이건 좋아요,3,1
js01*****,2017-10-30T14:34:00.000+00:00,상품선택: 러닝벨트 / 색상: 블랙 / 사이즈: M,"춘마를 위해 춘마를 위해 구매했는데
아미노바이탈 세개 넣어도 괜찮았습니다~
한치수 직게 사는게 좋을꺼같아요",4,1
jako****,2017-11-06T00:12:18.000+00:00,상품선택: 러닝벨트 / 색상: 블랙 / 사이즈: S,런닝할때 편하게 뛰었어요 좋아요,5,1
lzon****,2017-10-30T01:11:06.000+00:00,상품선택: 러닝벨트 / 색상: 블랙 / 사이즈: L,"뛸 때 덜렁덜렁 안해서 좋구요
갤8+라서 사이즈 맞는 암밴드가 없는데 괜찮아요",5,1
dufl****,2017-10-17T10:37:59.000+00:00,상품선택: 러닝벨트 / 색상: 블랙 / 사이즈: L,제가 날씬해서그런가 라지가좀 커서 운동하고나면 허리위로올라가있네요 아쉬워요 한치수 작게 사시기발바니다,5,1
wann*****,2017-11-07T08:55:34.000+00:00,상품선택: 러닝벨트 / 색상: 블랙 / 사이즈: S,저렴하고 좋습니다,5,1
le****,2017-10-23T05:47:52.000+00:00,상품선택: 러닝벨트 / 색상: 블랙 / 사이즈: S,"아이폰도 잘 들어감  달리기 할 때 쓰려고 산건데 아직 써보진 못함 
늘어난다 해서 젤 작은 거 샀는데 배가 낑기면 어칼지 걱정됨 ㅜ",5,1
soli****,2017-11-03T17:05:03.000+00:00,상품선택: 러닝벨트 / 색상: 블랙 / 사이즈: M,매우 마음에 듭니다!!,5,1
ki****,2017-10-13T05:09:53.000+00:00,상품선택: 러닝벨트 / 색상: 블랙 / 사이즈: S,"여행 시 복대 대신 사용하려고 구매했어요.
복대보다 낫긴한데,
커버 씌운 여권을 넣으려니 입구가 찢어질 것 같아요.
그리고 골반에 걸려있지 않고 자꾸 허리로 올라오네요.
",5,1
ruab****,2017-11-03T06:12:58.000+00:00,상품선택: 러닝벨트 / 색상: 블랙 / 사이즈: S,"괜찮은거같아요
",5,1
yoon****,2017-11-05T17:25:43.000+00:00,상품선택: 러닝벨트 / 색상: 블랙 / 사이즈: M,아주좋아요~^^,5,1
vi****,2017-11-03T14:26:43.000+00:00,상품선택: 러닝벨트 / 색상: 블랙 / 사이즈: M,만족합니다.,5,1
min8****,2017-10-30T23:07:19.000+00:00,상품선택: 러닝벨트 / 색상: 블랙 / 사이즈: L,배송도 빠르고 좋은 것 같아요.,5,1
isis****,2017-10-31T03:45:51.000+00:00,상품선택: 러닝벨트 / 색상: 블랙 / 사이즈: S,정말 요기나게 쓸꺼 같아요!! ,5,1
js01*****,2017-10-30T14:32:18.000+00:00,상품선택: 러닝벨트 / 색상: 블랙 / 사이즈: M,빠른배송 잘받았습니다,5,1
lene***,2017-10-31T02:10:23.000+00:00,상품선택: 러닝벨트 / 색상: 블랙 / 사이즈: S,만족합니다~~~,5,1
sw****,2017-10-27T22:41:14.000+00:00,상품선택: 러닝벨트 / 색상: 블랙 / 사이즈: M,배송도 빠르고 저렴해요,5,1
uou1***,2017-10-24T00:25:51.000+00:00,상품선택: 러닝벨트 / 색상: 블랙 / 사이즈: S,운동할때 손에 아무것도 안 드니깐 편해욥,5,1
wowt*****,2017-10-31T04:40:41.000+00:00,상품선택: 러닝벨트 / 색상: 블랙 / 사이즈: M,정말 편하네요 ^^,5,1
wwss******,2017-10-28T14:44:32.000+00:00,상품선택: 러닝벨트 / 색상: 블랙 / 사이즈: S,정말 편합니다,5,1
lang*****,2017-10-26T02:05:57.000+00:00,상품선택: 러닝벨트 / 색상: 블랙 / 사이즈: M,그냥그래요,3,1
ioki***,2017-10-13T04:00:01.000+00:00,상품선택: 러닝벨트 / 색상: 블랙 / 사이즈: L,굳 초이스 아침 조깅시 핸드폰을 손에 들고 뛰는 것이 많이 불편했는데 이 제품으로 이것을 해소할 수 있게 되었어요.,4,1
clun*****,2017-10-22T02:47:13.000+00:00,상품선택: 러닝벨트 / 색상: 블랙 / 사이즈: M,휴대폰 보관하기 좋습니다,5,1
zm****,2017-10-29T09:22:22.000+00:00,상품선택: 러닝벨트 / 색상: 블랙 / 사이즈: S,빨리왓네요 ㅎ,5,1
ioki***,2017-10-13T03:43:23.000+00:00,상품선택: 러닝벨트 / 색상: 블랙 / 사이즈: L,저렴하게 샀어요. 런닝할 때 유용하게 쓸수 있어요.,5,1
skyn*****,2017-10-20T00:16:41.000+00:00,상품선택: 러닝벨트 / 색상: 형광 / 사이즈: M,배송3일걸렷네요 허리30에 M사이즈 딱 좋네요,3,1
msin***,2017-10-23T00:13:36.000+00:00,상품선택: 러닝벨트 / 색상: 블루 / 사이즈: S,배송도 빠르고 좋네요~,5,1
le****,2017-10-23T05:47:03.000+00:00,상품선택: 러닝벨트 / 색상: 블랙 / 사이즈: S,달리기 할 때 쓸거,5,1
park******,2017-10-21T10:42:24.000+00:00,상품선택: 러닝벨트 / 색상: 형광 / 사이즈: M,"잘사용할께요
",5,1
cora*******,2017-09-15T05:19:39.000+00:00,상품선택: 러닝벨트 / 색상: 블랙 / 사이즈: M,운동할 때 최고! 러닝을 많이 하는 편이라 암밴드로 핸드폰을 두고 노래 듣고 강의 들으면서 운동했지만많이 불편했는데러닝 벨트 두르고 핸드폰 거기에 두고 뛰니까 넘 좋네요.이어폰을 블루투스로 구입해서 쓰면 더 좋을거 같아요!빠른 배송 좋은 상품 감사합니다!,5,1
msin***,2017-10-17T05:02:31.000+00:00,상품선택: 러닝벨트 / 색상: 블랙 / 사이즈: S,운동할때 쓰는데 좋네요~,5,1
jaeh*****,2017-09-22T07:14:03.000+00:00,상품선택: 러닝벨트 / 색상: 블랙 / 사이즈: S,"좋아요 이번주 마라톤 나가려고 샀는데
착용해보니 괜찮은것 같습니다
뛰어봐야 더 잘알 수 있을꺼 같아요",5,1
kink****,2017-10-17T22:00:12.000+00:00,상품선택: 러닝벨트 / 색상: 형광 / 사이즈: M,잘 쓰고있어요~^^,5,1
ggg0***,2017-10-02T21:53:33.000+00:00,상품선택: 러닝벨트 / 색상: 블랙 / 사이즈: M,생각보다 달릴때 무게감도 없어서 너무너무 좋아요!,5,1
klng***,2017-09-13T05:27:23.000+00:00,상품선택: 러닝벨트 / 색상: 블랙 / 사이즈: M,완전 편합니다 운동할때 휴대폰이 늘상 불편했는데 정말 좋은 제품입니다. 부피도 작고 넣으면 넣는대로 딱 맞게 늘어나고 너무 좋습니다. 요고 하고 마라톤 열심히 뛰었습니다 ~~,5,1
sora****,2017-09-17T23:29:40.000+00:00,상품선택: 러닝벨트 / 색상: 블랙 / 사이즈: S,아직 1번써봤지만 짱짱하게 잘 잡아주는게 좋습니다 ! 지퍼나 이런게없어서 무게도 가볍고 뛸때 배를 잡아줘서 더 좋은 기분이네요,5,1
lymt***,2017-10-02T05:00:34.000+00:00,상품선택: 러닝벨트 / 색상: 블랙 / 사이즈: M,"생각보다 딱 맞아서 괜찮네요
",5,1
wirs***,2017-10-03T14:32:34.000+00:00,상품선택: 러닝벨트 / 색상: 블루 / 사이즈: S,만족합니다 ,5,1
l004*****,2017-09-09T05:23:19.000+00:00,상품선택: 러닝벨트 / 색상: 블랙 / 사이즈: S,"굿굿 손이 자유롭네요! 런닝하는데 딱입니다!
사이즈도 잘 맞고 생각보다 이것저것 많이들어가요
운동하는데 좋네요",5,1
gwen****,2017-10-03T11:38:18.000+00:00,상품선택: 러닝벨트 / 색상: 블랙 / 사이즈: M,잘 쓰고 있어요,5,1
jaen***,2017-09-06T23:00:56.000+00:00,상품선택: 러닝벨트 / 색상: 형광 / 사이즈: L,잘받았어요. 택배사가 전화도 안받고 오늘 새벽에 가져다 주었네요. 화딱지나서 운동하겠냐며! 제품은 좋아요. ,3,1
tgli******,2017-10-24T12:44:16.000+00:00,상품선택: 러닝벨트 / 색상: 형광 / 사이즈: S,그냥그냥. .ㅠ,3,1
ssba****,2017-09-26T00:14:35.000+00:00,상품선택: 러닝벨트 / 색상: 블랙 / 사이즈: S,운동할때 좋아요~ ,5,1
jaeh*****,2017-09-22T07:13:06.000+00:00,상품선택: 러닝벨트 / 색상: 블랙 / 사이즈: S,이번주에 사용 할 예정인데 편할꺼 같아요,5,1
0524*****,2017-09-16T06:36:55.000+00:00,상품선택: 러닝벨트 / 색상: 형광 / 사이즈: M,"잘 받았습니다
매우만족 열심히 운동할태 요긴하게 쓰겠습니다",5,1
sone*****,2017-09-06T12:37:51.000+00:00,상품선택: 러닝벨트 / 색상: 블랙 / 사이즈: L,추천합니다. 핸드폰에 블루투스 이어폰을 사용합니다. 핸드폰 주머니에서 출렁거리는게 너무 싫어서 샀는데 만족합니다.,5,1
alfk******,2017-09-17T13:01:11.000+00:00,상품선택: 러닝벨트 / 색상: 블랙 / 사이즈: M,좋아요ㅎㅎ 배송도 빨랐습니다,5,1
nico******,2017-09-01T08:15:13.000+00:00,상품선택: 러닝벨트 / 색상: 블랙 / 사이즈: M,강추!!! 조깅할떄 핸드폰이 항상 불편해서 구매했습니다.바지는 30사이즈 입는데 M구매했고 딱맞았습니다.운동할때 핸드폰이 정말 하나도 안흔들려서 잘쓰고 있습니다.추천!,5,1
kyl3****,2017-09-20T02:42:53.000+00:00,상품선택: 러닝벨트 / 색상: 블랙 / 사이즈: M,아주 좋아요,5,1
kyl3****,2017-09-20T02:42:53.000+00:00,상품선택: 러닝벨트 / 색상: 형광 / 사이즈: S,아주 좋아요,5,1
cora*******,2017-09-15T05:18:45.000+00:00,상품선택: 러닝벨트 / 색상: 블랙 / 사이즈: M,상품도 맘에 들고 배송도 빨라요!,5,1
kyl3****,2017-09-20T02:42:07.000+00:00,상품선택: 러닝벨트 / 색상: 블랙 / 사이즈: L,괜찮아영 ㅋㅋ,5,1
0524*****,2017-09-11T22:14:37.000+00:00,상품선택: 러닝벨트 / 색상: 형광 / 사이즈: M,운동할태 자전거탈때 짱 입니다,5,1
le****,2017-08-27T07:40:49.000+00:00,상품선택: 러닝벨트 / 색상: 형광 / 사이즈: M,동전과 핸펀 넣었다가 핸펀 뺄때 동전이 같이 빠져나오네요ㅋㅋ 어쨌든 가장 단순하고 슬림한 구조라서 마음에 들어요,5,1
sone*****,2017-09-06T12:37:18.000+00:00,상품선택: 러닝벨트 / 색상: 블랙 / 사이즈: L,정말 좋네요 핸드폰이 쏙들어가요,5,1
qscd****,2017-08-25T13:15:47.000+00:00,상품선택: 러닝벨트 / 색상: 블랙 / 사이즈: M,아직 사용해보진 않았지만 우선 쓰기전에 물빠짐 현상이 있을수 있다고 해서 손빨래 후 소금물에 좀 담궈 놨네요 하자는 없는 것 같습니다,5,1
neos****,2017-09-11T11:33:09.000+00:00,상품선택: 러닝벨트 / 색상: 블랙 / 사이즈: M,배송 빠르고 물건도 좋아요~,5,1
nike******,2017-09-12T08:31:01.000+00:00,상품선택: 러닝벨트 / 색상: 블랙 / 사이즈: M,배송도 빠르고 물건도 좋네효,5,1
shie****,2017-09-17T11:51:54.000+00:00,상품선택: 러닝벨트 / 색상: 블랙 / 사이즈: S,좋아요~~,5,1
chzh*****,2017-09-08T02:02:29.000+00:00,상품선택: 러닝벨트 / 색상: 블루 / 사이즈: M,"배송도 매우 빠르고, 상품도 만족스럽습니다",5,1
kong********,2017-09-19T00:42:42.000+00:00,상품선택: 러닝벨트 / 색상: 블랙 / 사이즈: M,좋네ㅛ요요,3,1
wjdr***,2017-09-07T08:28:09.000+00:00,상품선택: 러닝벨트 / 색상: 블랙 / 사이즈: M,좋습니다~!! 만족합니다~!!,5,1
jaen***,2017-09-06T23:00:56.000+00:00,상품선택: 러닝벨트 / 색상: 블랙 / 사이즈: S,"택배가 늦어서 짜증, 제품좋아요!",3,1
klng***,2017-09-13T05:25:55.000+00:00,상품선택: 러닝벨트 / 색상: 블랙 / 사이즈: M,완전 좋아요!!!,5,1
kong********,2017-09-19T01:15:21.000+00:00,상품선택: 러닝벨트 / 색상: 블랙 / 사이즈: M,좋습니다 굿이네요 ㅎ 감샇바니다뱢답작만ㅇ라캍차파ㅠㅁ넝런멓벚거ㅡㅋㅌㅊ픜ㅌ츰ㄴㅇ러ㅑㅂㅈ더걉ㅁㄴㅇ럄ㄴㅇㄹ,3,1
nico******,2017-09-01T08:14:20.000+00:00,상품선택: 러닝벨트 / 색상: 블랙 / 사이즈: M,운동할때 흔들리지도 않고 너무 좋아요,5,1
4568***,2017-08-13T11:24:25.000+00:00,상품선택: 러닝벨트 / 색상: 블랙 / 사이즈: M,"좋아요 생각 보다 좋네요
만족합니다
다만  제가ㅠ사이즈를 작게 구매를 했는지 좀 끼기는 하네요 하지만 만족하비늗",4,1
l004*****,2017-09-09T05:21:56.000+00:00,상품선택: 러닝벨트 / 색상: 블랙 / 사이즈: S,좋아요ㅎㅎㅎ,5,1
wons******,2017-08-25T06:56:54.000+00:00,상품선택: 러닝벨트 / 색상: 블랙 / 사이즈: M,잘 산 것 같습니다 암밴드보다 좋아요,5,1
frui****,2017-08-29T22:15:53.000+00:00,상품선택: 러닝벨트 / 색상: 블루 / 사이즈: S,편하게 사용할것같습니다.,5,1
kkm8***,2017-08-29T10:50:12.000+00:00,상품선택: 러닝벨트 / 색상: 블랙 / 사이즈: M,편하고 좋습니다,5,1
baba*****,2017-08-23T10:11:57.000+00:00,상품선택: 러닝벨트 / 색상: 블루 / 사이즈: S,운동할때활용성이좋네요,5,1
cys3***,2017-08-11T14:12:58.000+00:00,상품선택: 러닝벨트 / 색상: 블랙 / 사이즈: M,태국가서 쇼핑하다 발견 가격이 5만원  엄마 한국에서 엄청싸다고  바로 구매 참잘햇어요 ~~,5,1
ghos****,2017-08-23T00:15:28.000+00:00,상품선택: 러닝벨트 / 색상: 블랙 / 사이즈: S,배송도 빠르고 좋았습니다.,5,1
mast****,2017-08-19T02:05:25.000+00:00,상품선택: 러닝벨트 / 색상: 형광 / 사이즈: S,빠른배송 감사합니다,5,1
gm****,2017-09-18T01:11:49.000+00:00,상품선택: 러닝벨트 / 색상: 블랙 / 사이즈: L,"ㅈㅂㅅㅂㄷㄱㄷㅂㅅㅈㅂㄱㅌㄱㄷㄱ,",5,1
zs****,2017-08-18T03:32:53.000+00:00,상품선택: 러닝벨트 / 색상: 블랙 / 사이즈: S,좋아요오오,5,1
4568***,2017-08-13T11:23:44.000+00:00,상품선택: 러닝벨트 / 색상: 블랙 / 사이즈: M,좋습니다 좋아요,5,1
play***,2017-08-10T14:22:32.000+00:00,상품선택: 러닝벨트 / 색상: 블랙 / 사이즈: M,굿 기대 안하고 그냥 어떤가 궁금해서 사본건데 짱 좋네요 러닝 하시는분들 추천합니다 ㄱㄱㄱㄱㅎㅎ,5,1
name*****,2017-08-11T01:26:35.000+00:00,상품선택: 러닝벨트 / 색상: 블랙 / 사이즈: L,아주 만족스럽습니다,5,1
1rla******,2017-08-08T15:58:37.000+00:00,상품선택: 러닝벨트 / 색상: 블랙 / 사이즈: M,오늘 저녁에 이거차고 간지나게 뛰어볼게요 ㅋㅋ ,5,1
play***,2017-08-10T14:21:32.000+00:00,상품선택: 러닝벨트 / 색상: 블랙 / 사이즈: M,짱이보니다 ,5,1
di****,2017-08-10T10:58:45.000+00:00,상품선택: 러닝벨트 / 색상: 블랙 / 사이즈: L,좋아요ㅋㅋ,5,1
qscd****,2017-08-25T13:14:47.000+00:00,상품선택: 러닝벨트 / 색상: 블랙 / 사이즈: M,굿굿 좋습니다,5,1
jyb1****,2017-08-08T04:52:22.000+00:00,상품선택: 러닝벨트 / 색상: 블루 / 사이즈: M,좋습니다 ㅎㅎ,5,1
